Order ID,Customer Name,Product Name,Region,Sum of Sales,Sum of Profit
TU-2017-BB1545134-42947,Brenda Bowman,"Avery Hole Reinforcements, Clear",Western Asia,1.548,-1.962
TU-2016-HM4980134-42585,Henry MacAllister,"Novimex Round Labels, Adjustable",Western Asia,1.668,-1.362
TU-2015-DJ3630134-42065,Doug Jacobs,"Avery Hole Reinforcements, Recycled",Western Asia,1.908,-0.822
KZ-2017-AH12068-43079,Adrian Hane,"Cardinal Hole Reinforcements, Durable",Central Asia,2.052,-3.378
KZ-2017-BD132068-43095,Bill Donatelli,"Smead Round Labels, Laser Printer Compatible",Central Asia,2.07,-2.37
TU-2017-Co2640134-42738,Corey-Lock,"Ibico Hole Reinforcements, Clear",Western Asia,2.58,-1.38
TU-2014-PF9165134-41804,Philip Fox,"Harbour Creations File Folder Labels, Adjustable",Western Asia,2.652,-3.648
TU-2014-JM6195134-41676,Justin MacKendrick,"Smead Round Labels, Alphabetical",Western Asia,2.688,-2.352
TU-2015-RM9750134-42064,Roland Murray,"Acco Hole Reinforcements, Recycled",Western Asia,2.808,-0.702
TU-2017-JE5745134-42906,Joel Eaton,"Acco Hole Reinforcements, Recycled",Western Asia,2.808,-0.702
TU-2017-JJ5445134-43081,Jennifer Jackson,"Avery File Folder Labels, Adjustable",Western Asia,2.808,-1.692
TI-2014-CR2730128-41834,Craig Reiter,"Hon Removable Labels, Laser Printer Compatible",Central Asia,3.024,-3.846
TU-2014-TB11625134-41811,Trudy Brown,"Avery Index Tab, Economy",Western Asia,3.132,-1.488
TU-2015-DP3000134-42264,Darren Powers,"Cameo Clasp Envelope, Recycled",Western Asia,3.324,-4.326
TU-2015-BS1755134-42282,Bruce Stewart,"Novimex Round Labels, Adjustable",Western Asia,3.336,-2.724
TU-2016-JM6195134-42390,Justin MacKendrick,"Ibico Index Tab, Clear",Western Asia,3.348,-1.932
TU-2016-JS5595134-42420,Jill Stevenson,"Ibico Hole Reinforcements, Durable",Western Asia,3.396,-2.724
TU-2016-HL5040134-42589,Hunter Lopez,"Hon File Folder Labels, Laser Printer Compatible",Western Asia,3.456,-4.164
KZ-2015-JD601568-42253,Joy Daniels,"Smead Shipping Labels, Laser Printer Compatible",Central Asia,3.483,-7.317
TU-2016-PJ9015134-42640,Pauline Johnson,"Avery Hole Reinforcements, Economy",Western Asia,3.528,-5.292
TU-2017-JE5475134-43044,Jeremy Ellison,"Smead Legal Exhibit Labels, Adjustable",Western Asia,3.6,-4.14
TU-2014-ML8040134-41692,Michelle Lonsdale,"Hon Shipping Labels, Adjustable",Western Asia,3.708,-2.322
TX-2015-RW9690135-42279,Robert Waldorf,"Xerox Parchment Paper, Recycled",Central Asia,3.951,-3.309
TU-2017-TB11520134-43082,Tracy Blumstein,"Stanley Pens, Blue",Western Asia,4.02,-1.11
TU-2016-KF6285134-42728,Karen Ferguson,"Eldon Box, Blue",Western Asia,4.104,-3.516
TU-2016-GM4455134-42661,Gary Mitchum,"Eldon Box, Single Width",Western Asia,4.116,-3.204
TU-2017-JG5805134-42967,John Grady,"Stockwell Staples, Metal",Western Asia,4.212,-3.498
TU-2016-RR9525134-42609,Rick Reed,"Hon Removable Labels, Adjustable",Western Asia,4.26,-5.88
TU-2016-NC8340134-42549,Nat Carroll,"Cardinal Hole Reinforcements, Economy",Western Asia,4.272,-2.088
TU-2016-KN6705134-42528,Kristina Nunn,"Smead Removable Labels, Adjustable",Western Asia,4.356,-2.304
TU-2016-TB11355134-42648,Todd Boyes,"Accos Staples, Bulk Pack",Western Asia,4.38,-4.38
TU-2015-LH7020134-42054,Lisa Hazard,"Stockwell Thumb Tacks, Assorted Sizes",Western Asia,4.392,-2.748
IZ-2015-DK315061-42327,David Kendrick,"Avery Hole Reinforcements, Economy",Western Asia,4.41,0
KZ-2014-TW1102568-41860,Tamara Willingham,"Jiffy Business Envelopes, Recycled",Central Asia,4.428,-7.992
TU-2017-SJ10215134-42744,Sarah Jordon,"Accos Thumb Tacks, Assorted Sizes",Western Asia,4.452,-5.928
TU-2014-AA315134-41797,Alex Avila,"Smead Box, Industrial",Western Asia,4.5,-5.85
ID-2016-DK1298559-42584,Darren Koutras,"Jiffy Clasp Envelope, Set of 50",Southeastern Asia,4.5156,-1.0344
IZ-2015-CK276061-42177,Cyma Kinney,"Wilson Jones Hole Reinforcements, Economy",Western Asia,4.53,2.25
TU-2015-DK2835134-42111,Damala Kotsonis,"Harbour Creations Shipping Labels, Laser Printer Compatible",Western Asia,4.584,-2.766
IR-2016-SS1051560-42425,Shirley Schmidt,"Cardinal Hole Reinforcements, Clear",Southern Asia,4.8,2.19
TU-2017-SS10410134-42983,Shahid Shariari,"Cardinal Binder Covers, Economy",Western Asia,4.8,-6.72
TU-2016-TT11460134-42434,Tonja Turnell,"Binney & Smith Pens, Easy-Erase",Western Asia,4.884,-7.326
TU-2017-BK1260134-43052,Berenike Kampe,"Binney & Smith Pens, Easy-Erase",Western Asia,4.884,-7.326
KZ-2015-FG426068-42156,Frank Gastineau,"Smead Folders, Wire Frame",Central Asia,4.968,-10.602
TU-2016-JS5940134-42371,Joni Sundaresam,"Acco Binder Covers, Clear",Western Asia,5.112,-2.178
TU-2017-CS2460134-42898,Chuck Sachs,"Avery Binder, Recycled",Western Asia,5.304,-1.866
TU-2017-JO5145134-43095,Jack O'Briant,"Avery Binder, Recycled",Western Asia,5.304,-1.866
TU-2017-KF6285134-43068,Karen Ferguson,"Avery Binder, Recycled",Western Asia,5.304,-1.866
ID-2017-RR19315118-42889,Ralph Ritter,"Wilson Jones Binder Covers, Clear",Eastern Asia,5.325,-2.685
TU-2014-DP3000134-41872,Darren Powers,"Xerox Memo Slips, Recycled",Western Asia,5.376,-6.054
TU-2014-YS11880134-41868,Yana Sorensen,"Acco Binder Covers, Recycled",Western Asia,5.472,-4.128
TU-2015-CP2085134-42093,Cathy Prescott,"Acco Binder Covers, Recycled",Western Asia,5.472,-4.128
TU-2015-JB5925134-42309,Joni Blumstein,"Advantus Paper Clips, Assorted Sizes",Western Asia,5.58,-1.98
TU-2016-EN3780134-42513,Edward Nazzal,"Accos Push Pins, 12 Pack",Western Asia,5.58,-3.93
TU-2016-SD10485134-42502,Shirley Daniels,"Ibico Hole Reinforcements, Economy",Western Asia,5.592,-1.548
ID-2016-BP11290130-42692,Beth Paige,"Stockwell Thumb Tacks, Assorted Sizes",Southeastern Asia,5.6127,-2.7573
TU-2017-JH6180134-43073,Justin Hirsh,"Cardinal Binder, Recycled",Western Asia,5.676,-5.544
IZ-2016-JK564061-42588,Jim Kriz,"Cardinal Hole Reinforcements, Recycled",Western Asia,5.7,2.37
UZ-2017-RF9735142-42891,Roland Fjeld,"Cardinal Hole Reinforcements, Recycled",Central Asia,5.7,2.37
TU-2016-TS11655134-42688,Trudy Schmidt,"Avery Binder, Durable",Western Asia,5.76,-7.92
TU-2017-BK1260134-43042,Berenike Kampe,"OIC Paper Clips, Bulk Pack",Western Asia,5.772,-1.608
ID-2015-SO2033559-42125,Sean O'Donnell,"Novimex Shipping Labels, Laser Printer Compatible",Southeastern Asia,5.8194,-3.4206
TU-2014-MB8085134-41751,Mick Brown,"Jiffy Clasp Envelope, Recycled",Western Asia,5.856,-1.644
TU-2017-AW930134-43063,Arthur Wiediger,"Stanley Highlighters, Blue",Western Asia,5.88,-5.88
TU-2017-LC6960134-42909,Lindsay Castell,"Eaton Parchment Paper, Multicolor",Western Asia,5.952,-5.658
SA-2016-SM10950110-42619,Suzanne McNair,"Ames Clasp Envelope, Recycled",Western Asia,6,1.26
TU-2016-TC11145134-42386,Theresa Coyne,"Avery Round Labels, 5000 Label Set",Western Asia,6.024,-8.736
TX-2014-FO4305135-41971,Frank Olsen,"Acco Index Tab, Economy",Central Asia,6.048,-4.872
TU-2015-IM5070134-42321,Irene Maddox,"Avery Hole Reinforcements, Clear",Western Asia,6.192,-7.848
ID-2017-JL1517559-42931,James Lanier,"Stockwell Push Pins, Assorted Sizes",Southeastern Asia,6.2646,-5.4654
AE-2017-JD5790138-42801,John Dryer,"Hon Color Coded Labels, Adjustable",Western Asia,6.426,-11.574
TU-2016-TC11295134-42734,Toby Carlisle,"Acco Index Tab, Clear",Western Asia,6.432,-2.928
TU-2016-CS2250134-42402,Chris Selesnick,"Accos Rubber Bands, 12 Pack",Western Asia,6.444,-4.356
TU-2017-CD2790134-42969,Cynthia Delaney,"Stockwell Rubber Bands, Bulk Pack",Western Asia,6.456,-6.954
TU-2015-JD6060134-42164,Julia Dunbar,"Hon Removable Labels, Adjustable",Western Asia,6.528,-7.512
TU-2016-DK3150134-42550,David Kendrick,"Acco Hole Reinforcements, Durable",Western Asia,6.528,-2.172
IN-2015-LC1688527-42121,Lena Creighton,"Harbour Creations File Folder Labels, Adjustable",Eastern Asia,6.63,0.57
IN-2017-MS17710102-43007,Maurice Satty,"Avery Index Tab, Economy",Southeastern Asia,6.6555,0.5355
IZ-2016-CB202561-42594,Cassandra Brandow,"Harbour Creations Round Labels, Laser Printer Compatible",Western Asia,6.75,0.99
TU-2016-SC10095134-42428,Sanjit Chand,"Tenex Box, Industrial",Western Asia,6.792,-2.208
ID-2016-TB2152097-42722,Tracy Blumstein,"Wilson Jones Hole Reinforcements, Economy",Southern Asia,6.795,-1.035
TU-2017-MZ7335134-42850,Maria Zettner,"OIC Clamps, Assorted Sizes",Western Asia,6.888,-4.152
IN-2017-EJ13720118-43051,Ed Jacobs,"Elite Ruler, High Speed",Eastern Asia,6.9,-0.84
AE-2016-MY7380138-42735,Maribeth Yedwab,"Tenex Folders, Blue",Western Asia,6.966,-8.604
TX-2017-BT1440135-42784,Bobby Trafton,"Sanford Markers, Blue",Central Asia,6.975,-11.865
TU-2015-PF9225134-42068,Phillip Flathmann,"BIC Pens, Water Color",Western Asia,6.984,-3.336
TU-2016-NR8550134-42692,Nick Radford,"Smead Folders, Blue",Western Asia,6.996,-8.424
IZ-2017-DB306061-42877,Dave Brooks,"Acco Hole Reinforcements, Recycled",Western Asia,7.02,3.51
KZ-2016-NP832568-42638,Naresj Patel,"Kraft Peel and Seal, with clear poly window",Central Asia,7.209,-10.341
TU-2017-SV10785134-43071,Stewart Visinsky,"Hon File Folder Labels, 5000 Label Set",Western Asia,7.224,-1.836
IN-2017-AH1069027-42912,Anna Häberlin,"Cardinal Index Tab, Clear",Eastern Asia,7.26,1.29
SA-2017-BF1275110-42928,Beth Fritzler,"Cardinal Index Tab, Clear",Western Asia,7.26,2.52
ID-2015-JK15325130-42369,Jason Klamczynski,"Elite Ruler, High Speed",Southeastern Asia,7.314,-0.426
ID-2017-RP1927059-43093,Rachel Payne,"Stockwell Paper Clips, Assorted Sizes",Southeastern Asia,7.3617,-0.8583
TU-2017-DS3180134-43029,David Smith,"Smead File Folder Labels, 5000 Label Set",Western Asia,7.416,-2.604
KZ-2017-DR288068-43050,Dan Reichenbach,"Stanley Markers, Water Color",Central Asia,7.614,-9.396
AJ-2016-DC32859-42376,Debra Catini,"Cardinal Index Tab, Durable",Western Asia,7.62,3.42
ID-2014-NW1840059-41985,Natalie Webber,"Ames Clasp Envelope, Set of 50",Southeastern Asia,7.632,-0.588
ID-2015-SS20590102-42229,Sonia Sunley,"Advantus Paper Clips, Bulk Pack",Southeastern Asia,7.7385,-3.8115
IR-2014-BT153060-41732,Bradley Talbott,"Avery Index Tab, Economy",Southern Asia,7.83,3.21
KZ-2016-TS1150568-42724,Tony Sayre,"Hon File Folder Labels, Adjustable",Central Asia,7.848,-10.512
TU-2016-TB11175134-42724,Thomas Boland,"Fellowes Box, Blue",Western Asia,7.872,-8.688
KZ-2014-PR888068-41874,Patrick Ryan,"Fellowes Folders, Blue",Central Asia,7.92,-5.28
IN-2015-AS10225144-42206,Alan Schoenberger,"Cardinal Hole Reinforcements, Clear",Southeastern Asia,7.968,1.608
ID-2017-JC1534059-42956,Jasper Cacioppo,"Avery Round Labels, Adjustable",Southeastern Asia,8.0136,-6.3864
TU-2017-CM2715134-42739,Craig Molinari,"Eldon Box, Blue",Western Asia,8.208,-7.032
TU-2017-AG270134-43087,Alejandro Grove,"Advantus Staples, 12 Pack",Western Asia,8.232,-10.908
ID-2015-BF11215102-42198,Benjamin Farhat,"Stanley Highlighters, Easy-Erase",Southeastern Asia,8.2335,-5.5665
TU-2016-MJ7740134-42727,Max Jones,"Stanley Pens, Easy-Erase",Western Asia,8.256,-3.324
KZ-2017-LH715568-42842,Logan Haushalter,"Stockwell Push Pins, 12 Pack",Central Asia,8.28,-16.56
TU-2017-PB9105134-42826,Peter Bühler,"Ibico Index Tab, Economy",Western Asia,8.328,-5.472
TU-2017-SC10725134-43009,Steven Cartwright,"Ibico Index Tab, Economy",Western Asia,8.328,-5.472
ID-2015-AW1093058-42174,Arthur Wiediger,"Binney & Smith Highlighters, Easy-Erase",Southern Asia,8.43,-0.51
IR-2014-HW493560-41904,Helen Wasserman,"Harbour Creations File Folder Labels, Alphabetical",Southern Asia,8.55,1.11
IZ-2017-CM223561-42944,Chris McAfee,"Acco Index Tab, Clear",Western Asia,8.58,1.35
TU-2015-CR2730134-42327,Craig Reiter,"Eldon Box, Industrial",Western Asia,8.592,-4.968
TU-2016-SK9990134-42723,Sally Knutson,"Novimex Legal Exhibit Labels, 5000 Label Set",Western Asia,8.688,-10.212
IR-2015-TS1120560-42182,Thomas Seio,"Harbour Creations File Folder Labels, Laser Printer Compatible",Southern Asia,8.73,2.7
ID-2016-KB1640559-42587,Katrina Bavinger,"Avery Binder Covers, Clear",Southeastern Asia,8.7399,-0.0201
IR-2017-KB660060-42763,Ken Brennan,"Cardinal Index Tab, Economy",Southern Asia,8.76,4.02
TU-2017-KT6465134-42785,Kean Takahito,"Stockwell Thumb Tacks, Assorted Sizes",Western Asia,8.784,-5.496
IN-2016-SS2014027-42462,Saphhira Shifley,"Avery Hole Reinforcements, Economy",Eastern Asia,8.82,2.64
IR-2017-AR51060-42996,Andrew Roberts,"Avery Hole Reinforcements, Economy",Southern Asia,8.82,0
KZ-2017-DL292568-42918,Daniel Lacy,"Wilson Jones 3-Hole Punch, Durable",Central Asia,8.847,-14.463
ID-2016-DW13480130-42455,Dianna Wilson,"Enermax Parchment Paper, Multicolor",Southeastern Asia,8.904,-5.886
TU-2014-SM10320134-41817,Sean Miller,"Fiskars Ruler, Serrated",Western Asia,8.904,-5.136
TU-2016-SM10320134-42415,Sean Miller,"Deflect-O Stacking Tray, Erganomic",Western Asia,8.928,-12.522
IN-2017-KE1642059-42858,Katrina Edelman,"Smead Box, Single Width",Southeastern Asia,8.964,0.864
IR-2016-RB979560-42421,Ross Baird,"Kraft Clasp Envelope, Set of 50",Southern Asia,9,0
TU-2016-DM2955134-42427,Dario Medina,"Enermax Message Books, Premium",Western Asia,9,-12.6
IN-2015-PJ1901558-42303,Pauline Johnson,"Wilson Jones Hole Reinforcements, Economy",Southern Asia,9.06,3.84
KZ-2017-EB375068-42815,Edward Becker,"Boston Pencil Sharpener, Easy-Erase",Central Asia,9.063,-16.317
ID-2014-ME1801027-41680,Michelle Ellison,"Acme Ruler, Easy Grip",Eastern Asia,9.165,-7.725
TU-2016-AS135134-42379,Adrian Shami,"Wilson Jones Binder Covers, Recycled",Western Asia,9.24,-8.34
TU-2017-FH4275134-42966,Frank Hawley,"Smead Shipping Labels, Laser Printer Compatible",Western Asia,9.288,-12.312
TU-2014-LP7095134-41902,Liz Preis,"Tenex Folders, Single Width",Western Asia,9.3,-9.09
IN-2014-VM2183558-41978,Vivian Mathis,"Eldon Box, Wire Frame",Southern Asia,9.33,2.04
TU-2015-AT435134-42363,Alyssa Tate,"Ames Manila Envelope, Recycled",Western Asia,9.396,-5.184
ID-2016-GB1457597-42519,Giulietta Baptist,"Avery File Folder Labels, 5000 Label Set",Southern Asia,9.51,-8.61
IR-2017-JF541560-42969,Jennifer Ferguson,"Smead Shipping Labels, Adjustable",Southern Asia,9.51,0.66
IZ-2016-AC66061-42688,Anna Chung,"Cameo Clasp Envelope, Set of 50",Western Asia,9.51,0.75
TU-2016-EM4065134-42622,Erin Mull,"Cameo Clasp Envelope, Security-Tint",Western Asia,9.528,-8.592
ID-2016-CR1262559-42637,Corey Roper,"Smead Legal Exhibit Labels, Adjustable",Southeastern Asia,9.54,-0.72
TU-2015-HR4830134-42212,Harold Ryan,"Tenex Stacking Tray, Erganomic",Western Asia,9.54,-12.66
SA-2017-JO5280110-42940,Jas O'Carroll,"Smead Round Labels, Adjustable",Western Asia,9.6,2.88
TX-2017-LL6840135-43058,Lauren Leatherbury,"Eldon Folders, Wire Frame",Central Asia,9.63,-19.29
TU-2017-TP11130134-42808,Theone Pippenger,"Binney & Smith Markers, Blue",Western Asia,9.636,-9.894
IN-2017-SS20140102-42910,Saphhira Shifley,"Cardinal Hole Reinforcements, Recycled",Southeastern Asia,9.69,1.11
ID-2015-PW1924097-42243,Pierre Wener,"Enermax Parchment Paper, 8.5 x 11",Southern Asia,9.765,-4.515
IN-2017-JH1582027-42949,John Huston,"Wilson Jones Hole Reinforcements, Recycled",Eastern Asia,9.78,3.42
IR-2016-PF912060-42458,Peter Fuller,"Novimex Removable Labels, 5000 Label Set",Southern Asia,9.87,4.02
TU-2017-CC2100134-42955,Chad Cunningham,"Avery Binder, Clear",Western Asia,9.888,-12.372
ID-2017-KB1631559-42972,Karl Braun,"Ames Peel and Seal, Set of 50",Southeastern Asia,9.9057,-8.2443
TU-2017-LS6945134-42905,Linda Southworth,"Stanley Pencil Sharpener, Fluorescent",Western Asia,9.912,-6.948
IN-2015-PB19150130-42329,Philip Brown,"Harbour Creations Shipping Labels, Adjustable",Southeastern Asia,9.9216,0.3216
TU-2014-KC6540134-41930,Kelly Collister,"Novimex Round Labels, Laser Printer Compatible",Western Asia,10.032,-3.288
AJ-2016-GZ45459-42379,George Zrebassa,"Acco Index Tab, Economy",Western Asia,10.08,4.62
ID-2016-MC1727597-42373,Marc Crier,"Hon Removable Labels, Laser Printer Compatible",Southern Asia,10.08,-6.48
SA-2017-CL2700110-42909,Craig Leslie,"Acco Index Tab, Economy",Western Asia,10.08,4.62
TU-2017-IM5055134-42968,Ionia McGrath,"Binney & Smith Markers, Fluorescent",Western Asia,10.14,-8.37
IN-2014-DS1303058-41876,Darrin Sayre,"Novimex Removable Labels, Adjustable",Southern Asia,10.26,3.99
IN-2017-DK1309058-42806,Dave Kipp,"Kleencut Ruler, Serrated",Southern Asia,10.26,2.76
IR-2015-LC687060-42315,Lena Cacioppo,"Novimex Removable Labels, Adjustable",Southern Asia,10.26,1.02
IR-2017-AR57060-42910,Anemone Ratner,"Eldon Box, Blue",Southern Asia,10.26,2.64
SA-2017-RH9600110-42897,Rob Haberlin,"Eldon Box, Blue",Western Asia,10.26,2.64
ID-2014-KC1625597-41971,Karen Carlisle,"Eldon Box, Single Width",Southern Asia,10.29,-2.07
IN-2016-LT17110102-42689,Liz Thompson,"Harbour Creations Shipping Labels, Adjustable",Southeastern Asia,10.296,0.696
TU-2014-DL3495134-41818,Dionis Lloyd,"Smead Color Coded Labels, Alphabetical",Western Asia,10.296,-4.644
KG-2015-SH1039570-42297,Shahid Hopkins,"Smead Removable Labels, Laser Printer Compatible",Central Asia,10.32,3.18
TU-2016-LD7005134-42449,Lisa DeCherney,"Cameo Manila Envelope, Recycled",Western Asia,10.32,-4.41
ID-2015-BT1148559-42315,Brad Thomas,"Avery Shipping Labels, Adjustable",Southeastern Asia,10.335,-4.485
ID-2017-KB16405102-43081,Katrina Bavinger,"Accos Clamps, 12 Pack",Southeastern Asia,10.3455,-6.9645
IN-2017-NR18550102-43039,Nick Radford,"Novimex Round Labels, Laser Printer Compatible",Southeastern Asia,10.3455,0.3555
TU-2017-BB990134-42790,Barry Blumstein,"Stockwell Thumb Tacks, 12 Pack",Western Asia,10.368,-3.912
IZ-2016-AB1006061-42425,Adam Bellavance,"Ibico Index Tab, Economy",Western Asia,10.41,3.51
TU-2017-CM2445134-42752,Chuck Magee,"Stanley Pencil Sharpener, Easy-Erase",Western Asia,10.416,-6.774
IN-2017-DM1301559-43042,Darrin Martin,"Avery Index Tab, Clear",Southeastern Asia,10.5078,3.9078
TU-2017-CB2535134-42748,Claudia Bergmann,"Boston Markers, Blue",Western Asia,10.548,-5.022
TU-2017-AR345134-42959,Alex Russell,"Sanford Markers, Water Color",Western Asia,10.572,-13.488
TU-2017-BT1485134-43003,Brad Thomas,"Sanford Markers, Water Color",Western Asia,10.572,-13.488
SA-2016-BS1380110-42673,Bill Stewart,"Wilson Jones Binder Covers, Clear",Western Asia,10.65,2.64
TU-2016-RA9885134-42671,Ruben Ausman,"BIC Markers, Easy-Erase",Western Asia,10.68,-8.55
ID-2017-DP1339059-42967,Dennis Pardue,"Ibico Hole Reinforcements, Clear",Southeastern Asia,10.707,-0.813
IN-2016-JJ1576027-42578,Joel Jenkins,"Harbour Creations Removable Labels, Adjustable",Eastern Asia,10.74,3.75
IZ-2017-BD160561-42748,Brian Dahlen,"Eldon Box, Industrial",Western Asia,10.74,3.96
TU-2014-RD9720134-41774,Roger Demir,"Fellowes Folders, Industrial",Western Asia,10.752,-9.948
IN-2015-AS1028558-42084,Alejandro Savely,"Harbour Creations Color Coded Labels, Adjustable",Southern Asia,10.8,0.63
TU-2016-CM2235134-42489,Chris McAfee,"Sanford Pencil Sharpener, Easy-Erase",Western Asia,10.836,-2.724
TU-2017-KW6570134-42861,Kelly Williams,"Ames Manila Envelope, Security-Tint",Western Asia,10.836,-5.424
IR-2016-FH436560-42619,Fred Hopkins,"Accos Staples, Bulk Pack",Southern Asia,10.95,2.19
SA-2015-EH3945110-42358,Eric Hoffmann,"Stockwell Paper Clips, Assorted Sizes",Western Asia,10.95,4.26
TU-2016-PB8805134-42638,Patrick Bzostek,"Stockwell Push Pins, 12 Pack",Western Asia,11.04,-13.8
IN-2017-KC1654059-43058,Kelly Collister,"Acco Hole Reinforcements, Economy",Southeastern Asia,11.0556,2.6556
TU-2016-MK7905134-42716,Michael Kennedy,"Cardinal Binder, Economy",Western Asia,11.064,-6.396
TU-2014-JR6210134-41960,Justin Ritter,"BIC Markers, Fluorescent",Western Asia,11.076,-14.424
ID-2015-PG18820130-42125,Patrick Gardner,"Smead Removable Labels, 5000 Label Set",Southeastern Asia,11.13,-0.87
IN-2014-BW1120059-41883,Ben Wallace,"Cardinal Index Tab, Clear",Southeastern Asia,11.1552,3.7152
IN-2016-TB2117559-42598,Thomas Boland,"Cardinal Index Tab, Clear",Southeastern Asia,11.1552,3.7152
TU-2014-JK6090134-41867,Juliana Krohn,"Binney & Smith Pencil Sharpener, Easy-Erase",Western Asia,11.172,-13.698
TU-2016-HR4770134-42618,Hallie Redmond,"Fiskars Letter Opener, Easy Grip",Western Asia,11.172,-5.328
TU-2015-LW6825134-42184,Laurel Workman,"SanDisk Message Books, 8.5 x 11",Western Asia,11.184,-3.096
GG-2015-JM553547-42061,Jessica Myrick,"Wilson Jones Binder Covers, Economy",Western Asia,11.19,2.88
TU-2017-BO1350134-42772,Bill Overfelt,"Wilson Jones 3-Hole Punch, Economy",Western Asia,11.196,-7.584
TU-2015-MO7950134-42314,Michael Oakman,"Accos Paper Clips, Assorted Sizes",Western Asia,11.232,-15.168
ID-2017-NG18355102-42796,Nat Gilpin,"Stockwell Staples, 12 Pack",Southeastern Asia,11.253,-8.187
IN-2017-RD1981027-42868,Ross DeVincentis,"Harbour Creations Shipping Labels, Alphabetical",Eastern Asia,11.28,5.28
TU-2017-GG4650134-42997,Greg Guthrie,"Avery 3-Hole Punch, Recycled",Western Asia,11.292,-16.938
ID-2017-JS16030102-42748,Joy Smith,"Advantus Staples, 12 Pack",Southeastern Asia,11.319,-4.161
TU-2017-BN1515134-43073,Bradley Nguyen,"Cardinal Binder, Recycled",Western Asia,11.352,-11.088
TU-2017-FM4215134-42941,Filia McAdams,"Cardinal Binder, Recycled",Western Asia,11.352,-11.088
KZ-2017-OT873068-42858,Olvera Toch,"BIC Highlighters, Blue",Central Asia,11.358,-11.382
IN-2014-ST2053058-41788,Shui Tom,"Cardinal Hole Reinforcements, Recycled",Southern Asia,11.4,2.82
IN-2016-RA1991527-42513,Russell Applegate,"Stockwell Push Pins, Assorted Sizes",Eastern Asia,11.43,2.73
SA-2017-SW10245110-42862,Scot Wooten,"Avery Binder Covers, Recycled",Western Asia,11.43,4.11
ID-2015-PB18805130-42151,Patrick Bzostek,"Smead Box, Single Width",Southeastern Asia,11.448,-4.752
IZ-2017-JB604561-42882,Julia Barnett,"Cardinal Binder Covers, Clear",Western Asia,11.46,2.97
IN-2017-JK1562558-42903,Jim Karlsson,"Accos Paper Clips, Assorted Sizes",Southern Asia,11.49,3.33
SA-2016-AO810110-42668,Anthony O'Donnell,"OIC Thumb Tacks, Assorted Sizes",Western Asia,11.52,4.59
ID-2017-TT2107059-42902,Ted Trevino,"Ibico Hole Reinforcements, Economy",Southeastern Asia,11.6034,-0.7566
TU-2014-CP2085134-41854,Cathy Prescott,"BIC Pencil Sharpener, Blue",Western Asia,11.604,-5.526
ID-2017-CS1235559-43066,Christine Sundaresam,"Harbour Creations Legal Exhibit Labels, Laser Printer Compatible",Southeastern Asia,11.607,-3.993
IN-2015-MM1726058-42348,Magdelene Morse,"Avery Hole Reinforcements, Clear",Southern Asia,11.61,5.49
IN-2017-MS1798021-42779,Michael Stewart,"Avery Hole Reinforcements, Clear",Southeastern Asia,11.61,5.49
TU-2016-AC420134-42714,Alyssa Crouse,"BIC Pencil Sharpener, Easy-Erase",Western Asia,11.712,-16.128
SA-2017-TC10980110-43053,Tamara Chand,"Stockwell Push Pins, Assorted Sizes",Western Asia,11.82,3.9
ID-2015-WB21850130-42177,William Brown,"Avery Legal Exhibit Labels, Alphabetical",Southeastern Asia,11.8296,-7.8504
TU-2017-CC2220134-43079,Chris Cortes,"BIC Markers, Water Color",Western Asia,11.844,-7.416
IN-2017-JE1571556-43091,Joe Elijah,"Avery Shipping Labels, Laser Printer Compatible",Eastern Asia,11.85,5.55
IN-2014-PC18745144-41730,Pamela Coakley,"Harbour Creations Round Labels, 5000 Label Set",Southeastern Asia,11.8524,3.3924
IN-2014-MW1822059-41663,Mitch Webber,"Avery Hole Reinforcements, Recycled",Southeastern Asia,11.8773,4.2273
IN-2015-NS18640102-42145,Noel Staavos,"Smead Removable Labels, Adjustable",Southeastern Asia,11.979,1.059
ID-2014-XP21865130-41958,Xylona Preis,"Stanley Pens, Fluorescent",Southeastern Asia,11.9886,-6.6114
TU-2017-CR2820134-42860,Cyra Reiten,"Eldon Stacking Tray, Erganomic",Western Asia,12.048,-9.942
TU-2015-RS9870134-42044,Roy Skaria,"Binney & Smith Pens, Water Color",Western Asia,12.096,-7.284
TU-2017-BM1140134-43087,Becky Martin,"Ibico 3-Hole Punch, Economy",Western Asia,12.18,-3.06
TU-2015-RF9840134-42258,Roy Französisch,"Cardinal Index Tab, Durable",Western Asia,12.192,-4.608
ID-2014-NM18520102-41708,Neoma Murray,"Smead Legal Exhibit Labels, Laser Printer Compatible",Southeastern Asia,12.21,-0.45
ID-2014-JG15160102-41856,James Galang,"Avery Binder, Durable",Southeastern Asia,12.24,-1.17
IN-2014-DJ1363027-41942,Doug Jacobs,"Acco Hole Reinforcements, Clear",Eastern Asia,12.24,5.1
IR-2017-CL256560-43001,Clay Ludtke,"Novimex Color Coded Labels, Alphabetical",Southern Asia,12.24,4.02
TU-2017-BP1050134-42801,Barry Pond,"Cardinal Binder, Durable",Western Asia,12.264,-16.896
TU-2015-VM11685134-42236,Valerie Mitchum,"Rogers Folders, Single Width",Western Asia,12.288,-16.002
TU-2017-RD9930134-43072,Russell D'Ascenzo,"Ibico 3-Hole Punch, Recycled",Western Asia,12.324,-9.876
IR-2017-CS250560-42980,Cindy Stewart,"Avery Binder, Clear",Southern Asia,12.36,1.23
SA-2017-AS285110-43001,Alejandro Savely,"Sanford Pens, Fluorescent",Western Asia,12.36,3.45
TU-2017-JE5475134-43015,Jeremy Ellison,"Acco Binder, Recycled",Western Asia,12.408,-17.712
TU-2014-AR405134-41904,Allen Rosenblatt,"BIC Pens, Fluorescent",Western Asia,12.432,-8.448
TU-2017-PJ8835134-42864,Patrick Jones,"SanDisk Note Cards, Premium",Western Asia,12.492,-5.958
ID-2014-BD11605130-41649,Brian Dahlen,"Stockwell Staples, Assorted Sizes",Southeastern Asia,12.4974,-5.6826
IN-2016-DA1345058-42500,Dianna Arnett,"Avery Binder Covers, Durable",Southern Asia,12.57,0.24
ID-2016-CA1231059-42412,Christine Abelman,"SanDisk Message Books, Recycled",Southeastern Asia,12.5769,-4.0431
TU-2016-LS7230134-42478,Lycoris Saunders,"Sanford Highlighters, Blue",Western Asia,12.6,-15.48
TU-2016-PM8940134-42422,Paul MacIntyre,"Eldon Stacking Tray, Black",Western Asia,12.6,-15.12
ID-2017-SS2059059-42948,Sonia Sunley,"SanDisk Message Books, Premium",Southeastern Asia,12.6246,-11.1954
TU-2015-SS10875134-42161,Sung Shariari,"Acco 3-Hole Punch, Durable",Western Asia,12.648,-6.012
IN-2015-ES1402027-42156,Erica Smith,"Wilson Jones Binder Covers, Durable",Eastern Asia,12.69,4.92
ID-2015-CC1237058-42281,Christopher Conant,"Fellowes Folders, Wire Frame",Southern Asia,12.735,-11.745
IR-2015-GH441060-42127,Gary Hansen,"Novimex Color Coded Labels, 5000 Label Set",Southern Asia,12.81,3.57
IZ-2016-DJ351061-42682,Don Jones,"Hon Color Coded Labels, Laser Printer Compatible",Western Asia,12.81,4.47
IS-2017-HA490563-43057,Helen Abelman,"Avery Binder, Economy",Western Asia,12.9,5.01
IR-2017-SE1011060-43022,Sanjit Engle,"Stockwell Paper Clips, Metal",Southern Asia,12.93,0.36
IZ-2016-DM301561-42735,Darrin Martin,"Wilson Jones Binder, Economy",Western Asia,13.02,4.02
TU-2017-MH8115134-42881,Mick Hernandez,"Stockwell Clamps, Assorted Sizes",Western Asia,13.032,-8.148
TU-2017-AB10060134-42967,Adam Bellavance,"Enermax Note Cards, Multicolor",Western Asia,13.056,-12.744
IR-2017-EB384060-42841,Ellis Ballard,"Ibico Binder Covers, Clear",Southern Asia,13.11,0.9
IZ-2016-AR54061-42464,Andy Reiter,"Stockwell Thumb Tacks, Bulk Pack",Western Asia,13.14,3.27
YM-2017-MC7845145-43066,Michael Chen,"Rubbermaid Door Stop, Duo Pack",Western Asia,13.158,-27.642
TU-2016-AH690134-42500,Anna Häberlin,"Tenex Box, Blue",Western Asia,13.2,-11.58
IN-2017-EN1378059-43086,Edward Nazzal,"Cameo Clasp Envelope, Recycled",Southeastern Asia,13.2129,-6.7671
ID-2016-GM14440118-42632,Gary McGarr,"Eaton Computer Printout Paper, Recycled",Eastern Asia,13.23,-4.77
IR-2014-KB660060-41851,Ken Brennan,"Avery Binder, Recycled",Southern Asia,13.26,6.09
SY-2015-EB3975126-42233,Erica Bern,"Wilson Jones Binder, Recycled",Western Asia,13.38,5.07
TU-2015-LL6840134-42085,Lauren Leatherbury,"Ibico Index Tab, Clear",Western Asia,13.392,-7.728
ID-2017-EH1394597-42905,Eric Hoffmann,"Accos Paper Clips, Metal",Southern Asia,13.47,-11.07
IR-2014-NB865560-41858,Nona Balk,"Accos Paper Clips, Metal",Southern Asia,13.47,0.66
IN-2016-PW19240130-42610,Pierre Wener,"Harbour Creations Color Coded Labels, Alphabetical",Southeastern Asia,13.4832,-9.6768
ID-2016-DP13390118-42646,Dennis Pardue,"Xerox Memo Slips, Premium",Eastern Asia,13.53,-4.89
ID-2017-TP2113059-43098,Theone Pippenger,"Jiffy Clasp Envelope, Set of 50",Southeastern Asia,13.5468,-3.1032
TU-2015-ZD11925134-42071,Zuschuss Donatelli,"Cameo Business Envelopes, Security-Tint",Western Asia,13.56,-8.16
TU-2016-HK4890134-42464,Heather Kirkland,"Green Bar Computer Printout Paper, 8.5 x 11",Western Asia,13.56,-15.27
TU-2016-JG5310134-42560,Jason Gross,"Tenex Box, Industrial",Western Asia,13.584,-4.416
TU-2016-PK9075134-42419,Pete Kriz,"Tenex Box, Industrial",Western Asia,13.584,-4.416
ID-2015-FM1438059-42147,Fred McMath,"Smead Color Coded Labels, Alphabetical",Southeastern Asia,13.6422,-4.8978
GG-2017-PO919547-42842,Phillina Ober,"Acco Binder Covers, Recycled",Western Asia,13.68,4.08
IZ-2016-HJ487561-42716,Heather Jas,"Acco Binder Covers, Recycled",Western Asia,13.68,4.08
ID-2017-ES1402059-42903,Erica Smith,"Rubbermaid Light Bulb, Black",Southeastern Asia,13.7532,3.1932
IN-2014-MG1789058-41682,Michael Granlund,"Cardinal Binder, Economy",Southern Asia,13.83,3.3
IN-2016-MC1742527-42398,Mark Cousins,"Cardinal Binder, Economy",Eastern Asia,13.83,3.3
IN-2016-KD16345144-42499,Katherine Ducich,"Novimex Round Labels, Adjustable",Southeastern Asia,13.8444,0.8844
TU-2014-GB4530134-41894,George Bell,"Kleencut Box Cutter, High Speed",Western Asia,13.86,-20.79
TU-2015-FH4275134-42148,Frank Hawley,"Elite Box Cutter, High Speed",Western Asia,13.956,-6.984
ID-2016-JF15355118-42601,Jay Fein,"Wilson Jones Hole Reinforcements, Clear",Eastern Asia,13.965,-6.195
ID-2017-FC1433559-42953,Fred Chung,"Xerox Note Cards, Premium",Southeastern Asia,13.9761,-4.5039
ID-2015-TC2098078-42323,Tamara Chand,"Ibico Binder Covers, Recycled",Southeastern Asia,14.01,0.54
IS-2017-SM1032063-42944,Sean Miller,"Ibico Binder Covers, Recycled",Western Asia,14.01,5.16
IN-2015-CK1220527-42254,Chloris Kastensmidt,"Avery File Folder Labels, Adjustable",Eastern Asia,14.04,5.88
IN-2017-DW1358527-42879,Dorothy Wardle,"Advantus Rubber Bands, Assorted Sizes",Eastern Asia,14.04,5.88
IN-2017-TP2113058-43071,Theone Pippenger,"Acco Hole Reinforcements, Recycled",Southern Asia,14.04,0.24
ID-2016-LB1673559-42385,Larry Blacks,"Stockwell Paper Clips, Metal",Southeastern Asia,14.1192,-7.7808
IN-2017-EK1379527-42771,Eileen Kiefer,"OIC Thumb Tacks, Metal",Eastern Asia,14.19,0.99
SA-2014-BP1290110-41657,Beth Paige,"Cardinal Binder, Recycled",Western Asia,14.19,2.97
TU-2017-SJ10125134-42806,Sanjit Jacobs,"Fiskars Box Cutter, High Speed",Western Asia,14.208,-8.892
ID-2014-KE1642059-41957,Katrina Edelman,"Avery File Folder Labels, Alphabetical",Southeastern Asia,14.2146,-4.8654
IN-2017-DB1366059-43070,Duane Benoit,"Stockwell Push Pins, 12 Pack",Southeastern Asia,14.2146,0.7746
TX-2017-ES4020135-42756,Erica Smith,"Binney & Smith Sketch Pad, Fluorescent",Central Asia,14.274,-30.936
TU-2015-KL6555134-42009,Kelly Lampkin,"Smead Folders, Industrial",Western Asia,14.376,-13.344
IN-2017-DK1337566-42886,Dennis Kane,"Cardinal Hole Reinforcements, Clear",Eastern Asia,14.4,4.86
TU-2017-GT4755134-43057,Guy Thornton,"SanDisk Mouse, Erganomic",Western Asia,14.448,-14.472
ID-2014-SC2044059-41767,Shaun Chance,"Hon Round Labels, Adjustable",Southeastern Asia,14.5008,-3.6792
IS-2016-SD1048563-42694,Shirley Daniels,"Cardinal Index Tab, Clear",Western Asia,14.52,5.04
SA-2017-KH6360110-42849,Katherine Hughes,"OIC Rubber Bands, Assorted Sizes",Western Asia,14.52,4.62
IZ-2017-MS771061-42819,Maurice Satty,"BIC Pens, Easy-Erase",Western Asia,14.55,3.18
ID-2014-CM11815130-41929,Candace McMahon,"Eaton Memo Slips, Premium",Southeastern Asia,14.5644,-0.5556
TU-2015-JF5565134-42167,Jill Fjeld,"Kraft Mailers, Recycled",Western Asia,14.58,-9.48
ID-2017-TP2156559-42863,Tracy Poddar,"Stockwell Push Pins, 12 Pack",Southeastern Asia,14.628,-9.432
IR-2014-AH58560-41860,Angele Hood,"Accos Push Pins, Metal",Southern Asia,14.64,2.46
IR-2015-DW319560-42036,David Wiener,"Ames Business Envelopes, Security-Tint",Southern Asia,14.64,4.95
IZ-2015-MK816061-42259,Mike Kennedy,"Accos Push Pins, Metal",Western Asia,14.64,2.46
IZ-2016-GM469561-42655,Greg Maxwell,"Accos Push Pins, Metal",Western Asia,14.64,2.46
ID-2014-PG1889559-41733,Paul Gonzalez,"Smead File Folder Labels, 5000 Label Set",Southeastern Asia,14.7393,-11.7207
IR-2016-CH207060-42633,Cathy Hwang,"Stiletto Ruler, High Speed",Southern Asia,14.88,1.92
TU-2014-VF11715134-41743,Vicky Freymann,"Acme Box Cutter, Steel",Western Asia,14.88,-9.3
IN-2016-SV20785144-42696,Stewart Visinsky,"Kraft Clasp Envelope, Set of 50",Southeastern Asia,14.94,-2.7
TU-2015-AB150134-42301,Aimee Bixby,"GlobeWeis Mailers, Recycled",Western Asia,14.94,-17.94
ID-2017-AJ1078059-42882,Anthony Jacobs,"Accos Paper Clips, Bulk Pack",Southeastern Asia,15.0096,-9.1104
ID-2016-DL12865102-42541,Dan Lawera,"Avery File Folder Labels, Laser Printer Compatible",Southeastern Asia,15.048,-1.152
IR-2016-AH1007560-42534,Adam Hart,"Cardinal Index Tab, Durable",Southern Asia,15.24,6.84
TU-2014-JM5250134-41663,Janet Martin,"OIC Clamps, 12 Pack",Western Asia,15.36,-3.84
ID-2016-KH16330130-42678,Katharine Harms,"OIC Paper Clips, Metal",Southeastern Asia,15.423,-11.397
IN-2015-AR1057058-42171,Anemone Ratner,"Avery Hole Reinforcements, Clear",Southern Asia,15.48,7.32
IN-2017-GZ1447058-42952,Gary Zandusky,"BIC Pens, Fluorescent",Southern Asia,15.54,4.5
SA-2017-AO810110-42975,Anthony O'Donnell,"Novimex Removable Labels, Adjustable",Western Asia,15.54,0
TX-2017-JE5610135-42906,Jim Epp,"Rubbermaid Photo Frame, Duo Pack",Central Asia,15.543,-17.637
UZ-2017-LW6990142-43086,Lindsay Williams,"Tenex Box, Wire Frame",Central Asia,15.57,7.14
KZ-2017-TB1105568-42776,Ted Butterfield,"Sanford Pencil Sharpener, Water Color",Central Asia,15.66,-22.98
ID-2015-JK1573078-42224,Joe Kamberova,"Cameo Business Envelopes, Recycled",Southeastern Asia,15.75,3.45
SA-2015-MT8070110-42296,Michelle Tran,"Ibico Binder, Recycled",Western Asia,15.84,1.26
SA-2016-JK5205110-42376,Jamie Kunitz,"Ibico Binder, Recycled",Western Asia,15.84,1.26
IR-2017-JE571560-42872,Joe Elijah,"Rubbermaid Light Bulb, Durable",Southern Asia,15.87,6.33
IN-2014-SE2011058-41979,Sanjit Engle,"Wilson Jones Index Tab, Durable",Southern Asia,15.9,2.82
IR-2017-JH618060-42927,Justin Hirsh,"Wilson Jones Index Tab, Durable",Southern Asia,15.9,0.3
IZ-2016-SC1002061-42693,Sam Craven,"Wilson Jones Index Tab, Durable",Western Asia,15.9,0.3
IN-2017-SR2074058-42764,Steven Roelle,"Tenex Light Bulb, Durable",Southern Asia,15.96,2.37
SA-2017-VT11700110-42899,Valerie Takahito,"Stanley Highlighters, Fluorescent",Western Asia,15.96,5.88
TU-2017-SC10050134-42947,Sample Company A,"Kraft Mailers, Security-Tint",Western Asia,16.02,-22.05
IS-2014-JE574563-41866,Joel Eaton,"Eldon Folders, Wire Frame",Western Asia,16.05,1.59
IZ-2015-CD192061-42011,Carlos Daly,"Eldon Folders, Wire Frame",Western Asia,16.05,1.59
IR-2014-JE547560-41802,Jeremy Ellison,"Acco Index Tab, Clear",Southern Asia,16.08,6.72
IZ-2017-SS1041061-43074,Shahid Shariari,"Acco Index Tab, Clear",Western Asia,16.08,6.72
SA-2017-BF1080110-42891,Bart Folk,"Acco Index Tab, Clear",Western Asia,16.08,6.72
IR-2016-RA928560-42616,Ralph Arnett,"Acme Ruler, Steel",Southern Asia,16.11,4.83
TX-2016-MF8250135-42507,Monica Federle,"Sanford Canvas, Water Color",Central Asia,16.11,-37.59
TU-2014-DH3075134-41851,Dave Hallsten,"Enermax Mouse, Bluetooth",Western Asia,16.116,-19.344
TU-2015-CH2070134-42226,Cathy Hwang,"Enermax Mouse, Bluetooth",Western Asia,16.116,-19.344
IR-2014-CM265560-41856,Corinna Mitchell,"GlobeWeis Business Envelopes, Recycled",Southern Asia,16.14,7.08
TU-2016-MJ7740134-42528,Max Jones,"Xerox Message Books, Recycled",Western Asia,16.224,-11.796
IN-2017-JH1618088-42897,Justin Hirsh,"Wilson Jones Hole Reinforcements, Recycled",Southeastern Asia,16.2348,3.5148
TU-2016-DR2940134-42711,Daniel Raglin,"Jiffy Mailers, with clear poly window",Western Asia,16.284,-4.086
TU-2017-TS11370134-43082,Todd Sumrall,"Tenex Door Stop, Durable",Western Asia,16.368,-19.242
TU-2016-MC7635134-42436,Matthew Clasen,"SanDisk Flash Drive, Programmable",Western Asia,16.416,-7.824
IN-2015-RB1933021-42104,Randy Bradley,"Harbour Creations Removable Labels, Adjustable",Southeastern Asia,16.5,2.64
IN-2017-TB2105566-42961,Ted Butterfield,"OIC Rubber Bands, 12 Pack",Eastern Asia,16.5,0.48
IZ-2015-SC1005061-42196,Sample Company A,"Tenex Box, Single Width",Western Asia,16.53,7.41
IN-2014-BM1157527-41711,Brendan Murry,"Cameo Clasp Envelope, Recycled",Eastern Asia,16.62,3.3
ID-2016-MP18175118-42707,Mike Pelletier,"Acco Binder, Durable",Eastern Asia,16.65,-7.71
KZ-2016-MS753068-42442,MaryBeth Skach,"Stiletto Letter Opener, High Speed",Central Asia,16.668,-29.472
ID-2016-JG15160118-42576,James Galang,"Green Bar Parchment Paper, Premium",Eastern Asia,16.68,-13.68
IR-2015-SW1075560-42243,Steven Ward,"Accos Rubber Bands, Bulk Pack",Southern Asia,16.68,8.16
SA-2016-MS7530110-42622,MaryBeth Skach,"Smead Removable Labels, Adjustable",Western Asia,16.8,0.12
TU-2016-DB3210134-42518,Dean Braden,"Belkin Flash Drive, USB",Western Asia,16.86,-11.4
YM-2015-EC4050145-42006,Erin Creighton,"Avery 3-Hole Punch, Recycled",Western Asia,16.938,-39.522
KG-2014-RM967570-41991,Robert Marley,"Cameo Business Envelopes, Security-Tint",Central Asia,16.95,6.09
IZ-2015-NZ856561-42224,Nick Zandusky,"Sanford Highlighters, Fluorescent",Western Asia,17.01,7.14
IN-2014-SC2072558-41848,Steven Cartwright,"Ames Business Envelopes, Recycled",Southern Asia,17.04,7.32
TU-2014-EB3750134-41936,Edward Becker,"Wilson Jones Binder Covers, Clear",Western Asia,17.04,-15
TU-2017-AT435134-42745,Alyssa Tate,"Stiletto Trimmer, High Speed",Western Asia,17.1,-16.26
ID-2016-BP1105097-42539,Barry Pond,"Smead Shipping Labels, Alphabetical",Southern Asia,17.145,-7.245
IN-2015-AW1084027-42174,Anthony Witt,"Cardinal Binder Covers, Clear",Eastern Asia,17.19,-2.07
IN-2016-NM1844566-42606,Nathan Mautz,"Boston Pens, Water Color",Eastern Asia,17.4,8.16
IN-2017-DF1313558-43021,David Flashing,"Smead File Folder Labels, Alphabetical",Southern Asia,17.4,1.38
SA-2017-AR825110-42980,Anthony Rawles,"Boston Pens, Water Color",Western Asia,17.4,1.56
ID-2017-DJ1363059-43035,Doug Jacobs,"Ibico Hole Reinforcements, Economy",Southeastern Asia,17.4051,-1.1349
IN-2014-HG1484527-41918,Harry Greene,"Rubbermaid Light Bulb, Erganomic",Eastern Asia,17.46,0.51
KG-2014-RO978070-41965,Rose O'Brian,"Smead Folders, Blue",Central Asia,17.49,2.07
IN-2014-SJ2021527-41941,Sarah Jordon,"Hon Legal Exhibit Labels, Adjustable",Eastern Asia,17.52,7.5
IR-2016-CS217560-42591,Charles Sheldon,"Cardinal Index Tab, Economy",Southern Asia,17.52,8.04
SA-2017-BT1485110-43001,Brad Thomas,"Hon Legal Exhibit Labels, Adjustable",Western Asia,17.52,2.76
SA-2017-ML8265110-43092,Muhammed Lee,"Smead Folders, Single Width",Western Asia,17.52,5.43
IZ-2016-TC1114561-42683,Theresa Coyne,"Eaton Parchment Paper, 8.5 x 11",Western Asia,17.61,3.51
KZ-2017-AF87068-43095,Art Ferguson,"Avery 3-Hole Punch, Durable",Central Asia,17.622,-20.598
ID-2014-JH1598559-41949,Joseph Holt,"Advantus Rubber Bands, Metal",Southeastern Asia,17.7126,-4.7274
ID-2017-DW13480102-42814,Dianna Wilson,"Ames Clasp Envelope, with clear poly window",Southeastern Asia,17.721,-13.869
ID-2014-AB10060113-41646,Adam Bellavance,"Novimex Shipping Labels, Adjustable",Southeastern Asia,17.76,5.46
TU-2017-SA10830134-43090,Sue Ann Reed,"Sanford Pens, Blue",Western Asia,17.76,-16.08
TU-2015-FM4215134-42225,Filia McAdams,"Stanley Sketch Pad, Blue",Western Asia,17.772,-12.018
TU-2015-MC7575134-42103,Matt Collins,"Accos Thumb Tacks, Assorted Sizes",Western Asia,17.808,-23.712
IZ-2015-BW111061-42317,Bart Watters,"Binney & Smith Highlighters, Fluorescent",Western Asia,17.85,1.41
IN-2015-GR1456066-42241,Georgia Rosenberg,"Acco Index Tab, Durable",Eastern Asia,17.88,4.08
TU-2014-JE5715134-41883,Joe Elijah,"Stanley Sketch Pad, Easy-Erase",Western Asia,17.88,-18.33
TU-2017-BP1185134-43095,Ben Peterman,"Stanley Sketch Pad, Easy-Erase",Western Asia,17.88,-18.33
TU-2017-JD6015134-43058,Joy Daniels,"Stanley Sketch Pad, Easy-Erase",Western Asia,17.88,-18.33
KZ-2015-HZ495068-42036,Henia Zydlo,"Ibico 3-Hole Punch, Clear",Central Asia,17.946,-17.994
IN-2015-LC1688527-42331,Lena Creighton,"Wilson Jones Hole Reinforcements, Durable",Eastern Asia,18.09,0.54
TU-2016-TZ11445134-42732,Tom Zandusky,"Memorex Numeric Keypad, Bluetooth",Western Asia,18.168,-10.002
ID-2015-DP13105118-42273,Dave Poirier,"Stockwell Clamps, 12 Pack",Eastern Asia,18.27,-0.03
ID-2016-CB1253527-42713,Claudia Bergmann,"Novimex Round Labels, Alphabetical",Eastern Asia,18.27,2.7
TU-2015-KH6630134-42014,Ken Heidel,"Kraft Peel and Seal, Security-Tint",Western Asia,18.312,-20.148
IZ-2016-AS28561-42703,Alejandro Savely,"Acme Ruler, Easy Grip",Western Asia,18.33,3.48
TU-2017-HP4815134-43037,Harold Pawlan,"Cardinal Binder Covers, Clear",Western Asia,18.336,-15.624
KZ-2015-GT463568-42268,Grant Thornton,"Enermax Parchment Paper, Recycled",Central Asia,18.36,-40.44
ID-2017-KF1628559-43052,Karen Ferguson,"Ames Mailers, Recycled",Southeastern Asia,18.3645,-7.2855
ID-2016-DJ1351059-42569,Don Jones,"Smead File Folder Labels, Alphabetical",Southeastern Asia,18.444,-13.596
IN-2016-HE1480059-42542,Harold Engle,"Tenex Stacking Tray, Black",Southeastern Asia,18.4617,0.7317
TU-2015-DK3150134-42178,David Kendrick,"Binney & Smith Sketch Pad, Blue",Western Asia,18.528,-15.762
TU-2017-FM4380134-43099,Fred McMath,"Binney & Smith Sketch Pad, Blue",Western Asia,18.528,-15.762
TU-2017-TB11520134-42994,Tracy Blumstein,"Logitech Numeric Keypad, Bluetooth",Western Asia,18.528,-20.862
IR-2017-EG390060-42903,Emily Grady,"Hon Shipping Labels, Adjustable",Southern Asia,18.54,6.48
JO-2017-JL517567-42973,James Lanier,"Smead File Folder Labels, 5000 Label Set",Western Asia,18.54,8.52
TU-2016-JA5970134-42680,Joseph Airdo,"Epson Calculator, Wireless",Western Asia,18.564,-4.656
ID-2017-EM1396059-42984,Eric Murdock,"OIC Staples, Assorted Sizes",Southeastern Asia,18.6348,-15.9252
IR-2014-AY55560-41879,Andy Yotov,"Eldon Box, Wire Frame",Southern Asia,18.66,5.94
SA-2017-NZ8565110-42780,Nick Zandusky,"Ames Peel and Seal, Set of 50",Western Asia,18.69,8.58
TU-2014-FC4245134-41943,Frank Carlisle,"Stanley Markers, Fluorescent",Western Asia,18.768,-12.252
TU-2016-EM3825134-42438,Elizabeth Moffitt,"Stanley Markers, Fluorescent",Western Asia,18.768,-12.252
ID-2016-JS15595102-42693,Jill Stevenson,"Enermax Memo Slips, Multicolor",Southeastern Asia,18.777,-3.783
TU-2017-SB10290134-42896,Sean Braxton,"SAFCO Bag Chairs, Black",Western Asia,18.804,-20.226
TU-2015-MV7485134-42280,Mark Van Huff,"Eldon Trays, Wire Frame",Western Asia,18.816,-9.894
TU-2017-AG675134-42830,Anna Gayman,"Enermax Cards & Envelopes, Premium",Western Asia,18.84,-14.61
MG-2016-JF535584-42466,Jay Fein,"Boston Highlighters, Blue",Eastern Asia,18.87,4.71
TU-2017-CS2355134-42832,Christine Sundaresam,"Deflect-O Clock, Durable",Western Asia,18.936,-13.284
TU-2014-LB6795134-41764,Laurel Beltran,"Green Bar Message Books, Recycled",Western Asia,18.96,-11.4
TU-2014-TP11565134-41974,Tracy Poddar,"Hon Bag Chairs, Set of Two",Western Asia,18.96,-22.77
UZ-2014-RS9420142-41923,Ricardo Sperren,"Kleencut Scissors, Serrated",Central Asia,18.99,1.5
TU-2015-NL8310134-42319,Nancy Lomonaco,"Eldon Shelving, Wire Frame",Western Asia,18.996,-24.714
TU-2017-TS11610134-42925,Troy Staebel,"Wilson Jones Index Tab, Durable",Western Asia,19.08,-27.72
TU-2016-MG7890134-42727,Michael Granlund,"Logitech Numeric Keypad, Programmable",Western Asia,19.128,-22.482
IR-2016-CM183060-42598,Cari MacIntyre,"Boston Highlighters, Easy-Erase",Southern Asia,19.14,4.2
ID-2016-BD1160559-42626,Brian Dahlen,"Green Bar Parchment Paper, Multicolor",Southeastern Asia,19.1754,-5.4846
JO-2017-RB933067-42961,Randy Bradley,"Ames Clasp Envelope, Security-Tint",Western Asia,19.2,0.36
TU-2016-TR11325134-42406,Toby Ritter,"Eldon Trays, Single Width",Western Asia,19.2,-12.96
TU-2017-AB165134-43084,Alan Barnes,"Kraft Peel and Seal, with clear poly window",Western Asia,19.224,-15.876
IN-2017-EP1391527-42878,Emily Phan,"Elite Scissors, Serrated",Eastern Asia,19.23,8.07
KG-2016-AA64570-42517,Anna Andreadi,"Stockwell Clamps, Bulk Pack",Central Asia,19.23,4.23
KZ-2015-SJ1012568-42356,Sanjit Jacobs,"Acco Index Tab, Clear",Central Asia,19.296,-18.144
IN-2017-JK1612058-42857,Julie Kriz,"Avery Hole Reinforcements, Clear",Southern Asia,19.35,9.15
IR-2017-SH997560-42749,Sally Hughsby,"Cameo Business Envelopes, Recycled",Southern Asia,19.35,2.1
IZ-2016-PW924061-42532,Pierre Wener,"Cameo Business Envelopes, Recycled",Western Asia,19.35,2.1
TU-2016-SL10155134-42640,Sara Luxemburg,"Green Bar Cards & Envelopes, Premium",Western Asia,19.356,-14.034
TU-2014-JR5700134-41853,Jocasta Rupert,"Smead Trays, Single Width",Western Asia,19.404,-13.596
TU-2016-SV10365134-42538,Seth Vernon,"Boston Sketch Pad, Blue",Western Asia,19.44,-8.28
TU-2017-BF1020134-42890,Barry Französisch,"Boston Sketch Pad, Blue",Western Asia,19.44,-8.28
TU-2014-SL10155134-41748,Sara Luxemburg,"BIC Sketch Pad, Blue",Western Asia,19.464,-20.466
TU-2015-JS6030134-42230,Joy Smith,"Binney & Smith Markers, Easy-Erase",Western Asia,19.488,-9.792
IR-2015-DP300060-42135,Darren Powers,"Accos Clamps, Metal",Southern Asia,19.5,7.8
TU-2017-SN10560134-43087,Skye Norling,"Boston Sketch Pad, Easy-Erase",Western Asia,19.548,-15.162
TU-2014-MB7305134-41966,Maria Bertelson,"Smead Shelving, Blue",Western Asia,19.572,-14.688
TU-2015-DB3555134-42224,Dorothy Badders,"BIC Sketch Pad, Easy-Erase",Western Asia,19.572,-4.908
TU-2017-RA9885134-42975,Ruben Ausman,"Acco Hole Reinforcements, Clear",Western Asia,19.584,-27.456
ID-2017-JB16045102-42868,Julia Barnett,"Avery Round Labels, Laser Printer Compatible",Southeastern Asia,19.635,-2.865
SA-2017-AG330110-43086,Alex Grayson,"Smead Box, Wire Frame",Western Asia,19.68,3.3
TU-2014-DO3435134-41812,Denny Ordway,"Wilson Jones Binding Machine, Recycled",Western Asia,19.728,-24.192
GG-2016-DB297047-42470,Darren Budd,"Binney & Smith Highlighters, Water Color",Western Asia,19.77,8.28
TU-2017-BK1260134-42876,Berenike Kampe,"Okidata Calculator, Red",Western Asia,19.776,-15.354
IR-2016-HA492060-42658,Helen Andreada,"GlobeWeis Clasp Envelope, Set of 50",Southern Asia,19.8,7.92
QA-2017-CS1860105-42963,Cari Schnelling,"Fiskars Scissors, Serrated",Western Asia,19.86,8.91
IN-2017-DE1325527-42996,Deanra Eno,"OIC Clamps, Metal",Eastern Asia,19.89,1.59
TU-2015-CR2730134-42054,Craig Reiter,"Stanley Canvas, Easy-Erase",Western Asia,19.896,-17.934
TU-2016-RD9660134-42559,Robert Dilbeck,"Stanley Canvas, Easy-Erase",Western Asia,19.896,-17.934
TU-2017-RE9450134-42748,Richard Eichhorn,"Stanley Canvas, Easy-Erase",Western Asia,19.896,-17.934
TU-2017-NW8400134-42956,Natalie Webber,"Cardinal Binding Machine, Economy",Western Asia,19.908,-15.942
TU-2017-VG11790134-42773,Vivek Gonzalez,"Cameo Interoffice Envelope, Security-Tint",Western Asia,19.932,-24.918
TU-2017-AA315134-43098,Alex Avila,"Cardinal Binding Machine, Recycled",Western Asia,20.052,-19.578
IN-2015-JW1607558-42174,Julia West,"Avery Index Tab, Durable",Southern Asia,20.07,3.78
IR-2017-CS235560-43044,Christine Sundaresam,"Stanley Pens, Blue",Southern Asia,20.1,9.84
TU-2017-RM9750134-42997,Roland Murray,"Tenex Clock, Black",Western Asia,20.1,-17.61
TU-2015-GM4680134-42266,Greg Matthias,"Avery Binder Covers, Durable",Western Asia,20.112,-23.688
TU-2017-BC1125134-42969,Becky Castell,"Panasonic Calculator, Wireless",Western Asia,20.112,-29.178
TU-2016-CG2040134-42722,Catherine Glotzbach,"Deflect-O Clock, Black",Western Asia,20.124,-28.686
TU-2016-JR5670134-42636,Jim Radford,"Deflect-O Clock, Black",Western Asia,20.124,-28.686
IN-2015-NW1840027-42232,Natalie Webber,"Boston Highlighters, Fluorescent",Eastern Asia,20.13,2.19
IN-2016-MS1771058-42447,Maurice Satty,"Cardinal Index Tab, Clear",Southern Asia,20.16,9
IR-2016-TB1128060-42392,Toby Braunhardt,"BIC Highlighters, Fluorescent",Southern Asia,20.19,6.66
IN-2017-BF1100558-43021,Barry Franz,"Harbour Creations Round Labels, Laser Printer Compatible",Southern Asia,20.25,5.67
TU-2015-HG4965134-42363,Henry Goldwyn,"Stanley Canvas, Fluorescent",Western Asia,20.292,-14.208
TU-2016-BO1350134-42607,Bill Overfelt,"Sanford Canvas, Easy-Erase",Western Asia,20.316,-23.874
TU-2017-LO7170134-43002,Lori Olson,"Sanford Canvas, Easy-Erase",Western Asia,20.316,-23.874
TU-2016-SJ10500134-42706,Shirley Jackson,"Cameo Interoffice Envelope, with clear poly window",Western Asia,20.388,-28.062
ID-2016-ML1741059-42476,Maris LaWare,"SanDisk Mouse, USB",Southeastern Asia,20.4156,-18.1044
IN-2017-RM1937558-42878,Raymond Messe,"Stockwell Staples, 12 Pack",Southern Asia,20.46,1.02
AM-2016-MG76956-42477,Maureen Gnade,"Eaton Message Books, Recycled",Western Asia,20.49,2.85
SA-2016-PB8805110-42687,Patrick Bzostek,"Cameo Business Envelopes, Set of 50",Western Asia,20.49,8.19
ID-2016-SC2044097-42519,Shaun Chance,"Kleencut Ruler, Serrated",Southern Asia,20.52,-9.48
IN-2017-TS2120527-42764,Thomas Seio,"Cardinal Hole Reinforcements, Durable",Eastern Asia,20.52,6.75
TU-2017-BP1050134-43089,Barry Pond,"Harbour Creations File Folder Labels, Alphabetical",Western Asia,20.52,-24.12
TU-2016-SM10950134-42534,Suzanne McNair,"GlobeWeis Interoffice Envelope, with clear poly window",Western Asia,20.544,-16.446
ID-2017-EM13960102-43043,Eric Murdock,"Ames Peel and Seal, Set of 50",Southeastern Asia,20.559,-15.741
IR-2015-AJ79560-42161,Anthony Johnson,"Stanley Pens, Easy-Erase",Southern Asia,20.64,9.06
ID-2017-JL1523559-42905,Janet Lee,"Avery Shipping Labels, Adjustable",Southeastern Asia,20.67,-8.97
TU-2015-CS2355134-42131,Christine Sundaresam,"Rubbermaid Photo Frame, Black",Western Asia,20.7,-30.03
IN-2017-AG10495102-42933,Andrew Gjertsen,"Wilson Jones Hole Reinforcements, Recycled",Southeastern Asia,20.7825,4.8825
TU-2015-KB6405134-42358,Katrina Bavinger,"Advantus Thumb Tacks, 12 Pack",Western Asia,20.832,-29.208
ID-2016-KH1633059-42461,Katharine Harms,"Enermax Flash Drive, Erganomic",Southeastern Asia,20.8449,-1.9851
ID-2017-MF1766559-42812,Maureen Fritzler,"Avery Binder Covers, Durable",Southeastern Asia,20.8662,-3.7938
TU-2014-BF975134-41902,Barbara Fisher,"Sanford Pencil Sharpener, Water Color",Western Asia,20.88,-17.76
TU-2016-EH4125134-42394,Eugene Hildebrand,"Okidata Calculator, Wireless",Western Asia,20.916,-30.354
IN-2015-MH1729058-42306,Marc Harrigan,"Smead Removable Labels, 5000 Label Set",Southern Asia,21,9
TU-2015-BP1230134-42345,Benjamin Patterson,"Green Bar Cards & Envelopes, 8.5 x 11",Western Asia,21.012,-22.068
TX-2016-SC10770135-42724,Stewart Carmichael,"Smead Folders, Single Width",Central Asia,21.024,-27.336
IN-2014-CK1276078-41868,Cyma Kinney,"Stockwell Staples, Metal",Southeastern Asia,21.06,0.6
IN-2016-DM1301527-42650,Darrin Martin,"Avery File Folder Labels, Adjustable",Eastern Asia,21.06,8.82
ID-2017-BE11455102-42808,Brad Eason,"SanDisk Mouse, Bluetooth",Southeastern Asia,21.0705,-16.8795
IZ-2016-EB411061-42442,Eugene Barchas,"Ames Peel and Seal, Security-Tint",Western Asia,21.09,6.51
TU-2017-SP10650134-42931,Stephanie Phelps,"Elite Ruler, Steel",Western Asia,21.12,-17.52
IN-2016-SW2027559-42647,Scott Williamson,"Ibico Hole Reinforcements, Durable",Southeastern Asia,21.1401,0.7101
ID-2016-KB1640559-42529,Katrina Bavinger,"Stockwell Paper Clips, Metal",Southeastern Asia,21.1788,-11.6712
IN-2016-DW1319559-42461,David Wiener,"Jiffy Peel and Seal, Set of 50",Southeastern Asia,21.2106,0.3906
ID-2015-TB2159597-42140,Troy Blackwell,"Cardinal Binder, Recycled",Southern Asia,21.285,-10.665
IN-2017-IM1507027-42865,Irene Maddox,"Hon Legal Exhibit Labels, Alphabetical",Eastern Asia,21.36,7.02
IN-2014-CC1237059-41977,Christopher Conant,"Avery Binder, Economy",Southeastern Asia,21.414,6.174
IZ-2015-CC237061-42273,Christopher Conant,"Hon Color Coded Labels, Adjustable",Western Asia,21.42,3.42
TU-2017-JC5775134-42897,John Castell,"Boston Canvas, Blue",Western Asia,21.456,-18.774
TU-2015-CK2760134-42178,Cyma Kinney,"Sanford Canvas, Water Color",Western Asia,21.48,-32.22
ID-2015-SF2096559-42367,Sylvia Foulston,"Xerox Message Books, Recycled",Southeastern Asia,21.4968,-16.2432
TU-2016-CS1950134-42601,Carlos Soltero,"Fellowes Folders, Industrial",Western Asia,21.504,-19.896
IN-2015-SV2036527-42322,Seth Vernon,"Smead Box, Blue",Eastern Asia,21.54,6
IN-2017-RW1969058-42812,Robert Waldorf,"Smead Box, Blue",Southern Asia,21.54,6
IN-2017-SV2036566-42952,Seth Vernon,"Harbour Creations Legal Exhibit Labels, Alphabetical",Eastern Asia,21.54,8.4
IZ-2015-BH171061-42030,Brosina Hoffman,"Smead Box, Blue",Western Asia,21.54,0
IZ-2017-MS753061-43049,MaryBeth Skach,"Smead Box, Blue",Western Asia,21.54,0
TU-2017-LP7080134-42830,Liz Pelletier,"BIC Canvas, Easy-Erase",Western Asia,21.588,-14.052
IN-2017-KD1627027-43064,Karen Daniels,"Smead Box, Single Width",Eastern Asia,21.6,5.4
IN-2017-MA1799566-42780,Michelle Arnett,"Ames Clasp Envelope, Set of 50",Eastern Asia,21.6,9.27
IR-2017-EL373560-42899,Ed Ludwig,"Stockwell Staples, Bulk Pack",Southern Asia,21.6,3.24
IZ-2016-FG426061-42616,Frank Gastineau,"Stockwell Staples, Bulk Pack",Western Asia,21.6,3.24
ID-2014-HW1493559-41922,Helen Wasserman,"Stockwell Thumb Tacks, Metal",Southeastern Asia,21.7035,-5.7465
ID-2017-SN20560118-43017,Skye Norling,"Smead Removable Labels, Adjustable",Eastern Asia,21.78,-0.06
IN-2014-SP2086058-41681,Sung Pak,"Cardinal Index Tab, Clear",Southern Asia,21.78,3.87
IN-2015-JS1594058-42020,Joni Sundaresam,"Smead Removable Labels, Adjustable",Southern Asia,21.78,10.86
TU-2016-JP5460134-42626,Jennifer Patt,"Binney & Smith Canvas, Water Color",Western Asia,21.816,-6.564
TU-2017-DM3525134-42779,Don Miller,"Binney & Smith Canvas, Water Color",Western Asia,21.816,-6.564
TU-2017-SK9990134-43070,Sally Knutson,"Binney & Smith Canvas, Water Color",Western Asia,21.816,-6.564
IN-2016-BO11350118-42675,Bill Overfelt,"Stockwell Staples, Metal",Eastern Asia,21.84,0
IN-2017-DM1334527-42826,Denise Monton,"Smead Legal Exhibit Labels, Alphabetical",Eastern Asia,21.84,7.38
TU-2015-JB6045134-42274,Julia Barnett,"Tenex Shelving, Blue",Western Asia,21.864,-30.066
TU-2017-BT1440134-43007,Bobby Trafton,"Acco Binder Covers, Recycled",Western Asia,21.888,-16.512
ID-2017-KH1669097-42804,Kristen Hastings,"Jiffy Clasp Envelope, Recycled",Southern Asia,21.96,-9.72
TU-2017-LS7230134-43001,Lycoris Saunders,"Boston Canvas, Fluorescent",Western Asia,21.96,-23.07
IN-2017-CC1237027-42847,Christopher Conant,"Eaton Message Books, Multicolor",Eastern Asia,21.99,5.04
IN-2017-RH1949559-42988,Rick Hansen,"Avery Binder, Recycled",Southeastern Asia,22.0116,1.5516
IN-2017-PK1907588-42909,Pete Kriz,"Harbour Creations Legal Exhibit Labels, Adjustable",Southeastern Asia,22.0365,-1.3635
IN-2016-GA1472527-42622,Guy Armstrong,"Ibico Hole Reinforcements, Recycled",Eastern Asia,22.05,7.92
IZ-2017-IG508561-43059,Ivan Gibson,"Advantus Thumb Tacks, Assorted Sizes",Western Asia,22.08,3.3
TU-2016-KM6225134-42610,Kalyca Meade,"Cardinal Binder, Economy",Western Asia,22.128,-12.792
ID-2017-TS2165559-42745,Trudy Schmidt,"Enermax Mouse, Programmable",Southeastern Asia,22.1487,-1.2813
IR-2015-AS63060-42181,Ann Steele,"Smead Legal Exhibit Labels, Laser Printer Compatible",Southern Asia,22.2,1.32
IN-2016-MH1744027-42567,Mark Haberlin,"Tenex Stacking Tray, Erganomic",Eastern Asia,22.26,3.78
IN-2017-LC1693027-42779,Linda Cazamias,"Accos Thumb Tacks, Assorted Sizes",Eastern Asia,22.26,1.5
ID-2016-LE16810102-42577,Laurel Elliston,"Stockwell Thumb Tacks, Bulk Pack",Southeastern Asia,22.3245,-7.7355
ID-2014-NG1843059-41949,Nathan Gelder,"Belkin Mouse, Programmable",Southeastern Asia,22.3713,-13.9587
IZ-2015-AB1006061-42287,Adam Bellavance,"Avery Color Coded Labels, Adjustable",Western Asia,22.38,2.64
ID-2017-SF20965118-43022,Sylvia Foulston,"Epson Calculator, White",Eastern Asia,22.41,-16.59
IN-2017-EH1400558-43011,Erica Hernandez,"Hon Legal Exhibit Labels, 5000 Label Set",Southern Asia,22.5,9
IZ-2017-ED388561-42945,Emily Ducich,"Elite Scissors, High Speed",Western Asia,22.53,10.8
IN-2015-LA1678066-42163,Laura Armstrong,"Harbour Creations Shipping Labels, Alphabetical",Eastern Asia,22.56,10.56
TU-2016-LS7200134-42513,Luke Schmidt,"Stockwell Push Pins, Metal",Western Asia,22.56,-30.48
IN-2015-CL1270027-42349,Craig Leslie,"Harbour Creations Legal Exhibit Labels, 5000 Label Set",Eastern Asia,22.68,4.98
IN-2015-JO1555066-42267,Jesus Ocampo,"Stockwell Paper Clips, Assorted Sizes",Eastern Asia,22.68,3.12
IN-2016-TS21430113-42630,Tom Stivers,"Hon Round Labels, Adjustable",Southeastern Asia,22.8,7.65
IN-2017-AW1093058-43042,Arthur Wiediger,"Avery Binder Covers, Recycled",Southern Asia,22.86,10.74
ID-2015-CK1259559-42342,Clytie Kelty,"Novimex Shipping Labels, Alphabetical",Southeastern Asia,22.896,-11.304
IN-2017-DW1354021-42963,Don Weiss,"OIC Staples, Metal",Southeastern Asia,22.92,10.98
TU-2017-BH1710134-42912,Brosina Hoffman,"Fellowes Trays, Blue",Western Asia,22.956,-30.444
IN-2014-GW1460558-41811,Giulietta Weimer,"Wilson Jones Binder Covers, Recycled",Southern Asia,23.1,7.14
TU-2017-LW6825134-43068,Laurel Workman,"Fellowes Trays, Industrial",Western Asia,23.148,-20.862
IN-2017-AS1004559-43024,Aaron Smayling,"Rubbermaid Light Bulb, Durable",Southeastern Asia,23.1702,0.3102
TU-2016-LC6885134-42449,Lena Creighton,"BIC Pencil Sharpener, Blue",Western Asia,23.208,-11.052
IN-2017-RF1934521-42914,Randy Ferguson,"Smead Shipping Labels, Laser Printer Compatible",Southeastern Asia,23.22,5.34
UZ-2016-SG10080142-42654,Sandra Glassco,"Tenex Folders, Blue",Central Asia,23.22,7.65
TU-2014-BK1260134-41922,Berenike Kampe,"Accos Push Pins, Bulk Pack",Western Asia,23.232,-18.048
IN-2015-BE1141058-42274,Bobby Elias,"Harbour Creations Round Labels, Adjustable",Southern Asia,23.25,6.15
IN-2014-PN1877527-41859,Parhena Norris,"Avery Shipping Labels, Alphabetical",Eastern Asia,23.34,9.3
IR-2017-CD198060-42769,Carol Darley,"Avery Shipping Labels, Alphabetical",Southern Asia,23.34,7.2
ID-2017-AH1058559-42913,Angele Hood,"Deflect-O Light Bulb, Durable",Southeastern Asia,23.3892,-1.9308
ID-2015-ES14080118-42176,Erin Smith,"Harbour Creations Shipping Labels, Adjustable",Eastern Asia,23.4,-0.6
ID-2017-BB10990102-43004,Barry Blumstein,"Hon Removable Labels, Adjustable",Southeastern Asia,23.43,-8.97
IR-2017-BG174060-43057,Bruce Geld,"Stanley Markers, Fluorescent",Southern Asia,23.46,7.95
ID-2016-DB1355559-42715,Dorothy Badders,"Acme Scissors, Serrated",Southeastern Asia,23.4684,-8.4516
ID-2017-DB1291059-42970,Daniel Byrd,"BIC Pencil Sharpener, Water Color",Southeastern Asia,23.4987,-7.1013
IN-2015-SM2090527-42268,Susan MacKendrick,"Hon Shipping Labels, 5000 Label Set",Eastern Asia,23.52,4.68
IN-2017-MP1817559-43000,Mike Pelletier,"Cardinal Binder, Recycled",Southeastern Asia,23.5554,2.2554
ID-2016-MS17710113-42681,Maurice Satty,"Stiletto Scissors, High Speed",Southeastern Asia,23.61,0.45
ID-2017-JE16165102-42941,Justin Ellison,"Eldon Box, Industrial",Southeastern Asia,23.628,-1.812
IN-2015-XP2186527-42303,Xylona Preis,"Avery Shipping Labels, Laser Printer Compatible",Eastern Asia,23.7,11.1
TU-2016-MD7350134-42709,Maribeth Dona,"Acco Binder Covers, Durable",Western Asia,23.712,-8.928
ID-2014-DL1286558-41839,Dan Lawera,"Avery File Folder Labels, 5000 Label Set",Southern Asia,23.775,-21.525
SA-2016-BD1620110-42627,Brian DeCherney,"Eldon Light Bulb, Erganomic",Western Asia,23.82,2.85
TU-2017-LF7185134-42923,Luke Foster,"Enermax Note Cards, Premium",Western Asia,23.928,-23.352
SA-2014-SB10185110-41825,Sarah Brown,"Rogers Box, Blue",Western Asia,23.97,0.45
IN-2015-JH1591027-42355,Jonathan Howell,"Smead Shipping Labels, 5000 Label Set",Eastern Asia,24,10.8
SA-2017-TB11400110-42946,Tom Boeckenhauer,"Rogers Box, Single Width",Western Asia,24,2.88
IR-2014-CC267060-41889,Craig Carreira,"Binney & Smith Markers, Blue",Southern Asia,24.09,4.56
IN-2016-JE1571558-42672,Joe Elijah,"Acco Index Tab, Clear",Southern Asia,24.12,8.64
ID-2014-PL18925102-41760,Paul Lucas,"Stockwell Thumb Tacks, Assorted Sizes",Southeastern Asia,24.156,-11.484
ID-2015-MC17425130-42296,Mark Cousins,"Kraft Business Envelopes, Recycled",Southeastern Asia,24.2316,-15.0984
ID-2015-AS1022559-42122,Alan Schoenberger,"Wilson Jones Hole Reinforcements, Recycled",Southeastern Asia,24.3522,5.2722
ID-2017-BE11335102-43065,Bill Eplett,"Accos Staples, Metal",Southeastern Asia,24.354,-19.566
AJ-2014-JH58209-42002,John Huston,"Rogers Box, Industrial",Western Asia,24.45,0
SA-2015-GM4680110-42058,Greg Matthias,"Sanford Markers, Fluorescent",Western Asia,24.51,9.78
SA-2017-JB5400110-42905,Jennifer Braxton,"Sanford Markers, Fluorescent",Western Asia,24.51,9.78
TU-2014-JL5130134-41889,Jack Lebron,"Rogers Folders, Single Width",Western Asia,24.576,-32.004
ID-2017-CM1183097-42750,Cari MacIntyre,"Acme Shears, Steel",Southern Asia,24.66,-13.32
TU-2014-AG495134-41692,Andrew Gjertsen,"Rogers Trays, Blue",Western Asia,24.672,-18.528
ID-2015-DB1321059-42154,Dean Braden,"Rogers Folders, Wire Frame",Southeastern Asia,24.7008,-3.2892
IN-2014-TS2134088-41895,Toby Swindell,"SanDisk Note Cards, Premium",Southeastern Asia,24.7506,9.8406
TU-2017-CA2265134-42744,Christina Anderson,"SAFCO Chairmat, Set of Two",Western Asia,24.828,-13.662
IZ-2015-SV1081561-42229,Stuart Van,"Acme Scissors, Steel",Western Asia,24.84,11.67
TU-2015-BO1350134-42365,Bill Overfelt,"Green Bar Computer Printout Paper, Multicolor",Western Asia,24.936,-23.124
ID-2015-LE16810102-42273,Laurel Elliston,"Avery Round Labels, Adjustable",Southeastern Asia,24.948,-18.252
IR-2017-BD162060-42983,Brian DeCherney,"Wilson Jones Binder, Clear",Southern Asia,24.96,1.98
ID-2015-JP1613559-42142,Julie Prescott,"Advantus Light Bulb, Durable",Southeastern Asia,24.966,-0.354
IN-2014-RB19435102-41854,Richard Bierner,"Hon Shipping Labels, Laser Printer Compatible",Southeastern Asia,25.014,2.214
ID-2016-BP1129097-42619,Beth Paige,"Advantus Rubber Bands, Metal",Southern Asia,25.065,-8.595
IN-2015-JH15910113-42176,Jonathan Howell,"Stiletto Letter Opener, Steel",Southeastern Asia,25.08,8.25
ID-2016-AH10210113-42630,Alan Hwang,"Ibico Index Tab, Clear",Southeastern Asia,25.11,0.99
KZ-2017-LW699068-42911,Lindsay Williams,"Hon Steel Folding Chair, Adjustable",Central Asia,25.173,-43.647
IN-2017-DK1322527-42871,Dean Katz,"Hon Color Coded Labels, Alphabetical",Eastern Asia,25.26,0
IN-2016-MJ1774027-42667,Max Jones,"Tenex Stacking Tray, Black",Eastern Asia,25.29,7.56
TU-2016-KM6720134-42543,Kunst Miller,"Acco 3-Hole Punch, Durable",Western Asia,25.296,-12.024
TU-2014-BD1635134-41792,Brian Derr,"Acme Letter Opener, Easy Grip",Western Asia,25.464,-20.376
ID-2017-WB2185059-42830,William Brown,"Rubbermaid Light Bulb, Erganomic",Southeastern Asia,25.4916,-8.4084
TU-2015-KN6450134-42183,Kean Nguyen,"Ibico 3-Hole Punch, Durable",Western Asia,25.56,-14.7
ID-2017-KE1642059-42891,Katrina Edelman,"Accos Rubber Bands, 12 Pack",Southeastern Asia,25.6149,-15.5151
IN-2014-VP2176059-41938,Victoria Pisteka,"Avery Hole Reinforcements, Economy",Southeastern Asia,25.6221,3.9921
ID-2016-BB1099059-42643,Barry Blumstein,"SanDisk Cards & Envelopes, Premium",Southeastern Asia,25.6626,-9.7074
TU-2017-MA7995134-43084,Michelle Arnett,"Fiskars Box Cutter, Serrated",Western Asia,25.776,-18.084
ID-2014-BT11440130-41880,Bobby Trafton,"Binney & Smith Markers, Easy-Erase",Southeastern Asia,25.8216,-20.0184
TU-2016-MS7710134-42693,Maurice Satty,"Stockwell Rubber Bands, Bulk Pack",Western Asia,25.824,-27.816
IS-2015-KH651063-42089,Keith Herrera,"Stockwell Paper Clips, Metal",Western Asia,25.86,0.72
IN-2014-JC1534027-41719,Jasper Cacioppo,"Avery Removable Labels, Adjustable",Eastern Asia,25.92,0.72
IN-2014-PO1886527-41649,Patrick O'Donnell,"Kleencut Ruler, Steel",Eastern Asia,25.92,5.4
IN-2016-DJ1351058-42615,Don Jones,"Hon Round Labels, Alphabetical",Southern Asia,25.92,12.6
IN-2017-NS1864027-42766,Noel Staavos,"Stockwell Thumb Tacks, 12 Pack",Eastern Asia,25.92,8.28
IZ-2017-AJ78061-43099,Anthony Jacobs,"Memorex Mouse, Erganomic",Western Asia,25.98,1.02
IN-2014-CM1244521-42001,Chuck Magee,"GlobeWeis Clasp Envelope, Recycled",Southeastern Asia,26.1,3.6
IN-2017-DB13660102-42820,Duane Benoit,"Kleencut Letter Opener, Steel",Southeastern Asia,26.136,2.376
ID-2015-SZ20035102-42283,Sam Zeldin,"Green Bar Message Books, Premium",Southeastern Asia,26.169,-6.231
IR-2017-JB540060-43018,Jennifer Braxton,"Ibico Binder Covers, Clear",Southern Asia,26.22,1.8
QA-2016-AH210105-42643,Alan Hwang,"Xerox Computer Printout Paper, Recycled",Western Asia,26.25,8.64
IN-2017-SM20905130-43063,Susan MacKendrick,"Ibico Binder, Recycled",Southeastern Asia,26.2944,6.9144
ID-2016-RM19675130-42472,Robert Marley,"Jiffy Manila Envelope, Recycled",Southeastern Asia,26.2986,-22.8414
ID-2016-DK1315059-42470,David Kendrick,"Acme Scissors, Steel",Southeastern Asia,26.3304,-16.4496
IZ-2015-JE571561-42302,Joe Elijah,"Advantus Stacking Tray, Durable",Western Asia,26.37,7.11
ID-2015-VW2177559-42203,Victoria Wilson,"Green Bar Parchment Paper, Recycled",Southeastern Asia,26.3781,-18.4419
AJ-2015-GM46809-42272,Greg Matthias,"Binney & Smith Pens, Fluorescent",Western Asia,26.4,0.48
IN-2015-LF1718527-42043,Luke Foster,"Binney & Smith Pens, Fluorescent",Eastern Asia,26.4,4.44
IN-2016-DM1352527-42679,Don Miller,"Elite Ruler, Steel",Eastern Asia,26.4,8.7
TU-2017-AS630134-43064,Ann Steele,"Tenex Box, Blue",Western Asia,26.4,-23.16
IZ-2017-FW439561-42898,Fred Wasserman,"Fellowes Folders, Single Width",Western Asia,26.43,10.83
TU-2015-VD11670134-42090,Valerie Dominguez,"Tenex Box, Single Width",Western Asia,26.448,-10.032
SA-2016-DM3345110-42611,Denise Monton,"Eaton Note Cards, 8.5 x 11",Western Asia,26.49,4.74
TU-2015-TB11400134-42202,Tom Boeckenhauer,"Cuisinart Blender, Black",Western Asia,26.568,-39.192
IZ-2017-DC285061-42759,Dan Campbell,"Cardinal Binder, Clear",Western Asia,26.58,0.78
ID-2015-RS1942059-42052,Ricardo Sperren,"Stiletto Letter Opener, Steel",Southeastern Asia,26.5848,-7.0752
ID-2016-MP18175118-42643,Mike Pelletier,"Enermax Message Books, 8.5 x 11",Eastern Asia,26.64,-12.84
IN-2015-SD2048527-42345,Shirley Daniels,"Tenex Trays, Wire Frame",Eastern Asia,26.64,-2.67
IZ-2016-SC1009561-42489,Sanjit Chand,"Binney & Smith Pencil Sharpener, Fluorescent",Western Asia,26.67,1.05
IN-2015-TM2149059-42293,Tony Molinari,"Wilson Jones Index Tab, Economy",Southeastern Asia,26.7675,6.3675
IN-2017-JF1535558-43066,Jay Fein,"Acco Index Tab, Durable",Southern Asia,26.82,6.12
IN-2017-CD1279027-42764,Cynthia Delaney,"Xerox Memo Slips, Recycled",Eastern Asia,26.88,9.9
IZ-2014-DB291061-41847,Daniel Byrd,"Xerox Memo Slips, Recycled",Western Asia,26.88,4.02
ID-2015-AB1016558-42294,Alan Barnes,"Acme Letter Opener, Serrated",Southern Asia,26.91,-6.51
GG-2017-CC267047-42954,Craig Carreira,"Binney & Smith Pencil Sharpener, Water Color",Western Asia,26.94,12.39
IN-2017-KH1633058-42885,Katharine Harms,"Eaton Parchment Paper, Premium",Southern Asia,26.94,1.86
IN-2015-TS2137027-42286,Todd Sumrall,"Cardinal Binder Covers, Durable",Eastern Asia,27,13.2
KZ-2014-JM553568-41753,Jessica Myrick,"Eaton Cards & Envelopes, Recycled",Central Asia,27.054,-18.066
UZ-2016-PW9240142-42535,Pierre Wener,"Logitech Mouse, Erganomic",Central Asia,27.09,6.21
IN-2017-DG1330027-42961,Deirdre Greer,"Smead File Folder Labels, Adjustable",Eastern Asia,27.12,13.2
TU-2016-SC10260134-42486,Scott Cohen,"Green Bar Note Cards, Multicolor",Western Asia,27.144,-12.936
ID-2017-BP1118559-43064,Ben Peterman,"Hon Color Coded Labels, Laser Printer Compatible",Southeastern Asia,27.1572,-7.2828
IZ-2014-MF825061-41951,Monica Federle,"Advantus Thumb Tacks, Bulk Pack",Western Asia,27.18,0
IR-2017-DW348060-42891,Dianna Wilson,"Stockwell Paper Clips, Bulk Pack",Southern Asia,27.24,13.02
SA-2015-SC10260110-42268,Scott Cohen,"Binney & Smith Markers, Water Color",Western Asia,27.27,4.62
YM-2016-KH6330145-42599,Katharine Harms,"Sanford Sketch Pad, Blue",Western Asia,27.288,-60.972
IR-2015-SC1080060-42259,Stuart Calhoun,"Avery 3-Hole Punch, Clear",Southern Asia,27.33,3.54
IN-2014-BD1150066-41643,Bradley Drucker,"Harbour Creations File Folder Labels, 5000 Label Set",Eastern Asia,27.36,13.68
IN-2017-DB13360118-42780,Dennis Bolton,"Advantus Light Bulb, Durable",Eastern Asia,27.36,2.04
KZ-2016-TG1164068-42540,Trudy Glocke,"Cisco Headset, Cordless",Central Asia,27.387,-55.713
IN-2016-PA1906078-42634,Pete Armstrong,"Advantus Thumb Tacks, Metal",Southeastern Asia,27.42,3.54
SA-2014-CM2385110-41980,Christopher Martinez,"Advantus Thumb Tacks, Metal",Western Asia,27.42,5.16
ID-2017-AB1006059-42886,Adam Bellavance,"Stockwell Thumb Tacks, 12 Pack",Southeastern Asia,27.4752,-7.8048
IN-2015-CS1195058-42336,Carlos Soltero,"Accos Thumb Tacks, Metal",Southern Asia,27.6,6.3
IN-2016-SW2035059-42624,Sean Wendt,"Sanford Highlighters, Water Color",Southeastern Asia,27.6378,6.7578
IN-2015-AM1070527-42351,Anne McFarland,"Advantus Push Pins, 12 Pack",Eastern Asia,27.72,13.86
IN-2015-RB1979527-42180,Ross Baird,"Advantus Push Pins, 12 Pack",Eastern Asia,27.72,13.86
IR-2017-BW111060-42843,Bart Watters,"Xerox Note Cards, Multicolor",Southern Asia,27.78,6.93
ID-2017-AA10480102-42975,Andrew Allen,"Kraft Manila Envelope, Recycled",Southeastern Asia,27.819,-7.101
ID-2016-SV2036559-42443,Seth Vernon,"Smead Removable Labels, 5000 Label Set",Southeastern Asia,27.825,-2.175
ID-2017-JH1591059-43058,Jonathan Howell,"Smead Removable Labels, 5000 Label Set",Southeastern Asia,27.825,-2.175
TU-2015-RD9900134-42049,Ruben Dartt,"Boston Pens, Water Color",Western Asia,27.84,-35.52
KG-2017-FO430570-43049,Frank Olsen,"Avery 3-Hole Punch, Economy",Central Asia,27.87,13.92
IN-2016-BS1180059-42655,Bryan Spruell,"Cardinal Index Tab, Clear",Southeastern Asia,27.888,9.288
ID-2014-PC1900059-41881,Pauline Chand,"Xerox Note Cards, Premium",Southeastern Asia,27.9522,-9.0078
IN-2014-GM1444027-41858,Gary McGarr,"Ibico Hole Reinforcements, Economy",Eastern Asia,27.96,3.24
IN-2017-CV1229527-42882,Christina VanderZanden,"Eaton Computer Printout Paper, Multicolor",Eastern Asia,27.96,10.32
ID-2017-BD1172559-42916,Bruce Degenhardt,"Smead Box, Industrial",Southeastern Asia,28.0125,10.7325
IN-2017-EB1370527-42933,Ed Braxton,"Ibico Binder Covers, Recycled",Eastern Asia,28.02,1.08
ID-2015-LH1715559-42147,Logan Haushalter,"Eaton Note Cards, 8.5 x 11",Southeastern Asia,28.0794,-7.9806
IN-2014-NC1834066-41944,Nat Carroll,"Harbour Creations Shipping Labels, Adjustable",Eastern Asia,28.08,13.68
ID-2017-SG2047059-42780,Sheri Gordon,"Xerox Memo Slips, 8.5 x 11",Southeastern Asia,28.0953,-23.3847
SA-2014-TS11370110-41796,Todd Sumrall,"Advantus Paper Clips, Bulk Pack",Western Asia,28.14,4.2
IN-2016-LW1721566-42423,Luke Weiss,"Memorex Mouse, Bluetooth",Eastern Asia,28.17,3.36
IN-2017-AF10885102-43017,Art Foster,"Enermax Cards & Envelopes, 8.5 x 11",Southeastern Asia,28.182,1.512
IN-2014-MT1781527-41726,Meg Tillman,"Ames Manila Envelope, with clear poly window",Eastern Asia,28.23,11.55
IR-2017-ND846060-43041,Neil Ducich,"Cardinal 3-Hole Punch, Clear",Southern Asia,28.26,5.91
IN-2017-KH1663088-42762,Ken Heidel,"Ames Business Envelopes, Recycled",Southeastern Asia,28.2864,8.8464
IZ-2014-AZ75061-41743,Annie Zypern,"Memorex Mouse, USB",Western Asia,28.38,5.37
IN-2016-AC1061558-42539,Ann Chong,"Boston Pens, Blue",Southern Asia,28.44,0
ID-2017-LR17035102-42818,Lisa Ryan,"Boston Sketch Pad, Water Color",Southeastern Asia,28.479,-17.631
ID-2017-FC14245130-42911,Frank Carlisle,"Xerox Memo Slips, Recycled",Southeastern Asia,28.4928,-5.4672
SA-2014-EH4005110-41803,Erica Hernandez,"Eldon Stacking Tray, Durable",Western Asia,28.53,5.97
IN-2016-RB1943527-42659,Richard Bierner,"Cardinal 3-Hole Punch, Economy",Eastern Asia,28.8,4.32
IN-2015-TG2164059-42321,Trudy Glocke,"Smead Removable Labels, Adjustable",Southeastern Asia,28.8585,1.5585
ID-2015-FM1438059-42028,Fred McMath,"Binney & Smith Pens, Fluorescent",Southeastern Asia,28.908,-4.032
IR-2016-TS1108560-42697,Thais Sissman,"Sanford Pencil Sharpener, Water Color",Southern Asia,29.01,3.18
ID-2017-NP1867059-43038,Nora Paige,"Harbour Creations Legal Exhibit Labels, Laser Printer Compatible",Southeastern Asia,29.0175,-9.9825
IN-2014-JW1607527-41856,Julia West,"OIC Rubber Bands, Assorted Sizes",Eastern Asia,29.04,4.62
IR-2016-JJ544560-42712,Jennifer Jackson,"OIC Rubber Bands, Assorted Sizes",Southern Asia,29.04,9.24
SA-2016-AR345110-42731,Alex Russell,"Cardinal Index Tab, Clear",Western Asia,29.04,10.08
KZ-2015-BF100568-42365,Barry Franz,"Eldon Shelving, Single Width",Central Asia,29.07,-67.83
ID-2017-SC20845102-43056,Sung Chung,"Xerox Memo Slips, 8.5 x 11",Southeastern Asia,29.1555,-22.3245
IS-2016-JB592563-42472,Joni Blumstein,"Boston Pencil Sharpener, Water Color",Western Asia,29.22,3.78
ID-2017-JK1537059-43079,Jay Kimmel,"SanDisk Memo Slips, Multicolor",Southeastern Asia,29.2401,-19.3599
TU-2016-CL2700134-42534,Craig Leslie,"Nokia Headset, with Caller ID",Western Asia,29.244,-35.106
IS-2016-BO142563-42725,Bobby Odegard,"BIC Pencil Sharpener, Easy-Erase",Western Asia,29.28,1.44
IZ-2016-BH171061-42603,Brosina Hoffman,"Memorex Flash Drive, Bluetooth",Western Asia,29.4,6.15
IR-2014-BP129060-41722,Beth Paige,"Wilson Jones 3-Hole Punch, Durable",Southern Asia,29.49,6.18
IN-2016-BS1159027-42731,Brendan Sweed,"Smead Box, Wire Frame",Eastern Asia,29.52,3.78
ID-2016-SV20365118-42617,Seth Vernon,"Harbour Creations Round Labels, Alphabetical",Eastern Asia,29.565,-23.895
TU-2015-AH465134-42301,Amy Hunt,"Logitech Keyboard, Programmable",Western Asia,29.58,-36.99
IR-2017-CS186060-42753,Cari Schnelling,"SanDisk Computer Printout Paper, Recycled",Southern Asia,29.7,13.35
AJ-2016-NC83409-42589,Nat Carroll,"Eaton Parchment Paper, Multicolor",Western Asia,29.76,6.54
AJ-2017-SH99759-42994,Sally Hughsby,"Rogers Folders, Wire Frame",Western Asia,29.76,3.27
ID-2015-MH1744059-42086,Mark Haberlin,"Advantus Clamps, 12 Pack",Southeastern Asia,29.7648,-11.8152
ID-2017-MH1745559-42815,Mark Hamilton,"Advantus Rubber Bands, Assorted Sizes",Southeastern Asia,29.7648,-2.8752
IN-2015-KM1666059-42304,Khloe Miller,"Harbour Creations Shipping Labels, Adjustable",Southeastern Asia,29.7648,0.9648
ID-2017-AS1013597-42902,Adrian Shami,"GlobeWeis Manila Envelope, Security-Tint",Southern Asia,29.79,-29.79
ID-2016-RB19330102-42498,Randy Bradley,"Hon File Folder Labels, 5000 Label Set",Southeastern Asia,29.799,-4.401
ID-2017-MP17965102-42993,Michael Paige,"Ames Manila Envelope, Security-Tint",Southeastern Asia,29.799,-0.021
IN-2017-VB21745102-42999,Victoria Brennan,"Sanford Pencil Sharpener, Easy-Erase",Southeastern Asia,29.799,2.679
IN-2014-TS2116027-41673,Theresa Swint,"OIC Push Pins, Bulk Pack",Eastern Asia,29.82,5.64
IR-2016-HF499560-42513,Herbert Flentye,"Ibico Binder, Clear",Southern Asia,29.88,2.64
IZ-2015-BT130561-42181,Beth Thompson,"Ibico Binder, Clear",Western Asia,29.88,2.64
IR-2016-BD172560-42507,Bruce Degenhardt,"Ibico 3-Hole Punch, Clear",Southern Asia,29.91,11.94
IR-2017-MK816060-43060,Mike Kennedy,"Ibico 3-Hole Punch, Clear",Southern Asia,29.91,11.94
ID-2017-DP1300059-42913,Darren Powers,"Ames Manila Envelope, with clear poly window",Southeastern Asia,29.9238,-3.4362
IN-2014-SC2077058-41965,Stewart Carmichael,"Ames Clasp Envelope, Recycled",Southern Asia,30,6.3
TU-2017-AZ750134-42897,Annie Zypern,"Kraft Clasp Envelope, with clear poly window",Western Asia,30.096,-9.144
IR-2016-ME732060-42626,Maria Etezadi,"Boston Pencil Sharpener, Easy-Erase",Southern Asia,30.21,4.83
IN-2016-BG1174058-42482,Bruce Geld,"Ibico Binder Covers, Durable",Southern Asia,30.3,10.56
IN-2017-BS1136511-42902,Bill Shonely,"Acco Binder, Economy",Southern Asia,30.3,9.36
IR-2017-CM183060-42741,Cari MacIntyre,"Cardinal 3-Hole Punch, Durable",Southern Asia,30.3,13.92
IZ-2014-JB604561-41678,Julia Barnett,"Acco Binder, Economy",Western Asia,30.3,4.2
TU-2016-KH6330134-42518,Katharine Harms,"Breville Toaster, Black",Western Asia,30.456,-23.604
IN-2014-KM1666027-41645,Khloe Miller,"Cameo Manila Envelope, with clear poly window",Eastern Asia,30.54,13.11
ID-2017-SC2044059-42745,Shaun Chance,"Advantus Clamps, Bulk Pack",Southeastern Asia,30.6711,-4.0689
ID-2016-CV12805102-42535,Cynthia Voltz,"Tenex Door Stop, Durable",Southeastern Asia,30.69,-5.34
TX-2014-JJ5760135-41874,Joel Jenkins,"Memorex Memory Card, USB",Central Asia,30.744,-47.166
ID-2017-TT21070102-43008,Ted Trevino,"Eaton Computer Printout Paper, Multicolor",Southeastern Asia,30.756,-4.524
ID-2014-AJ1078059-41988,Anthony Jacobs,"Smead Shipping Labels, Laser Printer Compatible",Southeastern Asia,30.7665,-13.9335
ID-2016-SF2020027-42671,Sarah Foster,"Harbour Creations Removable Labels, 5000 Label Set",Eastern Asia,31.05,9.27
IN-2017-TS2120527-43037,Thomas Seio,"BIC Pens, Fluorescent",Eastern Asia,31.08,9
ID-2014-DW1358559-41796,Dorothy Wardle,"Fellowes Box, Wire Frame",Southeastern Asia,31.125,-0.375
IN-2016-BD1132027-42491,Bill Donatelli,"Stockwell Rubber Bands, 12 Pack",Eastern Asia,31.14,11.16
IN-2016-SC2023027-42727,Scot Coram,"Tenex Box, Wire Frame",Eastern Asia,31.14,10.86
ID-2017-RA19915102-42958,Russell Applegate,"Logitech Flash Drive, Erganomic",Southeastern Asia,31.152,-0.588
ID-2017-CC1247559-42818,Cindy Chapman,"Cameo Manila Envelope, Security-Tint",Southeastern Asia,31.164,-8.856
IR-2014-YS1188060-41700,Yana Sorensen,"Rogers Folders, Industrial",Southern Asia,31.17,4.35
SY-2016-CS2460126-42594,Chuck Sachs,"Green Bar Computer Printout Paper, Multicolor",Western Asia,31.17,7.14
ID-2017-JH1543097-43003,Jennifer Halladay,"Wilson Jones Binder, Clear",Southern Asia,31.2,-25.65
IN-2016-EM14065113-42665,Erin Mull,"Avery Index Tab, Economy",Southeastern Asia,31.32,6.84
IN-2015-TS2150559-42236,Tony Sayre,"Jiffy Manila Envelope, with clear poly window",Southeastern Asia,31.323,1.143
ID-2017-BF11080118-42787,Bart Folk,"Avery Binder Covers, Durable",Eastern Asia,31.425,-30.225
IN-2014-GH1442558-41789,Gary Hwang,"Stockwell Staples, Metal",Southern Asia,31.59,0.9
IN-2017-YS2188058-42867,Yana Sorensen,"Avery Binder Covers, Clear",Southern Asia,31.59,5.31
IZ-2014-SZ1003561-41875,Sam Zeldin,"Acco 3-Hole Punch, Durable",Western Asia,31.62,12.96
IN-2014-TH2123527-41777,Tiffany House,"Avery Removable Labels, Alphabetical",Eastern Asia,31.68,6.3
ID-2016-CR1273059-42556,Craig Reiter,"Enermax Note Cards, Premium",Southeastern Asia,31.7046,-4.2354
TU-2016-LD7005134-42615,Lisa DeCherney,"SanDisk Keyboard, Erganomic",Western Asia,31.716,-37.284
SA-2015-MC7635110-42131,Matthew Clasen,"Rubbermaid Light Bulb, Durable",Western Asia,31.74,12.66
ID-2015-MP17470118-42250,Mark Packer,"Ibico 3-Hole Punch, Durable",Eastern Asia,31.95,-16.65
IR-2017-DL286560-42827,Dan Lawera,"Ibico 3-Hole Punch, Durable",Southern Asia,31.95,11.82
IZ-2014-EM409561-41875,Eudokia Martin,"Ibico 3-Hole Punch, Durable",Western Asia,31.95,11.82
IN-2015-AT1043558-42337,Alyssa Tate,"Logitech Flash Drive, Programmable",Southern Asia,32.01,10.23
IN-2017-SR2074027-42869,Steven Roelle,"Sanford Highlighters, Easy-Erase",Eastern Asia,32.04,1.26
IZ-2016-DK322561-42445,Dean Katz,"Sanford Highlighters, Easy-Erase",Western Asia,32.04,1.26
IS-2015-TH1110063-42184,Thea Hendricks,"Eldon Folders, Wire Frame",Western Asia,32.1,3.18
IR-2014-RB964560-41999,Robert Barroso,"BIC Pencil Sharpener, Water Color",Southern Asia,32.19,12.21
IN-2017-MS1771027-43071,Maurice Satty,"Accos Rubber Bands, 12 Pack",Eastern Asia,32.22,4.8
ID-2017-PT19090102-42925,Pete Takahito,"Memorex Flash Drive, Bluetooth",Southeastern Asia,32.34,-10.62
ID-2014-KC1625559-41866,Karen Carlisle,"Harbour Creations File Folder Labels, Laser Printer Compatible",Southeastern Asia,32.3883,-7.5117
IN-2015-BG1174058-42170,Bruce Geld,"Stockwell Staples, Bulk Pack",Southern Asia,32.4,11.97
ID-2015-BM1157559-42159,Brendan Murry,"Eaton Computer Printout Paper, 8.5 x 11",Southeastern Asia,32.5314,-7.3686
ID-2016-TH2155059-42411,Tracy Hopkins,"Kraft Peel and Seal, Set of 50",Southeastern Asia,32.5791,-24.0309
IN-2015-AR1051027-42069,Andrew Roberts,"Enermax Note Cards, Multicolor",Eastern Asia,32.64,1.95
IN-2017-SH1997527-43075,Sally Hughsby,"Smead Removable Labels, Adjustable",Eastern Asia,32.67,16.29
TU-2017-SB10170134-43074,Sarah Bern,"SanDisk Keyboard, USB",Western Asia,32.676,-42.504
IN-2014-LE16810102-41865,Laurel Elliston,"Eaton Parchment Paper, Multicolor",Southeastern Asia,32.736,-9.024
IN-2017-CC1261058-42750,Corey Catlett,"Novimex File Folder Labels, Laser Printer Compatible",Southern Asia,33,0.24
IN-2016-JH1582027-42717,John Huston,"Harbour Creations File Folder Labels, Adjustable",Eastern Asia,33.15,2.85
ID-2016-JK1532559-42515,Jason Klamczynski,"Acco Binder Covers, Economy",Southeastern Asia,33.1668,-0.8532
IN-2014-BD1150058-41847,Bradley Drucker,"Green Bar Parchment Paper, Recycled",Southern Asia,33.18,3.3
QA-2017-AR570105-43022,Anemone Ratner,"Binney & Smith Highlighters, Blue",Western Asia,33.18,4.92
SA-2017-JH5985110-42948,Joseph Holt,"Advantus Rubber Bands, Bulk Pack",Western Asia,33.18,10.92
ID-2017-SB2018559-43026,Sarah Brown,"GlobeWeis Business Envelopes, with clear poly window",Southeastern Asia,33.1992,-10.0908
IN-2016-BT1153058-42683,Bradley Talbott,"Accos Staples, Metal",Southern Asia,33.21,0.27
IN-2014-DK1315027-41918,David Kendrick,"Cameo Clasp Envelope, Recycled",Eastern Asia,33.24,6.6
IN-2017-CG1204058-42842,Catherine Glotzbach,"SanDisk Parchment Paper, Recycled",Southern Asia,33.24,12.24
AJ-2017-GM44409-42790,Gary McGarr,"Stockwell Clamps, Assorted Sizes",Western Asia,33.36,12.66
TU-2017-DG3300134-43086,Deirdre Greer,"Enermax Keyboard, Bluetooth",Western Asia,33.384,-10.026
ID-2015-JH15985130-42328,Joseph Holt,"Smead Legal Exhibit Labels, Adjustable",Southeastern Asia,33.39,-2.52
ID-2014-BT1144088-41995,Bobby Trafton,"BIC Highlighters, Fluorescent",Southeastern Asia,33.5154,-1.6446
IN-2016-RH1955558-42529,Ritsa Hightower,"Cardinal Index Tab, Clear",Southern Asia,33.6,15
ID-2015-LD1685559-42258,Lela Donovan,"Harbour Creations Color Coded Labels, Alphabetical",Southeastern Asia,33.708,-24.192
ID-2014-DK1322597-41900,Dean Katz,"Stockwell Paper Clips, Assorted Sizes",Southern Asia,33.75,-27
IN-2017-LA16780102-42826,Laura Armstrong,"Wilson Jones Index Tab, Durable",Southeastern Asia,33.7875,1.0875
ID-2015-LD1685527-42111,Lela Donovan,"Smead File Folder Labels, Adjustable",Eastern Asia,33.9,16.5
IN-2016-ND1837027-42498,Natalie DeCherney,"Green Bar Computer Printout Paper, 8.5 x 11",Eastern Asia,33.9,8.79
IN-2016-KN1639058-42709,Katherine Nockton,"Green Bar Note Cards, Multicolor",Southern Asia,33.93,7.8
TU-2015-DB3060134-42047,Dave Brooks,"Panasonic Phone, Wireless",Western Asia,33.936,-47.514
ID-2016-ML17410113-42486,Maris LaWare,"Tenex Box, Industrial",Southeastern Asia,33.96,5.04
IN-2015-JW1522027-42235,Jane Waco,"Ibico Binder, Durable",Eastern Asia,33.96,7.08
IN-2016-SS2041027-42465,Shahid Shariari,"Ibico Hole Reinforcements, Durable",Eastern Asia,33.96,6.72
IN-2014-MT1807058-41825,Michelle Tran,"Eldon Folders, Single Width",Southern Asia,34.02,3.36
IN-2014-TC2153566-41889,Tracy Collins,"Sanford Highlighters, Fluorescent",Eastern Asia,34.02,11.22
IN-2016-AM1036078-42451,Alice McCarthy,"OIC Staples, Bulk Pack",Southeastern Asia,34.02,1.62
IN-2014-TW2102559-41837,Tamara Willingham,"BIC Pens, Fluorescent",Southeastern Asia,34.0326,0.9126
TU-2016-GZ4470134-42594,Gary Zandusky,"Okidata Phone, White",Western Asia,34.104,-50.316
IN-2017-AJ1079558-42863,Anthony Johnson,"Hon Shipping Labels, Laser Printer Compatible",Southern Asia,34.11,17.01
IN-2015-MC1810058-42269,Mick Crebagga,"Enermax Memo Slips, Multicolor",Southern Asia,34.14,11.58
IN-2015-EB1393027-42315,Eric Barreto,"Advantus Paper Clips, Assorted Sizes",Eastern Asia,34.2,0.27
IN-2017-SC20380144-42756,Shahid Collister,"Eaton Memo Slips, Premium",Southeastern Asia,34.2126,11.5326
KZ-2017-KC625568-42948,Karen Carlisle,"Enermax Memory Card, Bluetooth",Central Asia,34.317,-61.773
IR-2017-KB631560-43078,Karl Braun,"Acco Index Tab, Clear",Southern Asia,34.32,5.4
ID-2017-RD1972059-43053,Roger Demir,"Kleencut Ruler, Steel",Southeastern Asia,34.344,-16.956
IN-2014-TB2140058-41909,Tom Boeckenhauer,"OIC Staples, Metal",Southern Asia,34.38,16.47
IN-2017-AR10570102-43046,Anemone Ratner,"Cardinal Binder Covers, Durable",Southeastern Asia,34.425,13.725
ID-2017-JS15880130-42955,John Stevenson,"Cardinal Binder, Economy",Southeastern Asia,34.4367,2.8467
SA-2014-CR2625110-41662,Corey Roper,"OIC Clamps, Assorted Sizes",Western Asia,34.44,12.36
IN-2017-DK1289559-43012,Dana Kaydos,"Sanford Highlighters, Blue",Southeastern Asia,34.4925,1.3725
TU-2015-DV3045134-42201,Darrin Van Huff,"Konica Phone, Durable",Western Asia,34.524,-15.546
IR-2017-CG252060-42736,Claire Gute,"Hon File Folder Labels, Laser Printer Compatible",Southern Asia,34.56,4.08
KZ-2015-JJ544568-42260,Jennifer Jackson,"Cardinal 3-Hole Punch, Economy",Central Asia,34.56,-28.8
ID-2016-GB1453097-42384,George Bell,"Ames Mailers, Recycled",Southern Asia,34.65,-16.65
IN-2015-EC1405011-42142,Erin Creighton,"Stiletto Ruler, Serrated",Southern Asia,34.74,2.43
ID-2017-JH15430118-43071,Jennifer Halladay,"Sanford Markers, Blue",Eastern Asia,34.875,-22.365
IN-2016-SE2011066-42503,Sanjit Engle,"Eldon Folders, Industrial",Eastern Asia,34.92,1.02
ID-2016-NC18415130-42538,Nathan Cano,"Wilson Jones Hole Reinforcements, Durable",Southeastern Asia,35.0343,-5.9157
IN-2017-GK1462027-43074,Grace Kelly,"Cardinal Index Tab, Economy",Eastern Asia,35.04,12.6
IN-2017-HA14905102-42961,Helen Abelman,"Cardinal Binder, Economy",Southeastern Asia,35.2665,3.6765
TU-2016-CC2475134-42636,Cindy Chapman,"Logitech Numeric Keypad, Erganomic",Western Asia,35.304,-16.776
MG-2015-AT43584-42265,Alyssa Tate,"Xerox Memo Slips, 8.5 x 11",Eastern Asia,35.34,3.48
IN-2014-ES14020130-41777,Erica Smith,"Kleencut Scissors, High Speed",Southeastern Asia,35.4411,-2.7189
ID-2015-PG1882027-42251,Patrick Gardner,"Wilson Jones Index Tab, Clear",Eastern Asia,35.46,1.26
ID-2016-RH1949559-42715,Rick Hansen,"Xerox Memo Slips, Recycled",Southeastern Asia,35.616,-6.834
TU-2016-JB5925134-42625,Joni Blumstein,"Tenex Folders, Wire Frame",Western Asia,35.664,-10.776
IN-2016-LL1684058-42464,Lauren Leatherbury,"Binney & Smith Highlighters, Fluorescent",Southern Asia,35.7,4.62
TU-2016-RD9810134-42535,Ross DeVincentis,"Stanley Sketch Pad, Easy-Erase",Western Asia,35.76,-36.66
ID-2016-MT18070102-42723,Michelle Tran,"Deflect-O Stacking Tray, Erganomic",Southeastern Asia,35.865,-8.175
IN-2017-KD1649527-43054,Keith Dawkins,"Accos Push Pins, Assorted Sizes",Eastern Asia,35.91,1.71
TU-2014-BT1440134-41732,Bobby Trafton,"Stanley Highlighters, Easy-Erase",Western Asia,35.928,-21.672
IZ-2016-CA205561-42547,Cathy Armstrong,"Smead Folders, Industrial",Western Asia,35.94,8.22
ID-2017-NL1831059-43014,Nancy Lomonaco,"SanDisk Note Cards, Multicolor",Southeastern Asia,35.9976,-16.9824
IN-2015-MS1777059-42257,Maxwell Schwartz,"SanDisk Memo Slips, Premium",Southeastern Asia,35.9976,-8.8824
TU-2016-LD7005134-42529,Lisa DeCherney,"Advantus Door Stop, Duo Pack",Western Asia,36.072,-48.708
TU-2016-CL1890134-42672,Carl Ludwig,"Breville Blender, Silver",Western Asia,36.096,-38.814
IN-2017-SJ2021558-42871,Sarah Jordon,"Green Bar Parchment Paper, Multicolor",Southern Asia,36.18,11.52
TU-2014-CV2295134-41967,Christina VanderZanden,"Eaton Memo Slips, Multicolor",Western Asia,36.36,-39.24
TU-2014-DL2865134-41904,Dan Lawera,"Sanford Sketch Pad, Blue",Western Asia,36.384,-51.876
IR-2015-TS1143060-42139,Tom Stivers,"Elite Box Cutter, Easy Grip",Southern Asia,36.51,5.46
IN-2017-EA1403559-43007,Erin Ashbrook,"Rubbermaid Clock, Black",Southeastern Asia,36.6168,3.4968
TU-2015-TB11250134-42126,Tim Brockman,"Office Star Steel Folding Chair, Red",Western Asia,36.684,-44.046
IN-2016-BF1108058-42499,Bart Folk,"SanDisk Memo Slips, Multicolor",Southern Asia,36.78,4.38
IN-2014-AB10600130-41824,Ann Blume,"Tenex Stacking Tray, Black",Southeastern Asia,36.9234,1.4634
ID-2017-BD1163558-42860,Brian Derr,"Avery Legal Exhibit Labels, Adjustable",Southern Asia,36.96,-27.36
TU-2017-EH3990134-43067,Erica Hackney,"Cameo Interoffice Envelope, Recycled",Western Asia,36.984,-16.656
TU-2017-FP4320134-43073,Frank Preis,"Elite Ruler, Easy Grip",Western Asia,37.008,-49.212
ID-2015-MR17545144-42112,Mathew Reese,"Deflect-O Stacking Tray, Black",Southeastern Asia,37.011,-6.129
ID-2016-HR1483059-42596,Harold Ryan,"Binney & Smith Markers, Fluorescent",Southeastern Asia,37.011,-3.549
IN-2016-JH1582058-42420,John Huston,"Avery Binder, Clear",Southern Asia,37.08,17.73
IN-2017-MK1816058-43067,Mike Kennedy,"Avery Binder, Clear",Southern Asia,37.08,17.73
TU-2015-PW9030134-42178,Pauline Webber,"Epson Calculator, Wireless",Western Asia,37.128,-9.312
ID-2014-TC2129527-41867,Toby Carlisle,"Jiffy Mailers, Set of 50",Eastern Asia,37.17,-34.23
ID-2016-MC1763597-42531,Matthew Clasen,"Eaton Parchment Paper, Multicolor",Southern Asia,37.2,-15
ID-2016-SP2065097-42708,Stephanie Phelps,"Advantus Clamps, 12 Pack",Southern Asia,37.44,-18
TU-2015-NC8415134-42156,Nathan Cano,"Kraft Interoffice Envelope, Set of 50",Western Asia,37.536,-35.664
IZ-2014-JS594061-42001,Joni Sundaresam,"Stiletto Box Cutter, Easy Grip",Western Asia,37.59,2.25
SA-2016-GD4590110-42601,Giulietta Dortch,"Stiletto Box Cutter, Easy Grip",Western Asia,37.59,2.25
TU-2016-DL2925134-42475,Daniel Lacy,"Enermax Cards & Envelopes, Premium",Western Asia,37.68,-29.22
ID-2015-TC2114559-42279,Theresa Coyne,"Boston Sketch Pad, Water Color",Southeastern Asia,37.7994,-8.3106
IN-2014-AJ1094527-41915,Ashley Jarboe,"Rubbermaid Light Bulb, Duo Pack",Eastern Asia,37.8,11.7
ID-2014-DB13060130-41986,Dave Brooks,"Memorex Keyboard, Bluetooth",Southeastern Asia,37.8102,-10.7298
ID-2015-SH2039559-42143,Shahid Hopkins,"Stiletto Ruler, Steel",Southeastern Asia,37.842,-13.608
GG-2017-LC714047-42958,Logan Currie,"Tenex Light Bulb, Black",Western Asia,37.86,11.34
IN-2017-EB1387058-43085,Emily Burns,"Sanford Highlighters, Water Color",Southern Asia,37.86,16.98
ID-2014-GH1466559-41911,Greg Hansen,"Deflect-O Photo Frame, Black",Southeastern Asia,37.887,-9.363
IN-2017-JC1538558-43016,Jenna Caffey,"Stockwell Clamps, Metal",Southern Asia,37.92,2.22
TU-2015-PM9135134-42103,Peter McVee,"Hon Bag Chairs, Set of Two",Western Asia,37.92,-45.54
IN-2015-PB1921059-42283,Phillip Breyer,"Stanley Pencil Sharpener, Easy-Erase",Southeastern Asia,38.0184,10.8984
ID-2016-MZ1751558-42411,Mary Zewe,"Smead Shipping Labels, Adjustable",Southern Asia,38.04,-0.84
IS-2017-CG252063-42885,Claire Gute,"Smead Shipping Labels, Adjustable",Western Asia,38.04,2.64
IN-2015-DB1361527-42168,Doug Bickford,"Wilson Jones Binder Covers, Durable",Eastern Asia,38.07,14.76
IN-2014-PW19030130-41991,Pauline Webber,"Stockwell Push Pins, Bulk Pack",Southeastern Asia,38.0805,-13.0695
TU-2015-CM2235134-42182,Chris McAfee,"Eldon Light Bulb, Erganomic",Western Asia,38.112,-45.768
IR-2017-HZ495060-42892,Henia Zydlo,"Avery Hole Reinforcements, Recycled",Southern Asia,38.16,16.32
JO-2017-DV304567-42765,Darrin Van Huff,"Cameo Mailers, Set of 50",Western Asia,38.16,17.91
ID-2016-JK1520559-42681,Jamie Kunitz,"Kraft Peel and Seal, with clear poly window",Southeastern Asia,38.2077,-0.7623
IR-2015-CD228060-42265,Christina DeMoss,"SanDisk Mouse, Bluetooth",Southern Asia,38.31,4.2
TU-2016-AG390134-42377,Allen Goldenen,"Eldon Trays, Blue",Western Asia,38.376,-40.344
ID-2016-SJ20125102-42420,Sanjit Jacobs,"Fiskars Box Cutter, Steel",Southeastern Asia,38.412,-3.528
IN-2015-MF1825058-42190,Monica Federle,"Belkin Mouse, Erganomic",Southern Asia,38.52,8.46
YM-2014-CC2370145-41908,Christopher Conant,"Smead File Cart, Single Width",Western Asia,38.529,-88.641
ID-2014-BF1097559-41939,Barbara Fisher,"Advantus Push Pins, Metal",Southeastern Asia,38.5575,-25.4925
IN-2016-DB1355559-42646,Dorothy Badders,"Deflect-O Light Bulb, Erganomic",Southeastern Asia,38.5659,4.7259
IN-2017-AG1030027-43073,Aleksandra Gannaway,"Avery Binder, Economy",Eastern Asia,38.7,15.84
IN-2017-TG2164058-43058,Trudy Glocke,"Accos Clamps, Bulk Pack",Southern Asia,38.76,10.44
IN-2017-TB2128059-42883,Toby Braunhardt,"Tenex Box, Wire Frame",Southeastern Asia,38.7693,8.3493
TU-2014-KE6420134-41819,Katrina Edelman,"Enermax Cards & Envelopes, Multicolor",Western Asia,38.808,-44.652
ID-2014-SM20320130-41797,Sean Miller,"Stanley Highlighters, Blue",Southeastern Asia,38.955,-12.495
IN-2016-DO13435130-42383,Denny Ordway,"Xerox Message Books, 8.5 x 11",Southeastern Asia,38.9709,-32.3991
SA-2014-BE1410110-41809,Bobby Elias,"Avery Shipping Labels, Adjustable",Western Asia,39,12.84
TU-2014-VS11820134-41954,Vivek Sundaresam,"Jiffy Interoffice Envelope, Security-Tint",Western Asia,39.072,-44.988
TU-2017-AA375134-42847,Allen Armold,"Jiffy Interoffice Envelope, Security-Tint",Western Asia,39.072,-44.988
TU-2015-AH585134-42097,Angele Hood,"Rogers Box, Industrial",Western Asia,39.12,-58.68
TU-2016-RD9660134-42599,Robert Dilbeck,"Eldon Shelving, Industrial",Western Asia,39.12,-55.8
IN-2014-HZ1495078-41860,Henia Zydlo,"Smead Color Coded Labels, Laser Printer Compatible",Southeastern Asia,39.15,1.89
IN-2015-SM2000558-42245,Sally Matthias,"Avery Index Tab, Economy",Southern Asia,39.15,8.55
TU-2017-EA4035134-42868,Erin Ashbrook,"Smead Trays, Industrial",Western Asia,39.168,-26.472
ID-2017-CV1229559-42876,Christina VanderZanden,"Binney & Smith Pencil Sharpener, Water Color",Southeastern Asia,39.3324,8.0724
TU-2017-BD1725134-42940,Bruce Degenhardt,"Cardinal Binding Machine, Clear",Western Asia,39.384,-19.716
ID-2017-MC1784558-42959,Michael Chen,"Hon Steel Folding Chair, Black",Southern Asia,39.495,-28.455
ID-2016-RE1940559-42605,Ricardo Emerson,"Acme Scissors, Steel",Southeastern Asia,39.4956,-24.6744
ID-2017-JA1597027-43100,Joseph Airdo,"Binney & Smith Pens, Fluorescent",Eastern Asia,39.6,6.66
IN-2017-HG1484558-42973,Harry Greene,"Hon Color Coded Labels, 5000 Label Set",Southern Asia,39.6,12.6
ID-2015-JO1555097-42230,Jesus Ocampo,"SanDisk Flash Drive, USB",Southern Asia,39.75,-23.85
TU-2017-EB3840134-43057,Ellis Ballard,"Cardinal Binding Machine, Economy",Western Asia,39.816,-31.884
TU-2014-CM1830134-41995,Cari MacIntyre,"KitchenAid Blender, White",Western Asia,39.84,-12.96
TU-2017-TB11250134-42984,Tim Brockman,"Cameo Interoffice Envelope, Security-Tint",Western Asia,39.864,-49.836
IN-2017-GM1468027-42736,Greg Matthias,"Avery Color Coded Labels, Laser Printer Compatible",Eastern Asia,39.87,8.73
IN-2014-PO1886527-41666,Patrick O'Donnell,"Kraft Business Envelopes, Set of 50",Eastern Asia,39.96,15.18
IR-2014-TB1125060-41896,Tim Brockman,"StarTech Calculator, Wireless",Southern Asia,39.96,2.37
TU-2016-AC420134-42608,Alyssa Crouse,"Cardinal Binding Machine, Recycled",Western Asia,40.104,-39.156
IN-2017-JM1619558-42898,Justin MacKendrick,"Wilson Jones Binder, Recycled",Southern Asia,40.14,17.64
TU-2015-AR510134-42187,Andrew Roberts,"Harbour Creations Steel Folding Chair, Adjustable",Western Asia,40.152,-26.118
IN-2016-SW2024584-42454,Scot Wooten,"Avery File Folder Labels, Alphabetical",Eastern Asia,40.23,-17.01
KZ-2017-AS63068-43067,Ann Steele,"Tenex File Cart, Industrial",Central Asia,40.239,-68.421
KZ-2015-CA196568-42090,Carol Adams,"Tenex File Cart, Single Width",Central Asia,40.248,-81.852
KZ-2015-KC625568-42334,Karen Carlisle,"Tenex File Cart, Single Width",Central Asia,40.248,-81.852
IN-2017-LE16810130-43086,Laurel Elliston,"Eldon Photo Frame, Durable",Southeastern Asia,40.2522,12.6822
IN-2016-BS1159027-42655,Brendan Sweed,"Boston Highlighters, Fluorescent",Eastern Asia,40.26,4.38
IS-2016-JF556563-42648,Jill Fjeld,"Boston Highlighters, Fluorescent",Western Asia,40.26,10.44
SA-2016-BT1485110-42531,Brad Thomas,"Enermax Mouse, Bluetooth",Western Asia,40.29,4.83
IN-2015-BV1124527-42355,Benjamin Venier,"Smead Color Coded Labels, 5000 Label Set",Eastern Asia,40.32,18.54
TU-2017-VW11775134-43043,Victoria Wilson,"Hon Color Coded Labels, Alphabetical",Western Asia,40.416,-58.704
IN-2014-EH1418527-41732,Evan Henry,"Cardinal Binder Covers, Durable",Eastern Asia,40.5,19.8
IN-2016-SH1997527-42497,Sally Hughsby,"Stockwell Paper Clips, Assorted Sizes",Eastern Asia,40.5,4.05
ID-2014-HG14845144-41975,Harry Greene,"Rogers Box, Industrial",Southeastern Asia,40.587,-1.473
IN-2016-SC2038058-42591,Shahid Collister,"Xerox Message Books, Premium",Southern Asia,40.74,5.7
IN-2015-MM1726011-42169,Magdelene Morse,"Kleencut Trimmer, Steel",Southern Asia,40.83,1.62
TU-2016-JF5355134-42605,Jay Fein,"Acco Binding Machine, Economy",Western Asia,40.872,-31.728
TU-2017-AG495134-42990,Andrew Gjertsen,"Acco Binding Machine, Economy",Western Asia,40.872,-31.728
ID-2016-PF1916558-42723,Philip Fox,"Binney & Smith Markers, Water Color",Southern Asia,40.905,-6.615
IN-2017-BS1159058-42910,Brendan Sweed,"Belkin Mouse, USB",Southern Asia,40.92,13.89
IN-2015-SS2041027-42059,Shahid Shariari,"Stockwell Thumb Tacks, Metal",Eastern Asia,40.95,13.5
KZ-2016-KB658568-42729,Ken Black,"Nokia Signal Booster, with Caller ID",Central Asia,40.95,-55.98
IN-2016-ML1775558-42521,Max Ludwig,"Eaton Message Books, Recycled",Southern Asia,40.98,17.16
IN-2017-NP1832527-43069,Naresj Patel,"Kleencut Ruler, Serrated",Eastern Asia,41.04,11.04
IS-2015-MY829563-42190,Muhammed Yedwab,"Cardinal Hole Reinforcements, Durable",Western Asia,41.04,8.46
ID-2017-TC21475130-42942,Tony Chapman,"Sanford Pencil Sharpener, Fluorescent",Southeastern Asia,41.0697,-10.1403
IN-2015-DB1321058-42049,Dean Braden,"Eaton Memo Slips, Premium",Southern Asia,41.22,18.54
IN-2017-BM1157559-42910,Brendan Murry,"Rubbermaid Light Bulb, Black",Southeastern Asia,41.2596,9.5796
TU-2016-AR825134-42538,Anthony Rawles,"Binney & Smith Canvas, Easy-Erase",Western Asia,41.304,-44.436
TU-2017-AY555134-42841,Andy Yotov,"BIC Sketch Pad, Water Color",Western Asia,41.472,-46.668
IN-2017-KH1669027-42967,Kristen Hastings,"Advantus Rubber Bands, Bulk Pack",Eastern Asia,41.475,-8.325
ID-2017-CG12040102-43079,Catherine Glotzbach,"Avery Binding Machine, Economy",Southeastern Asia,41.514,-0.516
TU-2016-BF1080134-42420,Bart Folk,"Deflect-O Photo Frame, Black",Western Asia,41.52,-39.48
ID-2017-JW15955102-42933,Joni Wasserman,"Stiletto Scissors, Easy Grip",Southeastern Asia,41.6295,-29.5605
IN-2015-HR1477058-42369,Hallie Redmond,"Stockwell Paper Clips, Assorted Sizes",Southern Asia,41.67,17.01
IN-2015-AG1033027-42126,Alex Grayson,"GlobeWeis Business Envelopes, with clear poly window",Eastern Asia,41.76,12.9
TU-2015-CG2040134-42239,Catherine Glotzbach,"Sanford Pencil Sharpener, Water Color",Western Asia,41.76,-35.52
ID-2016-MK1816097-42533,Mike Kennedy,"Enermax Keyboard, USB",Southern Asia,41.835,-20.925
YM-2017-TB11400145-42989,Tom Boeckenhauer,"Cisco Speaker Phone, Full Size",Western Asia,41.931,-50.319
ID-2015-JJ15445118-42254,Jennifer Jackson,"Enermax Parchment Paper, Multicolor",Eastern Asia,42,-31.95
TU-2015-MW8220134-42128,Mitch Webber,"Xerox Computer Printout Paper, Recycled",Western Asia,42,-28.44
ID-2015-MH1762059-42343,Matt Hagelstein,"Eaton Computer Printout Paper, Recycled",Southeastern Asia,42.0714,-11.9286
IN-2014-KD16615102-41972,Ken Dana,"Ames Mailers, Security-Tint",Southeastern Asia,42.075,2.295
IR-2016-HF499560-42504,Herbert Flentye,"GlobeWeis Mailers, with clear poly window",Southern Asia,42.09,7.98
ID-2017-SP2065059-42928,Stephanie Phelps,"Fiskars Scissors, Serrated",Southeastern Asia,42.1032,-7.2168
ID-2014-EB1417059-41951,Evan Bailliet,"Eaton Note Cards, 8.5 x 11",Southeastern Asia,42.1191,-11.9709
TU-2016-SF10965134-42723,Sylvia Foulston,"Boston Markers, Blue",Western Asia,42.192,-20.088
IN-2014-JG1516027-41805,James Galang,"Advantus Paper Clips, Bulk Pack",Eastern Asia,42.21,7.56
SA-2015-AS225110-42058,Alan Schoenberger,"Belkin Mouse, Programmable",Western Asia,42.21,7.59
IN-2015-LO1717059-42022,Lori Olson,"Tenex Box, Industrial",Southeastern Asia,42.2802,-1.0998
IN-2017-BM11575102-42942,Brendan Murry,"Rubbermaid Light Bulb, Black",Southeastern Asia,42.39,10.71
IN-2017-HJ1487558-42934,Heather Jas,"Rubbermaid Door Stop, Erganomic",Southern Asia,42.42,19.92
IN-2017-JM1565559-42877,Jim Mitchum,"Elite Letter Opener, High Speed",Southeastern Asia,42.453,1.593
AE-2017-PG8820138-43044,Patrick Gardner,"Rogers File Cart, Industrial",Western Asia,42.48,-75.06
IN-2015-PP1895527-42083,Paul Prost,"Cardinal Binder, Recycled",Eastern Asia,42.57,10.62
IN-2015-TT2107027-42146,Ted Trevino,"OIC Thumb Tacks, Metal",Eastern Asia,42.57,2.97
ID-2017-MM18055102-42755,Michelle Moray,"Accos Clamps, Bulk Pack",Southeastern Asia,42.636,-14.004
ID-2016-RP1927059-42649,Rachel Payne,"Enermax Mouse, Bluetooth",Southeastern Asia,42.7074,-2.4726
IN-2015-GW1460527-42085,Giulietta Weimer,"BIC Pens, Blue",Eastern Asia,42.84,11.07
IN-2017-AB1015027-42986,Aimee Bixby,"BIC Pens, Blue",Eastern Asia,42.84,11.07
ID-2015-VP2173059-42014,Victor Preis,"Enermax Mouse, USB",Southeastern Asia,42.93,-18.63
TU-2015-DL2925134-42264,Daniel Lacy,"Tenex Shelving, Wire Frame",Western Asia,42.984,-51.636
TU-2015-KB6405134-42355,Katrina Bavinger,"Fellowes Folders, Industrial",Western Asia,43.008,-39.792
IZ-2015-BF127561-42098,Beth Fritzler,"Enermax Flash Drive, Programmable",Western Asia,43.02,15.48
TU-2017-TG11640134-43060,Trudy Glocke,"Boston Canvas, Easy-Erase",Western Asia,43.128,-39.912
KZ-2017-SP1062068-42797,Stefania Perrino,"Jiffy Mailers, Recycled",Central Asia,43.164,-72.036
TU-2015-LC6960134-42196,Lindsay Castell,"BIC Canvas, Easy-Erase",Western Asia,43.176,-28.104
IN-2017-TH2110058-42927,Thea Hendricks,"Avery Removable Labels, Adjustable",Southern Asia,43.2,1.2
IN-2016-SD2048559-42625,Shirley Daniels,"Harbour Creations Bag Chairs, Black",Southeastern Asia,43.2087,12.9987
ID-2017-AA1064559-43072,Anna Andreadi,"Avery Shipping Labels, Alphabetical",Southeastern Asia,43.2957,-5.8443
IN-2017-TS21430102-43005,Tom Stivers,"Ames Mailers, with clear poly window",Southeastern Asia,43.329,-18.171
TU-2017-PF9120134-42868,Peter Fuller,"Rubbermaid Frame, Erganomic",Western Asia,43.404,-24.966
IN-2016-CP1234066-42708,Christine Phan,"Kleencut Shears, Serrated",Eastern Asia,43.47,2.58
UZ-2017-IG5085142-43066,Ivan Gibson,"Kleencut Shears, Serrated",Central Asia,43.47,2.16
IN-2016-SR2074058-42528,Steven Roelle,"GlobeWeis Clasp Envelope, Recycled",Southern Asia,43.5,6
ID-2017-ML1826597-42862,Muhammed Lee,"Epson Calculator, Red",Southern Asia,43.56,-20.94
IN-2017-TG2131027-43073,Toby Gnade,"Harbour Creations File Folder Labels, Laser Printer Compatible",Eastern Asia,43.65,15.15
ID-2015-RW1954097-42206,Rick Wilson,"Wilson Jones Binder, Clear",Southern Asia,43.68,-35.91
TU-2016-AG765134-42494,Anthony Garverick,"Tenex Trays, Industrial",Western Asia,43.752,-54.708
IS-2017-SC1030563-43064,Sean Christensen,"Rubbermaid Door Stop, Duo Pack",Western Asia,43.86,3.06
IR-2015-MH802560-42342,Michelle Huthwaite,"Tenex Door Stop, Black",Southern Asia,43.89,14.46
LE-2017-BE141071-42995,Bobby Elias,"Novimex Shipping Labels, Laser Printer Compatible",Western Asia,43.92,19.32
TU-2016-CC2685134-42594,Craig Carroll,"Wilson Jones 3-Hole Punch, Clear",Western Asia,43.92,-35.16
SA-2016-MZ7335110-42491,Maria Zettner,"Deflect-O Door Stop, Black",Western Asia,43.95,1.74
ID-2017-KN16450144-43061,Kean Nguyen,"Kraft Manila Envelope, Set of 50",Southeastern Asia,43.9734,-2.7066
IN-2016-BE11410102-42714,Bobby Elias,"Jiffy Peel and Seal, Set of 50",Southeastern Asia,44.022,2.382
ID-2015-JE1561059-42006,Jim Epp,"Boston Highlighters, Fluorescent",Southeastern Asia,44.0847,-9.7353
TU-2014-FH4365134-41851,Fred Hopkins,"SanDisk Memory Card, Erganomic",Western Asia,44.088,-46.302
TU-2015-VF11715134-42103,Vicky Freymann,"Eldon Photo Frame, Durable",Western Asia,44.112,-35.328
ID-2015-GZ14545130-42335,George Zrebassa,"Elite Trimmer, High Speed",Southeastern Asia,44.1702,-19.1898
ID-2014-JE1574559-41964,Joel Eaton,"BIC Pencil Sharpener, Fluorescent",Southeastern Asia,44.1942,-12.1458
IN-2017-SC2072527-43001,Steven Cartwright,"Accos Staples, Metal",Eastern Asia,44.28,0.36
ID-2016-EB1397559-42650,Erica Bern,"Advantus Rubber Bands, Metal",Southeastern Asia,44.2815,-11.8185
ID-2016-AB1060059-42534,Ann Blume,"Green Bar Message Books, 8.5 x 11",Southeastern Asia,44.4087,-30.2013
ID-2017-PO19195130-42882,Phillina Ober,"SanDisk Message Books, 8.5 x 11",Southeastern Asia,44.4564,-36.9936
IN-2014-MH1778558-41727,Maya Herman,"Ames Peel and Seal, with clear poly window",Southern Asia,44.46,11.52
IN-2014-PW19030113-41922,Pauline Webber,"Eldon Light Bulb, Durable",Southeastern Asia,44.46,19.98
IN-2015-AS1009027-42051,Adam Shillingsburg,"Acco Binder Covers, Durable",Eastern Asia,44.46,10.62
IN-2016-KB1624027-42615,Karen Bern,"Acco Binder Covers, Durable",Eastern Asia,44.46,10.62
IN-2015-JF1535558-42166,Jay Fein,"Tenex Stacking Tray, Erganomic",Southern Asia,44.52,7.56
IN-2015-SJ2050011-42123,Shirley Jackson,"Avery Removable Labels, 5000 Label Set",Southern Asia,44.52,15.96
GG-2016-EB397547-42549,Erica Bern,"Acme Trimmer, High Speed",Western Asia,44.58,12.9
ID-2017-HM14860118-43091,Harry Marie,"Acme Trimmer, High Speed",Eastern Asia,44.58,-11.64
IN-2014-BD1177058-41784,Bryan Davis,"Kleencut Scissors, High Speed",Southern Asia,44.58,19.14
SA-2017-EC4050110-42891,Erin Creighton,"Tenex Folders, Wire Frame",Western Asia,44.58,21.36
ID-2014-CS12250102-41875,Chris Selesnick,"Xerox Memo Slips, Premium",Southeastern Asia,44.649,-10.611
IR-2017-PN877560-43047,Parhena Norris,"Stanley Sketch Pad, Easy-Erase",Southern Asia,44.7,8.49
ID-2014-SH20635102-41957,Stefanie Holloman,"Jiffy Mailers, with clear poly window",Southeastern Asia,44.781,-4.899
IR-2016-SM1095060-42644,Suzanne McNair,"Epson Calculator, White",Southern Asia,44.82,3.57
ID-2016-MT1781559-42542,Meg Tillman,"Stockwell Push Pins, Metal",Southeastern Asia,44.838,-5.202
ID-2014-DJ1363059-41958,Doug Jacobs,"Ames Manila Envelope, with clear poly window",Southeastern Asia,44.8857,-5.1543
TU-2017-HR4830134-42753,Harold Ryan,"SanDisk Memory Card, Bluetooth",Western Asia,44.964,-52.836
IN-2017-KA1652558-43044,Kelly Andreada,"Xerox Cards & Envelopes, Premium",Southern Asia,44.97,21.12
MG-2017-DK289584-42941,Dana Kaydos,"Advantus Door Stop, Black",Eastern Asia,45.03,9.45
ID-2015-CW11905102-42228,Carl Weiss,"Elite Letter Opener, Easy Grip",Southeastern Asia,45.045,-16.425
TU-2016-JW5220134-42548,Jane Waco,"SanDisk Memory Card, USB",Western Asia,45.048,-52.932
ID-2017-AS1024058-43079,Alan Shonely,"Avery Round Labels, 5000 Label Set",Southern Asia,45.18,5.76
IR-2014-AR82560-41754,Anthony Rawles,"Memorex Numeric Keypad, Bluetooth",Southern Asia,45.21,13.56
TU-2017-EN3780134-42895,Edward Nazzal,"Rubbermaid Light Bulb, Black",Western Asia,45.216,-17.064
IN-2017-JE1547527-42900,Jeremy Ellison,"OIC Staples, Bulk Pack",Eastern Asia,45.36,2.16
ID-2017-DJ13420130-43050,Denny Joy,"Avery 3-Hole Punch, Clear",Southeastern Asia,45.3678,-3.2922
TU-2015-MS7710134-42359,Maurice Satty,"Enermax Computer Printout Paper, Recycled",Western Asia,45.408,-62.472
TU-2017-CL2565134-43058,Clay Ludtke,"Memorex Mouse, USB",Western Asia,45.408,-46.632
ID-2017-SG20605144-43017,Speros Goranitis,"Avery Color Coded Labels, 5000 Label Set",Southeastern Asia,45.4176,-1.1424
IN-2016-DK1322566-42638,Dean Katz,"Memorex Numeric Keypad, Bluetooth",Eastern Asia,45.42,12.69
TU-2015-LW7125134-42064,Liz Willingham,"Tenex Light Bulb, Black",Western Asia,45.432,-34.128
KZ-2014-MH762068-41908,Matt Hagelstein,"Safco Stackable Bookrack, Pine",Central Asia,45.45,-43.95
TU-2015-JS5595134-42355,Jill Stevenson,"Boston Canvas, Water Color",Western Asia,45.456,-51.144
TU-2017-ED3885134-43023,Emily Ducich,"Fellowes Shelving, Wire Frame",Western Asia,45.528,-21.672
IN-2016-AD1018058-42650,Alan Dominguez,"Kleencut Ruler, Easy Grip",Southern Asia,45.54,10.89
ID-2017-PF1916559-43009,Philip Fox,"Enermax Flash Drive, Programmable",Southeastern Asia,45.6012,-37.0188
ID-2016-VP21730144-42622,Victor Preis,"Acme Ruler, Easy Grip",Southeastern Asia,45.6417,-5.0283
ID-2017-SC2023097-43071,Scot Coram,"Deflect-O Light Bulb, Duo Pack",Southern Asia,45.72,-4.59
SA-2017-AR345110-42877,Alex Russell,"Sanford Sketch Pad, Easy-Erase",Western Asia,45.75,21.03
TU-2017-JF5190134-42773,Jamie Frazer,"Enermax Memory Card, USB",Western Asia,45.84,-51.57
ID-2017-MK17905118-42816,Michael Kennedy,"Stockwell Thumb Tacks, Bulk Pack",Eastern Asia,45.99,-5.67
IN-2017-AA1031558-43092,Alex Avila,"Cardinal Binder, Durable",Southern Asia,45.99,13.32
IN-2017-DL1292558-42898,Daniel Lacy,"Cardinal Binder, Durable",Southern Asia,45.99,13.32
IN-2015-CK1232566-42090,Christine Kargatis,"Stiletto Scissors, Steel",Eastern Asia,46.02,0.9
ID-2017-MV18190118-43001,Mike Vittorini,"Kleencut Shears, Steel",Eastern Asia,46.17,-28.65
TU-2017-MH7785134-43093,Maya Herman,"Epson Receipt Printer, White",Western Asia,46.176,-19.644
TU-2014-PA9060134-41753,Pete Armstrong,"Hon Chairmat, Set of Two",Western Asia,46.224,-43.956
IR-2014-HF499560-41978,Herbert Flentye,"Cameo Interoffice Envelope, Recycled",Southern Asia,46.23,19.41
IR-2014-SC1038060-41855,Shahid Collister,"Cameo Interoffice Envelope, Recycled",Southern Asia,46.23,19.41
IN-2016-RF1984027-42407,Roy Französisch,"Logitech Numeric Keypad, Bluetooth",Eastern Asia,46.32,16.2
IR-2014-SS1051560-41855,Shirley Schmidt,"Binney & Smith Sketch Pad, Blue",Southern Asia,46.32,12.03
TU-2015-LS6975134-42259,Lindsay Shagiari,"Enermax Memory Card, Programmable",Western Asia,46.356,-47.544
IN-2016-VT2170058-42581,Valerie Takahito,"Harbour Creations File Folder Labels, Adjustable",Southern Asia,46.41,3.99
IZ-2015-Dl360061-42148,Dorris liebe,"Epson Calculator, Wireless",Western Asia,46.41,23.19
IN-2014-SP2092027-41935,Susan Pistek,"Ibico Binder, Economy",Eastern Asia,46.44,11.61
IN-2016-SS20140144-42560,Saphhira Shifley,"Eaton Note Cards, Premium",Southeastern Asia,46.4634,18.4434
TU-2015-IM5070134-42170,Irene Maddox,"Eldon Frame, Duo Pack",Western Asia,46.524,-17.466
ID-2014-AG1052597-41987,Andy Gerbode,"Epson Calculator, Durable",Southern Asia,46.53,-27.03
IN-2014-GT1475558-42002,Guy Thornton,"Acco Binder, Recycled",Southern Asia,46.53,1.8
IN-2016-VW2177527-42717,Victoria Wilson,"Acco Binder, Recycled",Eastern Asia,46.53,1.8
ID-2015-MG1814559-42341,Mike Gockenbach,"Novimex Shipping Labels, Laser Printer Compatible",Southeastern Asia,46.5552,-27.3648
IN-2017-RR1931566-42984,Ralph Ritter,"Binney & Smith Sketch Pad, Easy-Erase",Eastern Asia,46.59,-10.29
IN-2017-DA1345027-42977,Dianna Arnett,"Hon Round Labels, Laser Printer Compatible",Eastern Asia,46.62,8.19
SA-2015-RF9840110-42007,Roy Französisch,"GlobeWeis Interoffice Envelope, Recycled",Western Asia,46.62,13.5
IN-2017-AH1046527-43014,Amy Hunt,"Avery Shipping Labels, Alphabetical",Eastern Asia,46.68,18.6
IN-2015-OT1873088-42171,Olvera Toch,"Smead Box, Industrial",Southeastern Asia,46.6875,17.8875
IN-2015-DC1328566-42350,Debra Catini,"Stockwell Rubber Bands, 12 Pack",Eastern Asia,46.71,16.74
IN-2017-DR1294058-43025,Daniel Raglin,"Enermax Memo Slips, Recycled",Southern Asia,46.71,19.53
ID-2015-MB1730559-42129,Maria Bertelson,"Sanford Highlighters, Easy-Erase",Southeastern Asia,46.7784,-14.7816
ID-2017-GA14725118-43087,Guy Armstrong,"Green Bar Note Cards, Premium",Eastern Asia,46.8,-42.12
IZ-2017-RH949561-43004,Rick Hansen,"Stanley Markers, Fluorescent",Western Asia,46.92,15.9
ID-2017-EB13930130-42804,Eric Barreto,"Acme Scissors, Serrated",Southeastern Asia,46.9368,-16.9032
ID-2014-SJ2012597-41984,Sanjit Jacobs,"Avery Index Tab, Economy",Southern Asia,46.98,-26.46
SA-2017-EG3900110-42958,Emily Grady,"Avery Index Tab, Economy",Western Asia,46.98,19.26
ID-2017-EC1405059-42989,Erin Creighton,"BIC Pencil Sharpener, Water Color",Southeastern Asia,46.9974,-14.2026
ID-2015-SC20260102-42161,Scott Cohen,"Enermax Note Cards, Premium",Southeastern Asia,47.025,-4.275
IN-2015-JE1561027-42077,Jim Epp,"Cardinal Index Tab, Clear",Eastern Asia,47.04,21
TU-2015-MK7905134-42349,Michael Kennedy,"Stanley Highlighters, Blue",Western Asia,47.04,-47.04
ID-2017-VB2174559-42856,Victoria Brennan,"Memorex Flash Drive, USB",Southeastern Asia,47.0799,-6.2901
ID-2016-RW1969066-42436,Robert Waldorf,"Jiffy Peel and Seal, with clear poly window",Eastern Asia,47.1,15.54
IN-2017-DB13060144-42920,Dave Brooks,"Sanford Highlighters, Water Color",Southeastern Asia,47.1357,15.8157
IN-2017-LW17215102-42993,Luke Weiss,"Eldon Stacking Tray, Black",Southeastern Asia,47.25,11.31
IZ-2016-DK283561-42633,Damala Kotsonis,"Wilson Jones Index Tab, Clear",Western Asia,47.28,4.08
AJ-2017-GG46509-42977,Greg Guthrie,"Hon Bag Chairs, Set of Two",Western Asia,47.4,5.67
TU-2015-LW6990134-42265,Lindsay Williams,"Belkin Numeric Keypad, Erganomic",Western Asia,47.4,-68.76
IR-2015-KB631560-42301,Karl Braun,"Eldon Shelving, Wire Frame",Southern Asia,47.49,3.78
SA-2016-BH1710110-42582,Brosina Hoffman,"Eldon Shelving, Wire Frame",Western Asia,47.49,3.78
ID-2017-MS1736559-43047,Maribeth Schnelling,"Enermax Computer Printout Paper, Multicolor",Southeastern Asia,47.5092,-20.6208
IN-2016-GR1456027-42457,Georgia Rosenberg,"Ibico Binder, Recycled",Eastern Asia,47.52,18.45
IN-2017-GH1466527-43033,Greg Hansen,"Binney & Smith Sketch Pad, Fluorescent",Eastern Asia,47.58,13.32
IS-2016-AO81063-42637,Anthony O'Donnell,"Binney & Smith Sketch Pad, Fluorescent",Western Asia,47.58,2.37
ID-2014-SA20830102-41712,Sue Ann Reed,"Sanford Pens, Fluorescent",Southeastern Asia,47.586,-13.944
IN-2014-SN2056027-41873,Skye Norling,"Cameo Clasp Envelope, Security-Tint",Eastern Asia,47.64,17.04
IN-2017-TC2098058-42968,Tamara Chand,"Eldon Light Bulb, Erganomic",Southern Asia,47.64,19.5
IZ-2014-SG1008061-41776,Sandra Glassco,"Fiskars Shears, High Speed",Western Asia,47.64,23.34
IN-2015-DK1322558-42199,Dean Katz,"Tenex Stacking Tray, Erganomic",Southern Asia,47.7,19.98
IR-2017-BS136560-43063,Bill Shonely,"Enermax Message Books, Multicolor",Southern Asia,47.82,2.34
IS-2017-MH802563-43086,Michelle Huthwaite,"Deflect-O Stacking Tray, Erganomic",Western Asia,47.82,13.38
IN-2015-JG1511558-42310,Jack Garza,"Jiffy Business Envelopes, Security-Tint",Southern Asia,47.88,9.09
IN-2015-MG1768011-42232,Maureen Gastineau,"Jiffy Business Envelopes, Security-Tint",Southern Asia,47.88,9.09
KZ-2017-AP72068-42911,Anne Pryor,"Novimex Steel Folding Chair, Black",Central Asia,47.88,-84.6
IR-2017-JP613560-42938,Julie Prescott,"Rogers Box, Single Width",Southern Asia,48,5.76
TU-2015-PB9150134-42139,Philip Brown,"Cardinal Binder Covers, Economy",Western Asia,48,-67.2
IN-2015-TP2141597-42156,Tom Prescott,"Eaton Memo Slips, Premium",Southern Asia,48.09,-4.83
IN-2014-CD11920102-41937,Carlos Daly,"Wilson Jones 3-Hole Punch, Recycled",Southeastern Asia,48.195,19.275
IN-2017-SC20770102-42904,Stewart Carmichael,"Wilson Jones 3-Hole Punch, Recycled",Southeastern Asia,48.195,19.275
IR-2016-MV819060-42640,Mike Vittorini,"SanDisk Cards & Envelopes, Recycled",Southern Asia,48.33,1.92
ID-2017-PC19000102-43079,Pauline Chand,"Stockwell Thumb Tacks, 12 Pack",Southeastern Asia,48.3945,-23.0055
IR-2017-HE480060-42885,Harold Engle,"Eldon Shelving, Blue",Southern Asia,48.42,13.05
SA-2014-LD6855110-41989,Lela Donovan,"Advantus Clock, Durable",Western Asia,48.42,2.88
IR-2017-HE480060-43064,Harold Engle,"Eldon Trays, Industrial",Southern Asia,48.45,22.77
TU-2014-TS11205134-41842,Thomas Seio,"Sharp Personal Copier, Color",Western Asia,48.576,-40.104
IR-2015-EB393060-42089,Eric Barreto,"Elite Shears, Easy Grip",Southern Asia,48.63,2.91
IR-2016-MH762060-42532,Matt Hagelstein,"BIC Sketch Pad, Blue",Southern Asia,48.66,8.73
IZ-2014-CC214561-41975,Charles Crestani,"Binney & Smith Markers, Easy-Erase",Western Asia,48.72,19.44
IN-2017-AS1022527-42744,Alan Schoenberger,"Avery Shipping Labels, Adjustable",Eastern Asia,48.75,11.7
IN-2014-SW20455127-41644,Shaun Weien,"Rubbermaid Photo Frame, Durable",Eastern Asia,48.78,22.92
ID-2017-PB1880559-43092,Patrick Bzostek,"Stiletto Scissors, Steel",Southeastern Asia,48.7812,-41.4588
IN-2014-AR10510144-41844,Andrew Roberts,"Hon Shipping Labels, 5000 Label Set",Southeastern Asia,48.804,1.704
IN-2016-RA1988527-42665,Ruben Ausman,"Avery Binding Machine, Economy",Eastern Asia,48.84,-35.22
IN-2014-NF1847527-41947,Neil Französisch,"Tenex Clock, Erganomic",Eastern Asia,48.87,16.59
IZ-2017-BE141061-43036,Bobby Elias,"Boston Sketch Pad, Easy-Erase",Western Asia,48.87,14.16
KG-2016-JF529570-42465,Jason Fortune-,"Boston Sketch Pad, Easy-Erase",Central Asia,48.87,14.16
IN-2016-AS1028558-42548,Alejandro Savely,"Rogers Box, Industrial",Southern Asia,48.9,6.84
IR-2014-AS22560-41776,Alan Schoenberger,"Smead Shelving, Blue",Southern Asia,48.93,14.67
IR-2014-EB387060-41887,Emily Burns,"Sanford Markers, Fluorescent",Southern Asia,49.02,19.56
KZ-2016-MG820568-42497,Mitch Gastineau,"StarTech Card Printer, Wireless",Central Asia,49.05,-70.32
IN-2014-BM1178559-41847,Bryan Mills,"Fellowes Box, Single Width",Southeastern Asia,49.0779,-5.3721
ID-2015-MC1784559-42262,Michael Chen,"Elite Shears, Steel",Southeastern Asia,49.1946,-39.9654
TU-2017-FP4320134-42994,Frank Preis,"Ikea Corner Shelving, Traditional",Western Asia,49.224,-27.096
IN-2014-AB1025558-41915,Alejandro Ballentine,"Fiskars Letter Opener, Steel",Southern Asia,49.26,4.92
IN-2016-AA1064511-42634,Anna Andreadi,"Fiskars Letter Opener, Steel",Southern Asia,49.26,4.92
ID-2015-EK13795102-42226,Eileen Kiefer,"Enermax Computer Printout Paper, Multicolor",Southeastern Asia,49.302,-18.828
AJ-2014-CM19359-41693,Carlos Meador,"Wilson Jones Binding Machine, Recycled",Western Asia,49.32,5.4
SA-2016-TC11475110-42692,Tony Chapman,"Kraft Interoffice Envelope, Security-Tint",Western Asia,49.32,4.92
MG-2017-MP796584-42904,Michael Paige,"Smead Shelving, Industrial",Eastern Asia,49.41,11.85
ID-2016-SC2009597-42588,Sanjit Chand,"OIC Clamps, Bulk Pack",Southern Asia,49.425,-24.825
IR-2017-JO555060-42748,Jesus Ocampo,"Okidata Calculator, Red",Southern Asia,49.44,14.31
IS-2017-KT648063-43016,Kean Thornton,"Okidata Calculator, Red",Western Asia,49.44,14.31
IN-2014-PF1912027-41713,Peter Fuller,"Novimex File Folder Labels, Laser Printer Compatible",Eastern Asia,49.5,0.36
IN-2014-RC1996027-41923,Ryan Crowe,"OIC Rubber Bands, 12 Pack",Eastern Asia,49.5,1.44
IN-2017-SJ20215127-42772,Sarah Jordon,"Tenex Box, Blue",Eastern Asia,49.5,1.44
IZ-2017-GM468061-43028,Greg Matthias,"Binney & Smith Sketch Pad, Water Color",Western Asia,49.5,16.32
ID-2015-VT2170059-42044,Valerie Takahito,"Stockwell Rubber Bands, 12 Pack",Southeastern Asia,49.5126,-10.4274
TU-2016-GH4665134-42525,Greg Hansen,"HP Personal Copier, Digital",Western Asia,49.572,-54.558
TU-2016-MY8295134-42591,Muhammed Yedwab,"Ikea Stackable Bookrack, Pine",Western Asia,49.572,-12.408
IN-2016-JO1528027-42492,Jas O'Carroll,"Tenex Box, Single Width",Eastern Asia,49.59,17.28
IN-2017-PO1885058-43066,Patrick O'Brill,"Smead Folders, Wire Frame",Southern Asia,49.68,6.93
TU-2016-KL6645134-42549,Ken Lonsdale,"Rogers Shelving, Single Width",Western Asia,49.728,-64.692
IN-2017-CK1220527-42976,Chloris Kastensmidt,"SanDisk Cards & Envelopes, Multicolor",Eastern Asia,49.83,3.48
SA-2017-BP1230110-43017,Benjamin Patterson,"Cameo Interoffice Envelope, Security-Tint",Western Asia,49.83,4.98
ID-2017-TG2131059-43086,Toby Gnade,"Kleencut Box Cutter, Serrated",Southeastern Asia,49.8465,-10.3635
TU-2015-CM2655134-42104,Corinna Mitchell,"SAFCO Chairmat, Adjustable",Western Asia,49.848,-47.412
TU-2017-MM7260134-42804,Magdelene Morse,"SAFCO Chairmat, Adjustable",Western Asia,49.848,-47.412
IR-2017-VP1173060-43045,Victor Preis,"Boston Sketch Pad, Fluorescent",Southern Asia,49.86,0
IZ-2017-DH367561-43080,Duane Huffman,"Wilson Jones Binder, Clear",Western Asia,49.92,3.96
ID-2016-AO1081059-42713,Anthony O'Donnell,"Kraft Business Envelopes, Recycled",Southeastern Asia,49.926,-34.974
IN-2017-VM2168527-42869,Valerie Mitchum,"Stockwell Clamps, Assorted Sizes",Eastern Asia,50.04,22.5
KZ-2017-JC610568-42998,Julie Creighton,"Cameo Mailers, with clear poly window",Central Asia,50.04,-110.16
TU-2017-HA4920134-42967,Helen Andreada,"Ikea Stackable Bookrack, Mobile",Western Asia,50.04,-15.03
TU-2016-DN3690134-42507,Duane Noonan,"Breville Coffee Grinder, Silver",Western Asia,50.088,-25.092
IR-2017-DM301560-43070,Darrin Martin,"Stanley Pencil Sharpener, Water Color",Southern Asia,50.1,3
IR-2017-JM558060-43031,Jill Matthias,"Cardinal Binding Machine, Recycled",Southern Asia,50.13,10.5
IN-2015-JL1583527-42162,John Lee,"Rubbermaid Clock, Black",Eastern Asia,50.16,17.04
IN-2014-BH1171059-41645,Brosina Hoffman,"Fellowes Box, Industrial",Southeastern Asia,50.1984,6.0084
IN-2015-KC16675144-42107,Kimberly Carter,"Hon File Folder Labels, Laser Printer Compatible",Southeastern Asia,50.1984,2.3184
IN-2016-LH1715588-42540,Logan Haushalter,"Fellowes Box, Industrial",Southeastern Asia,50.1984,6.0084
IN-2017-SC2057566-42923,Sonia Cooley,"GlobeWeis Interoffice Envelope, Security-Tint",Eastern Asia,50.22,3
IZ-2015-AF87061-42233,Art Ferguson,"Eldon Door Stop, Duo Pack",Western Asia,50.22,15.54
ID-2014-BW1106559-41931,Barry Weirich,"Elite Box Cutter, Serrated",Southeastern Asia,50.2281,-2.8719
IR-2017-ER385560-42988,Elpida Rittenbach,"Tenex Clock, Black",Southern Asia,50.25,12.54
ID-2016-MP1747059-42440,Mark Packer,"Cameo Interoffice Envelope, Set of 50",Southeastern Asia,50.2758,-0.9642
IR-2016-MS753060-42598,MaryBeth Skach,"Panasonic Calculator, Wireless",Southern Asia,50.28,0.99
ID-2017-BP11095102-42881,Bart Pistole,"Acco 3-Hole Punch, Clear",Southeastern Asia,50.286,-8.334
TU-2017-JW5955134-42994,Joni Wasserman,"HP Personal Copier, Color",Western Asia,50.292,-47.778
IN-2017-HE14800113-43094,Harold Engle,"Avery Binding Machine, Durable",Southeastern Asia,50.34,10.56
KZ-2016-AR40568-42414,Allen Rosenblatt,"Samsung Audio Dock, Full Size",Central Asia,50.436,-95.844
TU-2014-CD2790134-41943,Cynthia Delaney,"Samsung Speaker Phone, Cordless",Western Asia,50.436,-54.234
IN-2017-AB1001558-42987,Aaron Bergman,"Wilson Jones Binding Machine, Durable",Southern Asia,50.46,22.68
IR-2014-SZ1003560-41909,Sam Zeldin,"Wilson Jones Binding Machine, Durable",Southern Asia,50.46,0.99
SA-2017-AC450110-42895,Amy Cox,"Kraft Interoffice Envelope, with clear poly window",Western Asia,50.46,19.65
IR-2017-TT1126560-42945,Tim Taslimi,"Sanford Canvas, Blue",Southern Asia,50.52,14.64
IN-2014-CT1199558-41810,Carol Triggs,"SanDisk Memo Slips, Recycled",Southern Asia,50.67,10.62
IN-2017-AR1034558-42943,Alex Russell,"Binney & Smith Markers, Fluorescent",Southern Asia,50.7,10.14
TU-2014-JS5940134-41753,Joni Sundaresam,"Eldon File Cart, Blue",Western Asia,50.784,-73.656
IN-2015-NM18520144-42143,Neoma Murray,"Avery Shipping Labels, 5000 Label Set",Southeastern Asia,50.796,11.496
IN-2016-NB1865559-42638,Nona Balk,"Cardinal Binder, Durable",Southeastern Asia,50.8956,7.3356
IN-2014-JM1619558-41799,Justin MacKendrick,"Ibico Binder, Durable",Southern Asia,50.94,10.62
IN-2015-CY1274527-42224,Craig Yedwab,"Fellowes Folders, Wire Frame",Eastern Asia,50.94,1.98
TU-2017-EB3930134-42857,Eric Barreto,"Smead File Cart, Blue",Western Asia,50.988,-75.222
IN-2017-SO20335144-42840,Sean O'Donnell,"Rogers Folders, Single Width",Southeastern Asia,50.9952,7.9752
IN-2015-AF1088559-42218,Art Foster,"Ibico 3-Hole Punch, Recycled",Southeastern Asia,51.1446,18.4446
TU-2017-FO4305134-42990,Frank Olsen,"Eldon File Cart, Industrial",Western Asia,51.156,-61.404
TU-2016-SN10710134-42724,Steve Nguyen,"Hon Rocking Chair, Black",Western Asia,51.276,-28.224
IN-2017-JM1586527-42876,John Murray,"Advantus Light Bulb, Durable",Eastern Asia,51.3,13.32
TU-2015-JE5745134-42226,Joel Eaton,"Smead File Cart, Single Width",Western Asia,51.372,-75.798
ID-2014-AP10720130-41967,Anne Pryor,"Smead Trays, Blue",Southeastern Asia,51.3888,1.8888
IR-2014-JK562560-41869,Jim Karlsson,"Ibico Binding Machine, Economy",Southern Asia,51.42,4.62
ID-2016-SC2005097-42528,Sample Company A,"Acco Binding Machine, Recycled",Southern Asia,51.45,-23.67
IN-2017-JW1522058-43001,Jane Waco,"Eldon Box, Single Width",Southern Asia,51.45,20.55
ID-2014-PW19030130-41660,Pauline Webber,"Sanford Sketch Pad, Water Color",Southeastern Asia,51.5796,-24.3804
AJ-2016-JR57009-42523,Jocasta Rupert,"Konica Calculator, Wireless",Western Asia,51.63,24.24
IZ-2016-CA226561-42692,Christina Anderson,"Binney & Smith Canvas, Easy-Erase",Western Asia,51.63,8.76
IR-2014-SM1095060-41889,Suzanne McNair,"Sanford Pencil Sharpener, Fluorescent",Southern Asia,51.66,18.06
IN-2017-DD1357027-42895,Dorothy Dickinson,"Konica Calculator, Durable",Eastern Asia,51.75,17.58
IR-2014-NG835560-41642,Nat Gilpin,"BIC Sketch Pad, Water Color",Southern Asia,51.84,7.77
IZ-2016-CS250561-42491,Cindy Stewart,"BIC Sketch Pad, Water Color",Western Asia,51.84,7.77
UZ-2015-DW3480142-42057,Dianna Wilson,"Stockwell Thumb Tacks, 12 Pack",Central Asia,51.84,23.28
TU-2016-EB3870134-42603,Emily Burns,"Nokia Office Telephone, with Caller ID",Western Asia,52.104,-72.996
TU-2017-MO7500134-42819,Mary O'Rourke,"Nokia Office Telephone, with Caller ID",Western Asia,52.104,-72.996
ID-2017-BF1117097-43023,Ben Ferrer,"Sanford Pencil Sharpener, Water Color",Southern Asia,52.2,-14.64
IN-2014-FW1439511-41753,Fred Wasserman,"Sanford Pencil Sharpener, Water Color",Southern Asia,52.2,18.78
IR-2017-EH418560-42979,Evan Henry,"Sanford Pencil Sharpener, Water Color",Southern Asia,52.2,13.56
IR-2017-JS588060-42801,John Stevenson,"Sanford Pencil Sharpener, Water Color",Southern Asia,52.2,13.56
IN-2015-OT1873090-42283,Olvera Toch,"Novimex Legal Exhibit Labels, Laser Printer Compatible",Southern Asia,52.35,7.8
IN-2017-RM19750102-43053,Roland Murray,"Ibico 3-Hole Punch, Recycled",Southeastern Asia,52.377,19.677
ID-2016-EB1397559-42661,Erica Bern,"Accos Rubber Bands, Assorted Sizes",Southeastern Asia,52.4223,-29.6877
TU-2014-BC1125134-41707,Becky Castell,"Motorola Speaker Phone, Full Size",Western Asia,52.428,-64.242
ID-2017-MW18235102-43084,Mitch Willingham,"Acme Letter Opener, Easy Grip",Southeastern Asia,52.5195,-3.8205
GG-2016-RD966047-42726,Robert Dilbeck,"Acco Binding Machine, Durable",Western Asia,52.59,12.6
IZ-2016-NM844561-42547,Nathan Mautz,"Acco Binding Machine, Durable",Western Asia,52.59,12.6
MG-2014-PB915084-41818,Philip Brown,"Binney & Smith Canvas, Fluorescent",Eastern Asia,52.62,9.99
IN-2016-RA1988558-42598,Ruben Ausman,"Avery Binder Covers, Clear",Southern Asia,52.65,8.85
IR-2015-RK930060-42246,Ralph Kennedy,"Boston Markers, Blue",Southern Asia,52.74,21.6
IR-2015-SM1090560-42117,Susan MacKendrick,"Boston Markers, Blue",Southern Asia,52.74,21.6
ID-2015-SJ2050097-42266,Shirley Jackson,"BIC Markers, Blue",Southern Asia,52.86,-6.42
IZ-2015-JS588061-42076,John Stevenson,"Sanford Markers, Water Color",Western Asia,52.86,4.74
SA-2015-KH6330110-42230,Katharine Harms,"Fellowes Folders, Single Width",Western Asia,52.86,21.66
ID-2015-JM1558059-42278,Jill Matthias,"Kraft Business Envelopes, Set of 50",Southeastern Asia,52.947,-9.003
IZ-2017-BP115561-42759,Becky Pak,"Advantus Photo Frame, Black",Western Asia,52.98,0.51
IN-2016-AF1088527-42505,Art Foster,"Office Star Bag Chairs, Black",Eastern Asia,53.01,4.77
IS-2014-MR754563-41924,Mathew Reese,"Office Star Bag Chairs, Black",Western Asia,53.01,21.72
IN-2017-MA17995121-42961,Michelle Arnett,"Harbour Creations File Folder Labels, Adjustable",Southern Asia,53.04,4.56
SY-2016-SC10380126-42496,Shahid Collister,"Avery Binder, Recycled",Western Asia,53.04,24.36
IN-2014-LE1681066-41968,Laurel Elliston,"Boston Markers, Easy-Erase",Eastern Asia,53.28,3.72
IN-2016-PW1903058-42546,Pauline Webber,"Boston Markers, Easy-Erase",Southern Asia,53.28,3.72
SA-2017-CL1890110-43008,Carl Ludwig,"Tenex Trays, Wire Frame",Western Asia,53.28,26.64
TU-2016-GP4740134-42598,Guy Phonely,"Stanley Markers, Blue",Western Asia,53.28,-68.04
TU-2017-AH585134-42793,Angele Hood,"Tenex File Cart, Blue",Western Asia,53.28,-55.95
ID-2016-BD11320102-42479,Bill Donatelli,"Eldon Shelving, Single Width",Southeastern Asia,53.295,-38.805
IZ-2014-CM216061-41867,Charles McCrossin,"Wilson Jones Binder, Recycled",Western Asia,53.52,20.28
IN-2015-EP1391527-42309,Emily Phan,"Hon Color Coded Labels, Adjustable",Eastern Asia,53.55,6.3
IN-2015-MM17920102-42201,Michael Moore,"Eldon Light Bulb, Erganomic",Southeastern Asia,53.595,11.385
IN-2015-CL1270066-42173,Craig Leslie,"Boston Canvas, Blue",Eastern Asia,53.64,20.37
IR-2017-EJ372060-42944,Ed Jacobs,"Boston Canvas, Blue",Southern Asia,53.64,13.41
IN-2014-AF1087059-41947,Art Ferguson,"Stanley Highlighters, Blue",Southeastern Asia,53.655,2.205
IN-2014-NP1870058-41950,Nora Preis,"GlobeWeis Clasp Envelope, with clear poly window",Southern Asia,53.76,17.64
ID-2017-EM13825102-42750,Elizabeth Moffitt,"BIC Sketch Pad, Easy-Erase",Southeastern Asia,53.823,-28.437
ID-2017-AW1093059-42952,Arthur Wiediger,"Green Bar Computer Printout Paper, 8.5 x 11",Southeastern Asia,53.901,-21.429
AJ-2017-RD97209-42991,Roger Demir,"Boston Canvas, Easy-Erase",Western Asia,53.91,12.39
IN-2016-AH1019558-42626,Alan Haines,"Smead Folders, Industrial",Southern Asia,53.91,24.75
SA-2017-LE6810110-43037,Laurel Elliston,"Novimex Chairmat, Black",Western Asia,53.91,11.85
IN-2014-CS12400102-41916,Christopher Schild,"Wilson Jones Binder Covers, Durable",Southeastern Asia,53.9325,15.0825
IN-2017-CM1244566-42792,Chuck Magee,"Elite Ruler, Easy Grip",Eastern Asia,53.97,-28.14
IN-2014-MG1787558-41799,Michael Grace,"Cameo Manila Envelope, Set of 50",Southern Asia,54,18.36
IN-2014-JM15265144-41761,Janet Molinari,"Nokia Office Telephone, with Caller ID",Southeastern Asia,54.0579,4.5579
ID-2017-MG1769559-42797,Maureen Gnade,"OIC Staples, Bulk Pack",Southeastern Asia,54.0918,-43.1082
IN-2016-LM1706588-42668,Liz MacKendrick,"Enermax Computer Printout Paper, 8.5 x 11",Southeastern Asia,54.1326,3.9126
IN-2014-NL1831027-41746,Nancy Lomonaco,"Hon File Folder Labels, 5000 Label Set",Eastern Asia,54.18,19.98
IN-2016-VM2168511-42525,Valerie Mitchum,"Hon File Folder Labels, 5000 Label Set",Southern Asia,54.18,19.98
KG-2016-CR273070-42645,Craig Reiter,"Ames Manila Envelope, Security-Tint",Central Asia,54.18,21.66
SA-2017-RM9750110-42970,Roland Murray,"Sanford Pencil Sharpener, Easy-Erase",Western Asia,54.18,27.06
IN-2016-DB1336059-42692,Dennis Bolton,"Enermax Memo Slips, Multicolor",Southeastern Asia,54.2826,-13.3974
TU-2015-SS10875134-42236,Sung Shariari,"Eldon Folders, Blue",Western Asia,54.336,-58.464
IN-2014-MC1813058-41914,Mike Caudle,"Advantus Thumb Tacks, Bulk Pack",Southern Asia,54.36,9.72
IN-2016-SC2002058-42521,Sam Craven,"SanDisk Parchment Paper, Multicolor",Southern Asia,54.36,20.07
IN-2017-JL1550527-42966,Jeremy Lonsdale,"SanDisk Parchment Paper, Multicolor",Eastern Asia,54.36,20.07
ID-2015-JM1619559-42226,Justin MacKendrick,"GlobeWeis Interoffice Envelope, with clear poly window",Southeastern Asia,54.4416,-33.9384
SA-2017-SV10785110-43025,Stewart Visinsky,"Elite Letter Opener, Easy Grip",Western Asia,54.6,2.16
TU-2016-JC6105134-42420,Julie Creighton,"Samsung Signal Booster, with Caller ID",Western Asia,54.636,-81.954
IR-2016-AB15060-42619,Aimee Bixby,"Avery 3-Hole Punch, Clear",Southern Asia,54.66,7.08
TU-2016-EM3960134-42387,Eric Murdock,"Apple Signal Booster, with Caller ID",Western Asia,54.66,-69.72
TU-2016-JH5430134-42469,Jennifer Halladay,"Apple Signal Booster, VoIP",Western Asia,54.696,-68.394
IN-2015-MS17710113-42225,Maurice Satty,"Accos Thumb Tacks, Bulk Pack",Southeastern Asia,54.72,6
ID-2015-DK12835102-42145,Damala Kotsonis,"Green Bar Parchment Paper, Recycled",Southeastern Asia,54.747,-34.893
IN-2017-BD1132058-42989,Bill Donatelli,"Stockwell Paper Clips, Assorted Sizes",Southern Asia,54.75,22.35
IN-2017-VP2173058-42755,Victor Preis,"Harbour Creations Legal Exhibit Labels, Laser Printer Compatible",Southern Asia,54.75,15.75
TU-2014-RW9540134-41894,Rick Wilson,"SAFCO Rocking Chair, Set of Two",Western Asia,54.864,-82.296
IN-2017-AT1043527-42821,Alyssa Tate,"Novimex Shipping Labels, Laser Printer Compatible",Eastern Asia,54.9,8.7
IZ-2015-KB631561-42349,Karl Braun,"Wilson Jones 3-Hole Punch, Clear",Western Asia,54.9,15.36
TU-2016-RP9855134-42700,Roy Phan,"Fellowes File Cart, Single Width",Western Asia,54.936,-82.404
TU-2017-DK3150134-42888,David Kendrick,"SAFCO Rocking Chair, Adjustable",Western Asia,54.96,-33
ID-2014-RF19345102-41788,Randy Ferguson,"Stockwell Clamps, Assorted Sizes",Southeastern Asia,55.044,-0.036
TU-2017-ND8370134-43052,Natalie DeCherney,"Stockwell Staples, 12 Pack",Western Asia,55.104,-31.836
IN-2014-KM1666058-41898,Khloe Miller,"Tenex Shelving, Industrial",Southern Asia,55.14,17.07
IN-2016-RD1958511-42672,Rob Dowd,"Tenex Shelving, Industrial",Southern Asia,55.14,17.07
IN-2015-TS21085144-42307,Thais Sissman,"Stanley Markers, Blue",Southeastern Asia,55.278,20.628
ID-2017-NP18685102-42955,Nora Pelletier,"Cuisinart Blender, White",Southeastern Asia,55.3605,-7.1895
IN-2016-BW1120058-42533,Ben Wallace,"Xerox Computer Printout Paper, Multicolor",Southern Asia,55.5,25.5
TU-2015-VW11775134-42249,Victoria Wilson,"Samsung Signal Booster, Cordless",Western Asia,55.776,-26.514
ID-2015-BW1106597-42092,Barry Weirich,"Acme Box Cutter, Steel",Southern Asia,55.8,-42.48
IN-2014-JD1615027-41895,Justin Deggeller,"Avery Legal Exhibit Labels, Alphabetical",Eastern Asia,55.8,6.6
IN-2015-JP1613527-42187,Julie Prescott,"Green Bar Message Books, 8.5 x 11",Eastern Asia,55.86,6.12
IN-2016-EH1394559-42590,Eric Hoffmann,"Green Bar Memo Slips, 8.5 x 11",Southeastern Asia,55.8885,3.0885
IN-2015-Dl1360058-42073,Dorris liebe,"Stockwell Rubber Bands, Assorted Sizes",Southern Asia,55.92,27.96
IN-2015-KN1639058-42125,Katherine Nockton,"Eaton Note Cards, Premium",Southern Asia,55.98,27.96
IN-2016-JM156551-42636,Jim Mitchum,"Wilson Jones 3-Hole Punch, Economy",Southern Asia,55.98,7.8
IZ-2015-FH427561-42322,Frank Hawley,"Ibico Binder Covers, Recycled",Western Asia,56.04,20.64
IN-2016-CS1250558-42433,Cindy Stewart,"Novimex Chairmat, Red",Southern Asia,56.34,15.75
IN-2017-BK1126027-43072,Berenike Kampe,"Avery 3-Hole Punch, Recycled",Eastern Asia,56.46,27.06
IZ-2017-MB730561-43078,Maria Bertelson,"Fellowes Trays, Wire Frame",Western Asia,56.46,14.1
IN-2016-MP1817559-42545,Mike Pelletier,"Sanford Pencil Sharpener, Fluorescent",Southeastern Asia,56.5677,5.3577
TU-2017-MD7860134-42904,Michael Dominguez,"Rogers File Cart, Industrial",Western Asia,56.64,-60.9
IN-2015-LR1703559-42152,Lisa Ryan,"Ibico Binder Covers, Economy",Southeastern Asia,56.6475,6.6975
TU-2017-KL6555134-42925,Kelly Lampkin,"Rogers File Cart, Single Width",Western Asia,56.652,-48.168
IZ-2017-MG768061-42912,Maureen Gastineau,"Cardinal Binder, Recycled",Western Asia,56.76,11.88
IN-2014-JM1525058-41861,Janet Martin,"Hon Shipping Labels, Laser Printer Compatible",Southern Asia,56.85,28.35
IR-2017-MM805560-43010,Michelle Moray,"BIC Canvas, Water Color",Southern Asia,56.88,0.54
IZ-2015-RS987061-42206,Roy Skaria,"BIC Canvas, Water Color",Western Asia,56.88,0.54
ID-2016-SS20515102-42380,Shirley Schmidt,"Hoover Coffee Grinder, White",Southeastern Asia,56.8905,-7.3695
IN-2015-JH15430144-42345,Jennifer Halladay,"Elite Box Cutter, Steel",Southeastern Asia,56.9214,-10.3386
IN-2017-DL1331527-42876,Delfina Latchford,"Enermax Computer Printout Paper, Premium",Eastern Asia,56.94,1.08
TU-2017-RD9810134-42863,Ross DeVincentis,"Office Star Rocking Chair, Set of Two",Western Asia,57.264,-80.196
IN-2015-CS1225078-42133,Chris Selesnick,"Harbour Creations Shipping Labels, Laser Printer Compatible",Southeastern Asia,57.3,21.75
ID-2016-SM20905113-42615,Susan MacKendrick,"Enermax Numeric Keypad, Bluetooth",Southeastern Asia,57.33,2.28
IZ-2016-LT676561-42379,Larry Tron,"Fellowes Trays, Blue",Western Asia,57.39,3.99
TU-2016-TH11235134-42721,Tiffany House,"Ikea 3-Shelf Cabinet, Pine",Western Asia,57.516,-81.984
IR-2016-DC285060-42722,Dan Campbell,"Cardinal 3-Hole Punch, Economy",Southern Asia,57.6,25.92
IN-2014-DB1327056-41684,Deborah Brumfield,"Stockwell Clamps, Bulk Pack",Eastern Asia,57.69,5.13
IN-2016-SE2011027-42397,Sanjit Engle,"Wilson Jones Binder Covers, Recycled",Eastern Asia,57.75,17.85
IN-2016-PB19210130-42603,Phillip Breyer,"Tenex Box, Wire Frame",Southeastern Asia,57.7647,-13.2153
IR-2014-BM165060-41894,Brian Moss,"Kraft Manila Envelope, Security-Tint",Southern Asia,57.78,4.62
IN-2014-AS10225144-41839,Alan Schoenberger,"Advantus Paper Clips, Assorted Sizes",Southeastern Asia,57.8925,11.8425
IN-2017-KL1655559-42963,Kelly Lampkin,"Tenex Folders, Single Width",Southeastern Asia,57.8925,2.0925
IN-2017-SM2032058-43073,Sean Miller,"Office Star Bag Chairs, Adjustable",Southern Asia,57.93,17.94
IN-2016-HW1493527-42603,Helen Wasserman,"BIC Pencil Sharpener, Blue",Eastern Asia,58.02,10.44
TU-2017-EB3930134-43072,Eric Barreto,"Logitech Keyboard, USB",Western Asia,58.128,-56.712
IN-2014-BP1109527-41678,Bart Pistole,"Eldon Photo Frame, Duo Pack",Eastern Asia,58.17,15.69
IN-2015-SA2083058-42197,Sue Ann Reed,"OIC Paper Clips, Metal",Southern Asia,58.2,4.56
IR-2015-DK289560-42321,Dana Kaydos,"Fellowes Shelving, Industrial",Southern Asia,58.32,25.65
TU-2016-AR540134-42538,Andy Reiter,"StarTech Phone, White",Western Asia,58.344,-27.756
KZ-2014-BT130568-41916,Beth Thompson,"Sauder Floating Shelf Set, Traditional",Central Asia,58.374,-64.236
ID-2017-JB1600059-42857,Joy Bell-,"SanDisk Memory Card, Erganomic",Southeastern Asia,58.4166,-41.9034
IR-2016-EA403560-42392,Erin Ashbrook,"Acco Binder, Clear",Southern Asia,58.44,19.2
IN-2017-BE1141066-42737,Bobby Elias,"Jiffy Business Envelopes, Set of 50",Eastern Asia,58.5,11.07
IN-2015-BG1169578-42124,Brooke Gillingham,"BIC Pencil Sharpener, Easy-Erase",Southeastern Asia,58.56,21.06
IN-2017-VP2173090-43060,Victor Preis,"Accos Push Pins, Metal",Southern Asia,58.56,22.8
TU-2016-BP1185134-42387,Ben Peterman,"Samsung Headset, with Caller ID",Western Asia,58.56,-80.52
IN-2014-DJ13630144-41901,Doug Jacobs,"Advantus Light Bulb, Black",Southeastern Asia,58.6044,18.4044
IN-2015-DG1330058-42225,Deirdre Greer,"Avery Legal Exhibit Labels, 5000 Label Set",Southern Asia,58.65,25.2
IN-2016-JE1574527-42665,Joel Eaton,"Avery Legal Exhibit Labels, 5000 Label Set",Eastern Asia,58.65,25.2
TU-2017-PH8790134-42916,Patricia Hirasaki,"Apple Headset, VoIP",Western Asia,58.68,-67.5
TU-2016-BP1050134-42554,Barry Pond,"Cuisinart Coffee Grinder, White",Western Asia,58.8,-27.96
TU-2017-ML8265134-42900,Muhammed Lee,"Canon Ink, Laser",Western Asia,58.86,-19.14
ID-2014-SP2054559-41919,Sibella Parks,"BIC Highlighters, Fluorescent",Southeastern Asia,58.9548,-11.3652
ID-2017-MK17905102-43037,Michael Kennedy,"Boston Canvas, Blue",Southeastern Asia,59.004,-7.536
ID-2016-RB1946597-42689,Rick Bensley,"Panasonic Receipt Printer, Red",Southern Asia,59.025,-22.455
IN-2016-MT1807027-42733,Michelle Tran,"Acco 3-Hole Punch, Clear",Eastern Asia,59.16,0.54
TU-2015-TB11280134-42356,Toby Braunhardt,"Logitech Keyboard, Programmable",Western Asia,59.16,-73.98
IN-2016-KA1652527-42455,Kelly Andreada,"Hon File Folder Labels, Alphabetical",Eastern Asia,59.22,27.09
IN-2014-CC1243058-41663,Chuck Clark,"Avery Shipping Labels, Laser Printer Compatible",Southern Asia,59.25,27.75
IN-2014-LC1687027-41696,Lena Cacioppo,"Belkin Numeric Keypad, Erganomic",Eastern Asia,59.25,10.05
IN-2017-SC2068027-42966,Steve Carroll,"Avery Shipping Labels, Laser Printer Compatible",Eastern Asia,59.25,27.75
TU-2017-TW11025134-42807,Tamara Willingham,"Safco Stackable Bookrack, Traditional",Western Asia,59.376,-65.334
IN-2016-RR1931558-42735,Ralph Ritter,"Green Bar Note Cards, 8.5 x 11",Southern Asia,59.4,26.1
IN-2017-EM1381058-42749,Eleni McCrary,"OIC Paper Clips, Assorted Sizes",Southern Asia,59.4,24.3
IN-2017-MC1810027-43039,Mick Crebagga,"Cameo Peel and Seal, Recycled",Eastern Asia,59.4,7.11
TU-2014-AW840134-41675,Anthony Witt,"Harbour Creations Chairmat, Set of Two",Western Asia,59.4,-69.84
IN-2015-ML1826578-42271,Muhammed Lee,"Eaton Parchment Paper, Multicolor",Southeastern Asia,59.52,17.76
IN-2017-NC1862527-43080,Noah Childs,"SanDisk Note Cards, Premium",Eastern Asia,59.64,29.82
TU-2017-LP7080134-42916,Liz Pelletier,"Apple Headset, Full Size",Western Asia,59.64,-64.14
ID-2015-JD15790113-42334,John Dryer,"Binney & Smith Pencil Sharpener, Water Color",Southeastern Asia,59.7,16.08
IR-2017-TW1102560-43081,Tamara Willingham,"SAFCO Chairmat, Red",Southern Asia,59.82,12.54
IZ-2016-KC625561-42536,Karen Carlisle,"SAFCO Chairmat, Red",Western Asia,59.82,12.54
TU-2016-CC2145134-42596,Charles Crestani,"Harbour Creations Rocking Chair, Adjustable",Western Asia,59.832,-41.898
IN-2015-SC2002059-42218,Sam Craven,"Stockwell Rubber Bands, Bulk Pack",Southeastern Asia,59.8794,1.0794
ID-2014-TH21100118-41855,Thea Hendricks,"Rogers Box, Single Width",Eastern Asia,60,-52.8
IN-2015-PB1915027-42127,Philip Brown,"Breville Coffee Grinder, White",Eastern Asia,60,19.8
IN-2016-ME18010113-42549,Michelle Ellison,"Jiffy Peel and Seal, Set of 50",Southeastern Asia,60.03,28.8
TU-2017-HP4815134-43003,Harold Pawlan,"Hewlett Ink, Color",Western Asia,60.048,-69.072
IN-2016-BN1151527-42391,Bradley Nguyen,"Kraft Manila Envelope, with clear poly window",Eastern Asia,60.06,21
ID-2015-DO1364559-42324,Doug O'Connell,"Acme Box Cutter, High Speed",Southeastern Asia,60.102,-18.198
ID-2017-CJ1201059-42778,Caroline Jumper,"OIC Thumb Tacks, Metal",Southeastern Asia,60.1656,-45.4344
ID-2017-AC10660130-42967,Anna Chung,"BIC Canvas, Water Color",Southeastern Asia,60.2928,-38.7072
IN-2015-AR1051058-42227,Andrew Roberts,"Advantus Light Bulb, Duo Pack",Southern Asia,60.39,6.03
AJ-2017-LW68259-43031,Laurel Workman,"Boston Pencil Sharpener, Easy-Erase",Western Asia,60.42,9.66
IR-2015-AS13560-42258,Adrian Shami,"Acme Letter Opener, High Speed",Southern Asia,60.42,4.2
IN-2017-HH1501027-42952,Hilary Holden,"Fellowes Box, Industrial",Eastern Asia,60.48,16.29
IN-2016-HJ1487558-42643,Heather Jas,"BIC Highlighters, Fluorescent",Southern Asia,60.57,7.83
IN-2017-CD1228027-42896,Christina DeMoss,"GlobeWeis Peel and Seal, Recycled",Eastern Asia,60.57,28.44
SA-2017-SW10350110-42994,Sean Wendt,"Cardinal 3-Hole Punch, Durable",Western Asia,60.6,27.84
ID-2016-HG14965130-42492,Henry Goldwyn,"Enermax Numeric Keypad, Bluetooth",Southeastern Asia,60.7698,-49.3302
ID-2017-GM14500130-42911,Gene McClure,"Stiletto Scissors, Steel",Southeastern Asia,60.9765,-51.8235
IN-2016-SM2090558-42518,Susan MacKendrick,"Harbour Creations Removable Labels, Laser Printer Compatible",Southern Asia,61.02,19.44
IN-2017-JJ1576027-43035,Joel Jenkins,"Xerox Note Cards, 8.5 x 11",Eastern Asia,61.02,0
IN-2015-TH2155027-42139,Tracy Hopkins,"Cameo Manila Envelope, with clear poly window",Eastern Asia,61.08,26.22
SA-2016-JL5130110-42643,Jack Lebron,"Cameo Manila Envelope, with clear poly window",Western Asia,61.08,29.88
IN-2015-KD1661558-42082,Ken Dana,"Avery Shipping Labels, 5000 Label Set",Southern Asia,61.2,21.9
IR-2014-DV304560-41660,Darrin Van Huff,"Rogers Shelving, Wire Frame",Southern Asia,61.2,18.96
ID-2017-PH1879059-43043,Patricia Hirasaki,"SanDisk Mouse, USB",Southeastern Asia,61.2468,-54.3132
IN-2015-BM1178527-42272,Bryan Mills,"Wilson Jones Index Tab, Recycled",Eastern Asia,61.29,28.08
TU-2015-TB11625134-42245,Trudy Brown,"StarTech Calculator, White",Western Asia,61.392,-89.088
SA-2017-BM1785110-43052,Bryan Mills,"Rogers Folders, Single Width",Western Asia,61.44,4.86
ID-2014-DK12985102-41874,Darren Koutras,"Binney & Smith Pencil Sharpener, Easy-Erase",Southeastern Asia,61.446,-6.714
IN-2017-DO1343511-42915,Denny Ordway,"Eaton Message Books, Recycled",Southern Asia,61.47,25.74
IN-2017-BP1115559-42899,Becky Pak,"Acco Binder Covers, Durable",Southeastern Asia,61.503,5.103
ID-2014-TT21265102-42001,Tim Taslimi,"SanDisk Message Books, 8.5 x 11",Southeastern Asia,61.512,-47.088
IN-2015-GM1445558-42216,Gary Mitchum,"Harbour Creations Bag Chairs, Red",Southern Asia,61.62,23.4
TU-2017-RA9285134-42738,Ralph Arnett,"Cuisinart Coffee Grinder, Red",Western Asia,61.776,-24.744
IN-2017-JC1610558-42896,Julie Creighton,"Harbour Creations Legal Exhibit Labels, Adjustable",Southern Asia,61.95,7.35
IN-2016-AG1076559-42533,Anthony Garverick,"Tenex Door Stop, Erganomic",Southeastern Asia,62.0646,3.3846
IR-2017-KC654060-42864,Kelly Collister,"Rogers Shelving, Single Width",Southern Asia,62.16,4.95
ID-2017-MV17485144-43081,Mark Van Huff,"Fellowes Box, Wire Frame",Southeastern Asia,62.25,-0.75
ID-2015-VP2173059-42190,Victor Preis,"Hon Bag Chairs, Black",Southeastern Asia,62.3712,-22.2288
ID-2017-NP18685144-42836,Nora Pelletier,"Hon Bag Chairs, Black",Southeastern Asia,62.3712,-22.2288
IN-2017-EB1417066-42951,Evan Bailliet,"Green Bar Parchment Paper, 8.5 x 11",Eastern Asia,62.46,24.3
ID-2015-VD21670102-42299,Valerie Dominguez,"BIC Canvas, Water Color",Southeastern Asia,62.568,-36.432
IN-2017-PB1915078-43033,Philip Brown,"Acco Index Tab, Durable",Southeastern Asia,62.58,14.28
IN-2014-MC1742558-41790,Mark Cousins,"Kraft Clasp Envelope, with clear poly window",Southern Asia,62.7,9.9
ID-2014-VM2168559-41848,Valerie Mitchum,"Belkin Numeric Keypad, Erganomic",Southeastern Asia,62.805,-35.595
ID-2016-CM1223597-42529,Chris McAfee,"Sharp Ink, Color",Southern Asia,62.925,-50.355
IN-2017-AD1018066-42867,Alan Dominguez,"Cameo Business Envelopes, Recycled",Eastern Asia,63,13.8
IN-2017-DB13405144-43072,Denny Blanton,"Binney & Smith Markers, Fluorescent",Southeastern Asia,63.1215,2.2815
IN-2017-MM1726027-42993,Magdelene Morse,"Acco 3-Hole Punch, Durable",Eastern Asia,63.24,0.6
IN-2017-NW1840058-42865,Natalie Webber,"Acco 3-Hole Punch, Durable",Southern Asia,63.24,0.6
ID-2017-LS1697559-42828,Lindsay Shagiari,"OIC Rubber Bands, Bulk Pack",Southeastern Asia,63.3297,-15.6303
IN-2014-AS1013527-41959,Adrian Shami,"SanDisk Memo Slips, 8.5 x 11",Eastern Asia,63.36,31.68
IN-2016-DB1361558-42456,Doug Bickford,"SanDisk Memo Slips, 8.5 x 11",Southern Asia,63.36,31.68
TU-2015-DB3660134-42288,Duane Benoit,"SanDisk Keyboard, Erganomic",Western Asia,63.432,-74.568
IN-2015-CC1222011-42138,Chris Cortes,"Wilson Jones Binder Covers, Durable",Southern Asia,63.45,24.6
ID-2015-BG1103597-42147,Barry Gonzalez,"Hon Coffee Table, Fully Assembled",Southern Asia,63.474,-244.386
IN-2015-LS1697558-42320,Lindsay Shagiari,"Stockwell Thumb Tacks, Assorted Sizes",Southern Asia,63.54,13.32
IR-2017-CM271560-42983,Craig Molinari,"Wilson Jones Index Tab, Durable",Southern Asia,63.6,1.2
ID-2015-SF2020059-42336,Sarah Foster,"Acco Binder Covers, Clear",Southeastern Asia,63.6444,-13.0356
ID-2014-RW1969059-41930,Robert Waldorf,"Rubbermaid Light Bulb, Erganomic",Southeastern Asia,63.729,-21.021
IN-2017-PW1903088-43035,Pauline Webber,"Novimex Shipping Labels, Laser Printer Compatible",Southeastern Asia,63.7938,-0.8862
GG-2016-JE616547-42618,Justin Ellison,"Stanley Highlighters, Fluorescent",Western Asia,63.84,23.52
IR-2014-RR931560-41918,Ralph Ritter,"Tenex Light Bulb, Durable",Southern Asia,63.84,7.56
TU-2014-TC11475134-41917,Tony Chapman,"Novimex Steel Folding Chair, Black",Western Asia,63.84,-68.64
IN-2017-OT1873027-43052,Olvera Toch,"Harbour Creations Bag Chairs, Set of Two",Eastern Asia,63.87,18.51
UZ-2017-VD11670142-42783,Valerie Dominguez,"Ibico 3-Hole Punch, Durable",Central Asia,63.9,23.64
ID-2014-OT18730144-41956,Olvera Toch,"Rubbermaid Door Stop, Black",Southeastern Asia,63.948,-9.672
IN-2016-JK15205130-42374,Jamie Kunitz,"Elite Scissors, Easy Grip",Southeastern Asia,63.9975,-35.1525
ID-2016-DK1322559-42482,Dean Katz,"Rubbermaid Door Stop, Duo Pack",Southeastern Asia,64.0356,-13.1844
ID-2015-JD1601559-42337,Joy Daniels,"Hon Removable Labels, Laser Printer Compatible",Southeastern Asia,64.1088,-35.2512
IN-2015-TB2162558-42331,Trudy Brown,"Harbour Creations Bag Chairs, Adjustable",Southern Asia,64.11,24.36
IN-2017-CM1183027-43065,Cari MacIntyre,"Harbour Creations Bag Chairs, Adjustable",Eastern Asia,64.11,-15.39
IN-2016-AJ1096058-42587,Astrea Jones,"Fiskars Ruler, Easy Grip",Southern Asia,64.2,5.04
IN-2016-FM1429059-42524,Frank Merwin,"Deflect-O Door Stop, Duo Pack",Southeastern Asia,64.2546,12.2946
IN-2016-AA1064559-42689,Anna Andreadi,"Deflect-O Light Bulb, Erganomic",Southeastern Asia,64.2765,7.8765
ID-2014-BO11425102-41882,Bobby Odegard,"Fiskars Trimmer, Serrated",Southeastern Asia,64.35,-32.76
ID-2017-TC2129559-42954,Toby Carlisle,"Acco Binder, Recycled",Southeastern Asia,64.3665,-10.1835
TU-2017-SW10350134-42755,Sean Wendt,"Hon Swivel Stool, Black",Western Asia,64.488,-51.612
ID-2014-PO18850118-41988,Patrick O'Brill,"Memorex Numeric Keypad, USB",Eastern Asia,64.53,-43.92
ID-2017-MN17935102-42932,Michael Nguyen,"Jiffy Peel and Seal, with clear poly window",Southeastern Asia,64.7625,-14.1375
IN-2017-KH1633088-42892,Katharine Harms,"Jiffy Manila Envelope, Set of 50",Southeastern Asia,64.7649,20.2149
IN-2016-TS2120527-42606,Thomas Seio,"Kleencut Ruler, Steel",Eastern Asia,64.8,13.5
TU-2014-FH4350134-41944,Fred Harton,"Motorola Headset, Full Size",Western Asia,64.824,-61.596
IN-2015-HP1481558-42065,Harold Pawlan,"Stockwell Rubber Bands, Metal",Southern Asia,65.04,9
ID-2014-GM1468059-41891,Greg Matthias,"Eaton Computer Printout Paper, 8.5 x 11",Southeastern Asia,65.0628,-14.7372
ID-2015-CD1228059-42150,Christina DeMoss,"Belkin Mouse, USB",Southeastern Asia,65.0628,-16.0272
ID-2015-GM14680102-42166,Greg Matthias,"BIC Markers, Water Color",Southeastern Asia,65.142,-10.698
ID-2017-ED1388559-43021,Emily Ducich,"Elite Trimmer, Steel",Southeastern Asia,65.3013,-8.6787
IN-2015-DK1322527-42217,Dean Katz,"Cardinal Index Tab, Clear",Eastern Asia,65.34,11.61
GG-2017-TH1111547-42847,Thea Hudgings,"Hon File Folder Labels, Adjustable",Western Asia,65.4,19.5
TU-2017-GW4605134-43086,Giulietta Weimer,"StarTech Card Printer, Wireless",Western Asia,65.4,-53.97
TU-2016-ML7410134-42729,Maris LaWare,"StarTech Card Printer, Durable",Western Asia,65.448,-57.282
IN-2015-TB2119066-42322,Thomas Brumley,"Stockwell Staples, Metal",Eastern Asia,65.52,32.76
TU-2015-PG8895134-42161,Paul Gonzalez,"Panasonic Phone, Red",Western Asia,65.592,-44.328
IN-2014-SC2057559-41876,Sonia Cooley,"Acme Trimmer, Serrated",Southeastern Asia,65.6352,-26.0748
IZ-2017-EB397561-42860,Erica Bern,"Stockwell Thumb Tacks, Assorted Sizes",Western Asia,65.88,23.04
IN-2017-SW2035058-43032,Sean Wendt,"OIC Rubber Bands, 12 Pack",Southern Asia,66,1.92
IN-2017-JD1615027-42976,Justin Deggeller,"Xerox Parchment Paper, Premium",Eastern Asia,66.3,13.8
IS-2017-SV1036563-42917,Seth Vernon,"Nokia Office Telephone, Full Size",Western Asia,66.42,16.59
IN-2014-LH1702066-41910,Lisa Hazard,"Cardinal Binder, Clear",Eastern Asia,66.45,33.15
ID-2014-BF1108059-41727,Bart Folk,"Stiletto Letter Opener, Steel",Southeastern Asia,66.462,-17.688
IN-2017-CA1231058-42827,Christine Abelman,"Stanley Markers, Blue",Southern Asia,66.6,31.95
SA-2014-SP10620110-41809,Stefania Perrino,"Smead Legal Exhibit Labels, Laser Printer Compatible",Western Asia,66.6,3.96
TU-2017-CS1860134-42773,Cari Schnelling,"Konica Phone, Red",Western Asia,66.672,-30.048
TU-2014-JG5805134-41910,John Grady,"Novimex Swivel Stool, Set of Two",Western Asia,66.684,-36.696
TU-2016-SB10170134-42613,Sarah Bern,"Novimex Swivel Stool, Set of Two",Western Asia,66.684,-36.696
IN-2015-RD1972066-42227,Roger Demir,"Eldon Light Bulb, Durable",Eastern Asia,66.69,29.97
TU-2017-TS11340134-42771,Toby Swindell,"Nokia Audio Dock, with Caller ID",Western Asia,66.696,-75.054
IN-2016-RP19855102-42459,Roy Phan,"OIC Thumb Tacks, 12 Pack",Southeastern Asia,66.825,-42.525
SA-2016-AJ795110-42406,Anthony Johnson,"Acme Ruler, High Speed",Western Asia,66.84,2.64
IN-2017-BP1123027-42994,Benjamin Patterson,"Kleencut Scissors, High Speed",Eastern Asia,66.87,28.71
IN-2016-SW2027558-42683,Scott Williamson,"Wilson Jones Binder, Recycled",Southern Asia,66.9,29.4
TU-2017-TT11220134-42757,Thomas Thornton,"Hon Steel Folding Chair, Adjustable",Western Asia,67.128,-70.512
TU-2015-SV10785134-42068,Stewart Visinsky,"SAFCO Swivel Stool, Red",Western Asia,67.176,-16.794
IR-2017-DP339060-42784,Dennis Pardue,"Accos Rubber Bands, Metal",Southern Asia,67.2,24.84
IN-2016-SP2062058-42546,Stefania Perrino,"Accos Clamps, Assorted Sizes",Southern Asia,67.32,11.4
TU-2017-AG765134-42940,Anthony Garverick,"Safco 3-Shelf Cabinet, Metal",Western Asia,67.32,-42.09
IN-2014-KT1646527-41902,Kean Takahito,"Eaton Parchment Paper, Premium",Eastern Asia,67.35,4.65
ID-2014-TZ2158058-41802,Tracy Zic,"Xerox Cards & Envelopes, Premium",Southern Asia,67.455,-4.095
IN-2016-YS2188058-42514,Yana Sorensen,"Cardinal Binder Covers, Durable",Southern Asia,67.5,33
IN-2017-SR20425118-42919,Sharelle Roach,"Stockwell Paper Clips, Assorted Sizes",Eastern Asia,67.5,-54
IN-2014-VG2179078-41723,Vivek Gonzalez,"Hon File Folder Labels, Alphabetical",Southeastern Asia,67.68,30.96
IN-2015-AH1007558-42204,Adam Hart,"SanDisk Computer Printout Paper, 8.5 x 11",Southern Asia,67.86,0
IR-2016-MB808560-42661,Mick Brown,"Green Bar Note Cards, Multicolor",Southern Asia,67.86,27.78
IN-2016-JM1565566-42644,Jim Mitchum,"Tenex Box, Industrial",Eastern Asia,67.92,10.08
IR-2016-DL331560-42729,Delfina Latchford,"SanDisk Note Cards, Multicolor",Southern Asia,67.92,28.5
IN-2017-AR1051027-42863,Andrew Roberts,"Stockwell Rubber Bands, Assorted Sizes",Eastern Asia,67.95,12.15
IR-2016-LR691560-42415,Lena Radford,"Nokia Office Telephone, Cordless",Southern Asia,67.98,6.09
TU-2015-JL5835134-42341,John Lee,"Epson Card Printer, Wireless",Western Asia,67.98,-78.18
ID-2015-ES1402059-42250,Erica Smith,"Jiffy Business Envelopes, Recycled",Southeastern Asia,68.1156,-19.4544
ID-2016-MC1742559-42540,Mark Cousins,"Memorex Numeric Keypad, USB",Southeastern Asia,68.4018,-40.0482
TU-2016-JG5115134-42650,Jack Garza,"Dania Floating Shelf Set, Mobile",Western Asia,68.748,-56.742
TU-2014-NB8580134-41862,Nicole Brennan,"Panasonic Card Printer, White",Western Asia,68.892,-37.908
TU-2017-CC2670134-42839,Craig Carreira,"Konica Card Printer, Red",Western Asia,68.928,-63.762
ID-2014-TB2105558-41886,Ted Butterfield,"Smead Legal Exhibit Labels, 5000 Label Set",Southern Asia,68.94,-63.54
IN-2015-JD1589559-42181,Jonathan Doherty,"Rubbermaid Light Bulb, Duo Pack",Southeastern Asia,68.985,3.735
ID-2017-TB2152059-42861,Tracy Blumstein,"Tenex Light Bulb, Black",Southeastern Asia,69.0945,-11.4555
TU-2017-MM8055134-43067,Michelle Moray,"Ikea Floating Shelf Set, Mobile",Western Asia,69.144,-95.076
IN-2014-AS1009058-41866,Adam Shillingsburg,"Memorex Keyboard, Erganomic",Southern Asia,69.15,26.25
IS-2014-TS1108563-41700,Thais Sissman,"Memorex Keyboard, Erganomic",Western Asia,69.15,1.38
TU-2014-PJ9015134-41804,Pauline Johnson,"Elite Trimmer, Easy Grip",Western Asia,69.264,-22.536
IN-2015-GT1471058-42180,Greg Tran,"Kleencut Box Cutter, High Speed",Southern Asia,69.3,16.62
IN-2015-JH1618058-42148,Justin Hirsh,"OIC Paper Clips, 12 Pack",Southern Asia,69.3,11.7
ID-2015-HA1490559-42161,Helen Abelman,"Ames Peel and Seal, Set of 50",Southeastern Asia,69.3399,-57.7101
IN-2017-AM10360113-42914,Alice McCarthy,"Smead File Folder Labels, Alphabetical",Southeastern Asia,69.6,5.52
IN-2017-IG1508566-42959,Ivan Gibson,"Fiskars Box Cutter, Steel",Eastern Asia,69.84,27.9
IN-2017-JD1589558-43019,Jonathan Doherty,"Fiskars Box Cutter, Steel",Southern Asia,69.84,27.9
IR-2015-PF916560-42325,Philip Fox,"Harbour Creations File Folder Labels, Laser Printer Compatible",Southern Asia,69.84,21.6
ID-2017-MG1787559-43056,Michael Grace,"Boston Highlighters, Easy-Erase",Southeastern Asia,69.861,-6.789
TU-2016-SK9990134-42673,Sally Knutson,"Motorola Audio Dock, Full Size",Western Asia,69.864,-52.416
IN-2017-SU2066527-42973,Stephanie Ulpright,"Avery Shipping Labels, Alphabetical",Eastern Asia,70.02,27.9
ID-2014-DW13195130-41997,David Wiener,"BIC Markers, Blue",Southeastern Asia,70.0395,-4.0605
TU-2015-DF3135134-42174,David Flashing,"Konica Card Printer, Wireless",Western Asia,70.068,-66.582
IN-2014-LA1678027-41687,Laura Armstrong,"Advantus Rubber Bands, Assorted Sizes",Eastern Asia,70.2,29.4
IN-2015-NP1870058-42225,Nora Preis,"OIC Thumb Tacks, Bulk Pack",Southern Asia,70.35,18.9
TU-2017-SW10755134-43046,Steven Ward,"Eaton Message Books, Multicolor",Western Asia,70.368,-24.672
IZ-2016-DK315061-42693,David Kendrick,"Deflect-O Light Bulb, Erganomic",Western Asia,70.44,35.16
IN-2016-DB13210102-42686,Dean Braden,"Eldon File Cart, Single Width",Southeastern Asia,70.6035,-44.9565
IN-2017-BE11410144-42931,Bobby Elias,"Enermax Note Cards, 8.5 x 11",Southeastern Asia,70.7409,1.6209
IN-2016-AH1003059-42415,Aaron Hawkins,"Elite Letter Opener, High Speed",Southeastern Asia,70.755,2.655
ID-2014-MA17560102-41778,Matt Abelman,"Rubbermaid Clock, Durable",Southeastern Asia,70.785,9.405
TU-2017-SB10290134-42909,Sean Braxton,"Jiffy Manila Envelope, with clear poly window",Western Asia,70.92,-104.76
ID-2014-CM12715118-41737,Craig Molinari,"Rogers File Cart, Single Width",Eastern Asia,71.04,-59.7
IN-2014-DK1298527-41812,Darren Koutras,"Fiskars Box Cutter, High Speed",Eastern Asia,71.04,0.66
TU-2017-HG4845134-42959,Harry Greene,"Harbour Creations Swivel Stool, Black",Western Asia,71.076,-47.994
IN-2017-DJ1351027-42816,Don Jones,"Green Bar Message Books, Recycled",Eastern Asia,71.1,16.29
IN-2017-SA2083027-42828,Sue Ann Reed,"Ibico Index Tab, Clear",Eastern Asia,71.28,1.92
ID-2016-CM1265597-42527,Corinna Mitchell,"Memorex Keyboard, Bluetooth",Southern Asia,71.34,-25.74
ID-2014-MF1766559-41722,Maureen Fritzler,"Stockwell Clamps, Bulk Pack",Southeastern Asia,71.3433,-51.2967
ID-2017-CS1213059-43089,Chad Sievert,"Boston Sketch Pad, Easy-Erase",Southeastern Asia,71.3502,-4.9098
ID-2017-DK1337597-42876,Dennis Kane,"Green Bar Message Books, Premium",Southern Asia,71.37,-25.83
IN-2015-DM12955130-42126,Dario Medina,"Deflect-O Photo Frame, Durable",Southeastern Asia,71.4378,10.7178
IS-2014-AJ78063-41873,Anthony Jacobs,"Memorex Keyboard, USB",Western Asia,71.55,2.85
ID-2015-JE1571559-42040,Joe Elijah,"Avery Binder, Durable",Southeastern Asia,71.712,-8.748
ID-2014-KM1622559-41705,Kalyca Meade,"SanDisk Computer Printout Paper, 8.5 x 11",Southeastern Asia,71.9316,-63.7884
IN-2014-JM1553558-41886,Jessica Myrick,"Jiffy Mailers, Recycled",Southern Asia,71.94,10.74
TU-2016-BP1185134-42623,Ben Peterman,"Harbour Creations Swivel Stool, Red",Western Asia,72.048,-45.042
IN-2015-CC12220102-42175,Chris Cortes,"Novimex Bag Chairs, Set of Two",Southeastern Asia,72.315,7.695
IR-2016-MC813060-42387,Mike Caudle,"Logitech Keyboard, Bluetooth",Southern Asia,72.45,7.23
IN-2017-PS1897058-43068,Paul Stevenson,"Accos Push Pins, Bulk Pack",Southern Asia,72.6,23.85
ID-2016-CK1232597-42661,Christine Kargatis,"Logitech Keyboard, USB",Southern Asia,72.66,-27.66
TU-2014-PM8940134-41860,Paul MacIntyre,"Memorex Numeric Keypad, Bluetooth",Western Asia,72.672,-40.008
IN-2016-VG2179058-42413,Vivek Gonzalez,"OIC Paper Clips, Metal",Southern Asia,72.75,5.7
TU-2016-EG3900134-42525,Emily Grady,"Cisco Audio Dock, with Caller ID",Western Asia,72.828,-69.192
TU-2015-MN7935134-42062,Michael Nguyen,"Cisco Headset, Cordless",Western Asia,73.032,-93.168
TU-2017-FM4380134-42988,Fred McMath,"Harbour Creations Swivel Stool, Adjustable",Western Asia,73.044,-58.446
IN-2017-TM2149011-43003,Tony Molinari,"Binney & Smith Markers, Easy-Erase",Southern Asia,73.08,4.32
ID-2017-ST2053059-43033,Shui Tom,"Harbour Creations Steel Folding Chair, Set of Two",Southeastern Asia,73.1022,-21.0378
GG-2014-DK315047-41714,David Kendrick,"Nokia Headset, VoIP",Western Asia,73.2,30.72
IN-2016-HF1499527-42640,Herbert Flentye,"Accos Push Pins, Metal",Eastern Asia,73.2,28.5
ID-2015-VG2180559-42047,Vivek Grady,"Eldon Door Stop, Black",Southeastern Asia,73.2336,-8.0664
ID-2016-NS18505144-42615,Neola Schneider,"Eldon Door Stop, Black",Southeastern Asia,73.2336,-8.0664
ID-2016-NB18580102-42541,Nicole Brennan,"Enermax Message Books, 8.5 x 11",Southeastern Asia,73.26,-25.44
IN-2016-IM1507058-42543,Irene Maddox,"Apple Headset, VoIP",Southern Asia,73.35,2.19
IZ-2017-RW969061-42974,Robert Waldorf,"Apple Headset, VoIP",Western Asia,73.35,10.26
ID-2016-JH1618059-42700,Justin Hirsh,"Kleencut Shears, Steel",Southeastern Asia,73.4103,-38.8197
ID-2016-GM14500144-42622,Gene McClure,"Rubbermaid Photo Frame, Erganomic",Southeastern Asia,73.5402,-15.1398
ID-2016-SP2065059-42621,Stephanie Phelps,"Fiskars Box Cutter, Steel",Southeastern Asia,74.0304,-9.8496
ID-2016-LD1685559-42598,Lela Donovan,"Stanley Canvas, Fluorescent",Southeastern Asia,74.0658,-1.0542
TU-2015-TC11475134-42058,Tony Chapman,"Fiskars Scissors, High Speed",Western Asia,74.112,-22.368
TU-2017-RB9360134-43007,Raymond Buch,"Logitech Numeric Keypad, USB",Western Asia,74.448,-31.752
ID-2016-MZ1751559-42605,Mary Zewe,"Ibico 3-Hole Punch, Clear",Southeastern Asia,74.4759,12.5559
IN-2015-FH1436527-42141,Fred Hopkins,"Acme Scissors, Steel",Eastern Asia,74.52,10.35
IN-2015-MB1730558-42252,Maria Bertelson,"Acme Scissors, Steel",Southern Asia,74.52,10.35
IN-2016-PO1919558-42676,Phillina Ober,"Hon Removable Labels, Adjustable",Southern Asia,74.55,17.85
IR-2016-JS568560-42533,Jim Sink,"Stockwell Clamps, 12 Pack",Southern Asia,74.64,35.76
IS-2017-BB154563-43051,Brenda Bowman,"StarTech Phone, Durable",Western Asia,74.64,5.97
ID-2016-JC1538527-42555,Jenna Caffey,"Cardinal Binding Machine, Economy",Eastern Asia,74.655,-23.895
IN-2016-BP1118527-42378,Ben Peterman,"GlobeWeis Mailers, Recycled",Eastern Asia,74.7,33.6
TU-2015-LA6780134-42265,Laura Armstrong,"Sanford Sketch Pad, Fluorescent",Western Asia,74.784,-24.336
IN-2017-MG1814527-42935,Mike Gockenbach,"Sauder Corner Shelving, Mobile",Eastern Asia,74.91,-70.44
ID-2017-MC1757527-43038,Matt Collins,"Advantus Stacking Tray, Erganomic",Eastern Asia,74.97,17.91
ID-2015-TB2117559-42264,Thomas Boland,"Acco 3-Hole Punch, Economy",Southeastern Asia,74.9988,-1.8612
IN-2017-RE1940527-43067,Ricardo Emerson,"Stanley Pencil Sharpener, Water Color",Eastern Asia,75.15,25.47
TU-2017-RA9885134-42835,Ruben Ausman,"Office Star Steel Folding Chair, Set of Two",Western Asia,75.168,-45.132
IN-2017-AC1061558-43088,Ann Chong,"Kraft Clasp Envelope, with clear poly window",Southern Asia,75.24,11.88
IN-2017-PC1900058-42848,Pauline Chand,"Stockwell Clamps, Bulk Pack",Southern Asia,75.36,25.56
IN-2017-RD1948011-42840,Rick Duston,"OIC Staples, 12 Pack",Southern Asia,75.39,14.28
IZ-2016-CM271561-42400,Craig Molinari,"Boston Highlighters, Blue",Western Asia,75.48,18.84
IN-2016-AH1046559-42436,Amy Hunt,"Sanford Canvas, Fluorescent",Southeastern Asia,75.5988,4.1388
IN-2016-AG1052558-42667,Andy Gerbode,"SanDisk Message Books, Multicolor",Southern Asia,75.69,2.25
IN-2016-LC1687058-42624,Lena Cacioppo,"SanDisk Message Books, Multicolor",Southern Asia,75.69,2.25
IR-2017-BV124560-42972,Benjamin Venier,"Sanford Highlighters, Water Color",Southern Asia,75.72,27.24
IN-2014-JF1519011-41919,Jamie Frazer,"Eldon Light Bulb, Duo Pack",Southern Asia,75.78,30.24
IN-2015-AB1060027-42026,Ann Blume,"Hon Color Coded Labels, Alphabetical",Eastern Asia,75.78,0
IN-2015-PK1907558-42322,Pete Kriz,"Eldon Light Bulb, Duo Pack",Southern Asia,75.78,30.24
ID-2015-JL1550597-42341,Jeremy Lonsdale,"Acco Binding Machine, Clear",Southern Asia,75.825,-22.815
IN-2014-NG1843058-41819,Nathan Gelder,"Deflect-O Stacking Tray, Durable",Southern Asia,75.87,18.9
TU-2017-NS8640134-42911,Noel Staavos,"Acco 3-Hole Punch, Durable",Western Asia,75.888,-36.072
IN-2017-BE1141027-42980,Bobby Elias,"Tenex Light Bulb, Duo Pack",Eastern Asia,75.96,6.72
TU-2015-AR510134-42357,Andrew Roberts,"Binney & Smith Sketch Pad, Fluorescent",Western Asia,76.128,-104.712
ID-2017-AR10405102-43045,Allen Rosenblatt,"Cameo Peel and Seal, Recycled",Southeastern Asia,76.23,-45.78
TU-2017-DM2955134-43088,Dario Medina,"Harbour Creations Steel Folding Chair, Black",Western Asia,76.368,-84.012
TU-2017-LH6750134-42904,Larry Hughes,"Canon Fax and Copier, Digital",Western Asia,76.392,-93.588
IN-2015-CS1249058-42366,Cindy Schnelling,"Fellowes Folders, Wire Frame",Southern Asia,76.41,2.97
TU-2017-AS10045134-42867,Aaron Smayling,"Brother Fax and Copier, Digital",Western Asia,76.452,-87.948
IN-2015-TM2101058-42262,Tamara Manning,"Ames Mailers, Security-Tint",Southern Asia,76.5,36.72
ID-2017-EB1411097-42819,Eugene Barchas,"Tenex Light Bulb, Durable",Southern Asia,76.608,-4.932
IN-2017-MG1769527-43030,Maureen Gnade,"Cardinal Binder, Durable",Eastern Asia,76.65,22.2
IN-2016-NS1864027-42645,Noel Staavos,"Elite Trimmer, Serrated",Eastern Asia,76.74,9.18
ID-2017-SD2048559-43082,Shirley Daniels,"Kleencut Shears, Easy Grip",Southeastern Asia,76.9401,-1.5399
IN-2017-JB1592558-43003,Joni Blumstein,"GlobeWeis Mailers, Set of 50",Southern Asia,77.1,33.12
ID-2017-TB2162559-42815,Trudy Brown,"Sanford Markers, Water Color",Southeastern Asia,77.1756,-5.3844
IN-2015-LA1678088-42269,Laura Armstrong,"Binney & Smith Sketch Pad, Easy-Erase",Southeastern Asia,77.3394,20.4594
TU-2014-BM1575134-41661,Brendan Murry,"Advantus Clock, Durable",Western Asia,77.472,-104.688
TU-2015-NF8475134-42281,Neil Französisch,"GlobeWeis Business Envelopes, Recycled",Western Asia,77.472,-31.248
IN-2015-JL15505102-42196,Jeremy Lonsdale,"SAFCO Bag Chairs, Set of Two",Southeastern Asia,77.535,14.415
IN-2017-BS11590102-43018,Brendan Sweed,"Tenex Photo Frame, Black",Southeastern Asia,77.76,13.44
TU-2015-TB11520134-42324,Tracy Blumstein,"Sauder Floating Shelf Set, Traditional",Western Asia,77.832,-44.778
IN-2014-MM1726058-41764,Magdelene Morse,"Wilson Jones Binder, Economy",Southern Asia,78.12,14.76
IN-2015-TP2113027-42083,Theone Pippenger,"Stanley Pencil Sharpener, Easy-Erase",Eastern Asia,78.12,37.44
IN-2017-AM1036011-43085,Alice McCarthy,"Advantus Thumb Tacks, 12 Pack",Southern Asia,78.12,5.4
YM-2015-EN3780145-42318,Edward Nazzal,"Nokia Office Telephone, VoIP",Western Asia,78.264,-86.136
ID-2015-LW1699097-42209,Lindsay Williams,"Deflect-O Clock, Erganomic",Southern Asia,78.288,29.328
TU-2016-EM4200134-42443,Evan Minnotte,"BIC Sketch Pad, Easy-Erase",Western Asia,78.288,-19.632
TU-2017-DL3495134-42818,Dionis Lloyd,"Smead Shelving, Blue",Western Asia,78.288,-58.752
KZ-2014-DM295568-41991,Dario Medina,"Samsung Office Telephone, VoIP",Central Asia,78.372,-107.148
ID-2017-EM14200130-42981,Evan Minnotte,"Acme Shears, Steel",Southeastern Asia,78.4188,-35.5212
ID-2015-TC21535130-42282,Tracy Collins,"Dania Corner Shelving, Mobile",Southeastern Asia,78.4917,-44.8683
TU-2016-AJ795134-42531,Anthony Johnson,"KitchenAid Blender, Black",Western Asia,78.624,-57.036
IN-2016-HG1484527-42587,Harry Greene,"Enermax Flash Drive, Erganomic",Eastern Asia,78.66,33
IN-2017-JH1543027-42902,Jennifer Halladay,"Enermax Flash Drive, Erganomic",Eastern Asia,78.66,33
IN-2017-SC2068058-43021,Steve Carroll,"Avery Color Coded Labels, Alphabetical",Southern Asia,78.66,34.56
SA-2017-TS11655110-42815,Trudy Schmidt,"Ibico Binder Covers, Clear",Western Asia,78.66,5.4
IN-2015-AR1051058-42127,Andrew Roberts,"Cameo Business Envelopes, Recycled",Southern Asia,78.75,17.25
ID-2016-CS1217559-42584,Charles Sheldon,"SanDisk Note Cards, 8.5 x 11",Southeastern Asia,78.7845,-59.5155
TU-2016-JW5220134-42486,Jane Waco,"Fiskars Shears, Easy Grip",Western Asia,78.816,-98.544
IN-2014-SC2044027-41817,Shaun Chance,"Hon Steel Folding Chair, Black",Eastern Asia,78.99,11.04
IR-2017-NB865560-42990,Nona Balk,"Hon Steel Folding Chair, Black",Southern Asia,78.99,23.67
TU-2017-VP11730134-42938,Victor Preis,"Smead Lockers, Wire Frame",Western Asia,78.996,-100.734
IN-2015-SV2093566-42275,Susan Vittorini,"Xerox Computer Printout Paper, Premium",Eastern Asia,79.02,37.08
IN-2015-KN16450130-42267,Kean Nguyen,"Cameo Interoffice Envelope, Security-Tint",Southeastern Asia,79.2297,-3.0303
IN-2017-BF1100558-42886,Barry Franz,"BIC Markers, Blue",Southern Asia,79.29,34.83
IN-2017-CG1204058-43062,Catherine Glotzbach,"Fellowes Folders, Single Width",Southern Asia,79.29,18.18
TU-2015-CC2370134-42176,Christopher Conant,"Eldon Lockers, Industrial",Western Asia,79.356,-21.834
TU-2017-SV10815134-42848,Stuart Van,"Smead Lockers, Blue",Western Asia,79.368,-85.332
IN-2014-DF1313566-41696,David Flashing,"Kleencut Letter Opener, High Speed",Eastern Asia,79.38,25.38
IN-2014-NM1844558-41665,Nathan Mautz,"Eaton Computer Printout Paper, Recycled",Southern Asia,79.38,25.38
TU-2016-SJ10215134-42717,Sarah Jordon,"Smead Lockers, Single Width",Western Asia,79.38,-29.79
IN-2017-TS212051-42904,Thomas Seio,"Kraft Manila Envelope, Set of 50",Southern Asia,79.47,9.45
IN-2015-SK1999027-42321,Sally Knutson,"OIC Clamps, Metal",Eastern Asia,79.56,6.36
IN-2017-KH1663088-43057,Ken Heidel,"Elite Letter Opener, Steel",Southeastern Asia,79.68,23.04
TX-2016-PW9030135-42540,Pauline Webber,"Okidata Printer, Red",Central Asia,79.695,-183.315
IN-2016-KT1646527-42549,Kean Takahito,"Cardinal Binder, Clear",Eastern Asia,79.74,39.78
IN-2015-ML1739558-42182,Marina Lichtenstein,"Novimex Steel Folding Chair, Black",Southern Asia,79.8,14.34
IN-2015-HR1477027-42245,Hallie Redmond,"Stockwell Push Pins, Assorted Sizes",Eastern Asia,80.01,19.11
IN-2015-TB2105558-42259,Ted Butterfield,"Binney & Smith Pencil Sharpener, Fluorescent",Southern Asia,80.01,34.38
ID-2017-SC2069597-43011,Steve Chapman,"Elite Letter Opener, High Speed",Southern Asia,80.1,-1.62
ID-2016-VT2170059-42718,Valerie Takahito,"Acme Box Cutter, High Speed",Southeastern Asia,80.136,-24.264
ID-2017-EB1393059-43081,Eric Barreto,"Kraft Interoffice Envelope, with clear poly window",Southeastern Asia,80.2314,-18.2286
ID-2017-JF1519059-43094,Jamie Frazer,"Stiletto Scissors, Easy Grip",Southeastern Asia,80.2314,-62.1486
IR-2016-LS694560-42380,Linda Southworth,"Cisco Office Telephone, with Caller ID",Southern Asia,80.46,10.44
TU-2016-TP11130134-42573,Theone Pippenger,"Tenex Clock, Duo Pack",Western Asia,80.496,-44.304
ID-2015-DC1285097-42306,Dan Campbell,"Sanford Canvas, Water Color",Southern Asia,80.55,-27.45
IN-2017-SB2017088-43067,Sarah Bern,"Boston Sketch Pad, Blue",Southeastern Asia,80.676,3.876
ID-2017-BS11380102-42939,Bill Stewart,"Rogers Box, Industrial",Southeastern Asia,80.685,-45.495
IR-2017-DB291060-43046,Daniel Byrd,"Epson Phone, Wireless",Southern Asia,80.97,36.42
IZ-2016-EM382561-42618,Elizabeth Moffitt,"Stiletto Scissors, Serrated",Western Asia,81.24,26.76
ID-2017-KH16330113-43050,Katharine Harms,"Stockwell Clamps, Assorted Sizes",Southeastern Asia,81.45,21.9
IN-2014-DB1327027-41997,Deborah Brumfield,"Kleencut Trimmer, Steel",Eastern Asia,81.66,3.24
TU-2017-GM4695134-42878,Greg Maxwell,"Tenex Lockers, Single Width",Western Asia,81.672,-110.268
SY-2014-AH465126-41812,Amy Hunt,"Apple Office Telephone, Cordless",Western Asia,81.756,13.596
ID-2017-HM14980102-42965,Henry MacAllister,"SanDisk Note Cards, 8.5 x 11",Southeastern Asia,81.7575,-56.5425
TU-2015-BC1125134-42064,Becky Castell,"Tenex Lockers, Industrial",Western Asia,81.852,-65.508
IN-2017-JK1564059-42868,Jim Kriz,"Wilson Jones Binding Machine, Recycled",Southeastern Asia,81.8712,14.7912
IN-2014-EH1399011-41782,Erica Hackney,"Stockwell Thumb Tacks, Metal",Southern Asia,81.9,27
IN-2015-RB19705144-42267,Roger Barcio,"HP Ink, Color",Southeastern Asia,81.9882,-39.0618
SA-2017-PG8820110-43070,Patrick Gardner,"Panasonic Phone, Red",Western Asia,81.99,27.03
ID-2014-HG1484559-41762,Harry Greene,"Stockwell Clamps, Metal",Southeastern Asia,82.044,-32.676
ID-2015-CS1213059-42222,Chad Sievert,"Stockwell Clamps, Metal",Southeastern Asia,82.044,-32.676
ID-2014-DB1336059-41666,Dennis Bolton,"Cameo Clasp Envelope, Security-Tint",Southeastern Asia,82.0599,-17.3901
TU-2016-AR510134-42722,Andrew Roberts,"Acco Binding Machine, Recycled",Western Asia,82.32,-72.12
ID-2014-SD20485102-41914,Shirley Daniels,"Acme Shears, High Speed",Southeastern Asia,82.368,-15.012
IN-2017-EB1417027-42888,Evan Bailliet,"Stiletto Ruler, Easy Grip",Eastern Asia,82.5,6.6
IN-2017-AS1022588-43029,Alan Schoenberger,"Eldon Clock, Black",Southeastern Asia,82.5192,7.8792
TU-2015-AP915134-42356,Arthur Prichep,"Fellowes Lockers, Wire Frame",Western Asia,82.56,-30.96
AE-2014-PO8865138-41914,Patrick O'Donnell,"Fellowes File Cart, Industrial",Western Asia,82.674,-157.086
TU-2017-DK3225134-42840,Dean Katz,"Logitech Memory Card, Bluetooth",Western Asia,82.704,-95.136
YM-2016-HF4995145-42619,Herbert Flentye,"Apple Signal Booster, Full Size",Western Asia,82.764,-179.376
ID-2014-RP1927059-41850,Rachel Payne,"Eldon Photo Frame, Erganomic",Southeastern Asia,82.8258,-2.3142
ID-2015-SV20365130-42091,Seth Vernon,"Eldon Photo Frame, Erganomic",Southeastern Asia,82.8258,-2.3142
IN-2016-MF1766566-42680,Maureen Fritzler,"Elite Trimmer, High Speed",Eastern Asia,83.34,19.98
ID-2016-VM21685102-42715,Valerie Mitchum,"Sanford Canvas, Blue",Southeastern Asia,83.358,-28.872
IN-2014-RS194201-41867,Ricardo Sperren,"SanDisk Parchment Paper, 8.5 x 11",Southern Asia,83.4,8.28
IN-2015-RS1987027-42148,Roy Skaria,"Cameo Mailers, with clear poly window",Eastern Asia,83.4,27.48
ID-2015-VM21835130-42363,Vivian Mathis,"Deflect-O Light Bulb, Duo Pack",Southeastern Asia,83.439,-17.181
SA-2016-MP7965110-42639,Michael Paige,"Enermax Flash Drive, USB",Western Asia,83.46,32.52
ID-2014-PA19060102-41729,Pete Armstrong,"Cardinal Binding Machine, Clear",Southeastern Asia,83.691,30.471
ID-2017-Dl1360059-42989,Dorris liebe,"Fiskars Scissors, Steel",Southeastern Asia,83.6976,-20.6724
IN-2016-MC1742559-42622,Mark Cousins,"SAFCO Chairmat, Black",Southeastern Asia,83.7894,-11.4906
ID-2016-CS1217559-42580,Charles Sheldon,"SanDisk Flash Drive, Bluetooth",Southeastern Asia,83.8248,-3.1752
IR-2017-KH633060-43081,Katharine Harms,"Belkin Keyboard, Bluetooth",Southern Asia,83.88,20.97
ID-2017-JE15715118-42762,Joe Elijah,"Cameo Peel and Seal, Set of 50",Eastern Asia,84,-35.28
IN-2015-JO1514558-42066,Jack O'Briant,"Accos Clamps, Assorted Sizes",Southern Asia,84.15,14.25
IN-2014-AY1055527-41804,Andy Yotov,"Belkin Flash Drive, USB",Eastern Asia,84.3,37.08
IR-2017-SF1096560-42920,Sylvia Foulston,"Novimex Steel Folding Chair, Set of Two",Southern Asia,84.48,4.2
IN-2017-TS2108559-43051,Thais Sissman,"Office Star Bag Chairs, Adjustable",Southeastern Asia,84.5778,4.5978
TU-2016-EB3840134-42419,Ellis Ballard,"Rogers Lockers, Blue",Western Asia,84.648,-112.182
TU-2015-TH11235134-42250,Tiffany House,"Rogers Lockers, Single Width",Western Asia,84.66,-33.87
TU-2016-JA5970134-42587,Joseph Airdo,"Rogers Lockers, Single Width",Western Asia,84.66,-33.87
ID-2014-SG2008059-41902,Sandra Glassco,"Sanford Pencil Sharpener, Water Color",Southeastern Asia,84.7092,-6.9708
IN-2017-MN1793558-42875,Michael Nguyen,"Cameo Business Envelopes, Security-Tint",Southern Asia,84.75,6.75
TU-2017-NC8535134-42962,Nick Crebassa,"Advantus Photo Frame, Black",Western Asia,84.768,-125.112
IN-2016-TP21415130-42560,Tom Prescott,"Eldon Photo Frame, Black",Southeastern Asia,84.8406,11.5806
SA-2017-GM4440110-42968,Gary McGarr,"Enermax Keyboard, Programmable",Western Asia,84.96,36.51
KZ-2017-RL961568-42833,Rob Lucas,"Tenex Clock, Durable",Central Asia,85.104,-73.836
IN-2015-DR1288027-42052,Dan Reichenbach,"Enermax Computer Printout Paper, Recycled",Eastern Asia,85.14,5.04
IN-2015-KH1651058-42357,Keith Herrera,"Cardinal Binder, Recycled",Southern Asia,85.14,21.24
IN-2016-BO1142558-42533,Bobby Odegard,"Deflect-O Door Stop, Erganomic",Southern Asia,85.14,39.96
KG-2015-VM1168570-42113,Valerie Mitchum,"Hon Removable Labels, Adjustable",Central Asia,85.2,4.08
ID-2015-KM1622578-42056,Kalyca Meade,"Enermax Note Cards, 8.5 x 11",Southeastern Asia,85.23,16.11
IN-2014-TD2099558-41907,Tamara Dahlen,"Enermax Note Cards, 8.5 x 11",Southern Asia,85.23,16.11
ID-2017-RR19525130-42773,Rick Reed,"Boston Canvas, Blue",Southeastern Asia,85.2876,-14.5224
KZ-2014-DF313568-41807,David Flashing,"Canon Personal Copier, Digital",Central Asia,85.428,-185.112
ID-2017-JF15295130-42993,Jason Fortune-,"Fellowes Box, Industrial",Southeastern Asia,85.4784,-32.3616
IN-2016-RL1961527-42384,Rob Lucas,"Stiletto Trimmer, High Speed",Eastern Asia,85.5,16.2
IN-2017-NR18550102-43073,Nick Radford,"BIC Sketch Pad, Water Color",Southeastern Asia,85.536,1.476
IN-2016-GT14755144-42624,Guy Thornton,"Novimex Chairmat, Set of Two",Southeastern Asia,85.5414,11.6814
IN-2014-KM1666059-41984,Khloe Miller,"Konica Calculator, Durable",Southeastern Asia,85.905,17.565
IN-2015-SC2069558-42140,Steve Chapman,"Harbour Creations Removable Labels, Adjustable",Southern Asia,85.92,30
ID-2016-MS1783059-42499,Melanie Seite,"Ibico Binding Machine, Recycled",Southeastern Asia,85.9548,-7.2852
IN-2016-BM1165027-42493,Brian Moss,"Kleencut Trimmer, Easy Grip",Eastern Asia,86.1,15.48
TU-2017-JP5520134-42988,Jeremy Pistek,"Smead Folders, Industrial",Western Asia,86.256,-80.064
SA-2016-DH3075110-42611,Dave Hallsten,"Stockwell Staples, Bulk Pack",Western Asia,86.4,12.96
IN-2016-AR1082559-42412,Anthony Rawles,"Binney & Smith Highlighters, Water Color",Southeastern Asia,86.5926,18.9126
TU-2017-GT4755134-42897,Guy Thornton,"Logitech Mouse, Erganomic",Western Asia,86.688,-80.352
ID-2017-ME17725113-42978,Max Engle,"Elite Letter Opener, Easy Grip",Southeastern Asia,86.76,22.5
IN-2016-PC1874558-42397,Pamela Coakley,"Fellowes Shelving, Blue",Southern Asia,86.76,-38.25
IN-2015-JD15790113-42335,John Dryer,"Belkin Flash Drive, Programmable",Southeastern Asia,86.88,14.76
IN-2016-MG1768027-42477,Maureen Gastineau,"Belkin Flash Drive, Programmable",Eastern Asia,86.88,14.76
ID-2017-KC1625558-43039,Karen Carlisle,"Office Star Bag Chairs, Adjustable",Southern Asia,86.895,-33.075
TU-2016-ML7410134-42443,Maris LaWare,"Deflect-O Frame, Erganomic",Western Asia,86.928,-126.072
TU-2017-EM4065134-42960,Erin Mull,"Deflect-O Frame, Erganomic",Western Asia,86.928,-126.072
IN-2017-MS1753058-43030,MaryBeth Skach,"Xerox Parchment Paper, 8.5 x 11",Southern Asia,87,40.8
IN-2017-BM1157527-43056,Brendan Murry,"BIC Pencil Sharpener, Blue",Eastern Asia,87.03,15.66
IN-2014-SP2092058-41949,Susan Pistek,"Epson Calculator, Red",Southern Asia,87.12,22.62
IN-2017-MG1769527-42752,Maureen Gnade,"Novimex Removable Labels, Laser Printer Compatible",Eastern Asia,87.21,43.47
TU-2014-AJ960134-41924,Astrea Jones,"Binney & Smith Canvas, Water Color",Western Asia,87.264,-26.256
IN-2014-TM2149027-41979,Tony Molinari,"Eldon Folders, Industrial",Eastern Asia,87.3,2.55
IN-2017-DJ1342058-42752,Denny Joy,"Advantus Door Stop, Erganomic",Southern Asia,87.3,7.8
ID-2015-BT1144059-42261,Bobby Trafton,"Advantus Light Bulb, Durable",Southeastern Asia,87.381,-1.239
IN-2015-BN1151527-42308,Bradley Nguyen,"Elite Shears, Serrated",Eastern Asia,87.42,32.34
IN-2017-CC1267027-42955,Craig Carreira,"Elite Shears, Serrated",Eastern Asia,87.42,32.34
IN-2014-RP1927027-41907,Rachel Payne,"Smead Folders, Single Width",Eastern Asia,87.6,30.6
IN-2015-ES1408059-42268,Erin Smith,"Fellowes Folders, Single Width",Southeastern Asia,87.7476,6.2676
ID-2015-MH17455130-42258,Mark Hamilton,"Kleencut Trimmer, High Speed",Southeastern Asia,87.8316,-24.9684
IN-2017-ES1402027-42795,Erica Smith,"Fiskars Trimmer, Easy Grip",Eastern Asia,87.84,20.16
TU-2016-LS7230134-42689,Lycoris Saunders,"Boston Canvas, Fluorescent",Western Asia,87.84,-92.28
ID-2017-ML1826559-42909,Muhammed Lee,"Eldon Stacking Tray, Erganomic",Southeastern Asia,87.9504,-7.3296
IZ-2017-PF912061-43017,Peter Fuller,"SAFCO Steel Folding Chair, Set of Two",Western Asia,87.96,37.8
IN-2017-PP1895559-42955,Paul Prost,"Acco Binder, Economy",Southeastern Asia,88.0215,14.7315
IN-2016-KS1630011-42626,Karen Seio,"Avery 3-Hole Punch, Durable",Southern Asia,88.11,44.01
IN-2017-CA1226558-43066,Christina Anderson,"Boston Highlighters, Water Color",Southern Asia,88.2,6.96
IN-2014-ED138851-41985,Emily Ducich,"Xerox Memo Slips, 8.5 x 11",Southern Asia,88.35,2.55
KG-2016-BM178570-42459,Bryan Mills,"Breville Blender, Black",Central Asia,88.38,33.57
IZ-2017-LC687061-43077,Lena Cacioppo,"Cisco Headset, with Caller ID",Western Asia,88.44,35.37
IN-2017-EP1391527-42798,Emily Phan,"Wilson Jones 3-Hole Punch, Durable",Eastern Asia,88.47,37.98
IN-2017-SC2002059-42903,Sam Craven,"Acme Ruler, High Speed",Southeastern Asia,88.563,-71.937
IN-2015-JE1561027-42142,Jim Epp,"Acco 3-Hole Punch, Clear",Eastern Asia,88.74,0.81
ID-2016-JB1540097-42716,Jennifer Braxton,"Tenex Folders, Wire Frame",Southern Asia,89.16,-57.24
IN-2017-JL1550527-42969,Jeremy Lonsdale,"Acme Trimmer, High Speed",Eastern Asia,89.16,32.94
KG-2015-RP927070-42132,Rachel Payne,"Acme Trimmer, High Speed",Central Asia,89.16,25.8
ID-2014-HM1486059-41911,Harry Marie,"Stiletto Trimmer, Steel",Southeastern Asia,89.358,-8.442
IS-2015-MH744063-42323,Mark Haberlin,"Stanley Sketch Pad, Easy-Erase",Western Asia,89.4,16.98
JO-2017-BW111067-42799,Bart Watters,"Stanley Sketch Pad, Easy-Erase",Western Asia,89.4,16.98
ID-2017-MC18130144-42860,Mike Caudle,"Eaton Parchment Paper, Premium",Southeastern Asia,89.4408,-10.8792
IN-2016-DW1358527-42415,Dorothy Wardle,"SanDisk Note Cards, Premium",Eastern Asia,89.46,44.73
TU-2015-DW3540134-42021,Don Weiss,"SanDisk Message Books, 8.5 x 11",Western Asia,89.472,-24.768
IN-2017-CM1238527-43037,Christopher Martinez,"Wilson Jones Binder Covers, Economy",Eastern Asia,89.52,35.76
IR-2016-HW493560-42524,Helen Wasserman,"Stanley Markers, Easy-Erase",Southern Asia,89.88,0
SY-2016-AW840126-42548,Anthony Witt,"Stanley Markers, Easy-Erase",Western Asia,89.88,0
ID-2014-RD19660144-41645,Robert Dilbeck,"Tenex Trays, Blue",Southeastern Asia,89.9886,29.2686
ID-2014-JM15580102-41754,Jill Matthias,"Belkin Mouse, USB",Southeastern Asia,90.024,-18.096
ID-2017-JF1519059-42897,Jamie Frazer,"Enermax Keyboard, Programmable",Southeastern Asia,90.0576,-28.9224
IN-2014-AJ1094527-41937,Ashley Jarboe,"Eaton Cards & Envelopes, Recycled",Eastern Asia,90.18,-63.18
IR-2015-CM193560-42026,Carlos Meador,"Fiskars Scissors, Steel",Southern Asia,90.24,44.16
IN-2014-RH1949527-41852,Rick Hansen,"Hon Bag Chairs, Red",Eastern Asia,90.3,38.82
IN-2017-JF1556558-43082,Jill Fjeld,"Eaton Cards & Envelopes, Premium",Southern Asia,90.36,19.86
IN-2015-LS17245113-42150,Lynn Smith,"Memorex Numeric Keypad, Bluetooth",Southeastern Asia,90.42,18.96
ID-2016-SG20890130-42527,Susan Gilcrest,"Ikea 3-Shelf Cabinet, Pine",Southeastern Asia,90.5877,-23.0223
IN-2015-TB2105558-42295,Ted Butterfield,"Cardinal 3-Hole Punch, Durable",Southern Asia,90.9,36.36
IN-2016-DK1309027-42588,Dave Kipp,"Eaton Memo Slips, Multicolor",Eastern Asia,90.9,28.08
IN-2016-PO1918027-42647,Philisse Overcash,"Sanford Sketch Pad, Blue",Eastern Asia,90.96,19.98
ID-2017-JF15415102-42798,Jennifer Ferguson,"Tenex Shelving, Industrial",Southeastern Asia,90.981,-23.229
ID-2015-LC1688559-42079,Lena Creighton,"Wilson Jones 3-Hole Punch, Clear",Southeastern Asia,91.134,-1.146
IN-2017-JO1555027-43029,Jesus Ocampo,"Wilson Jones Binder, Economy",Eastern Asia,91.14,17.22
KZ-2016-RB970568-42653,Roger Barcio,"Nokia Headset, Cordless",Central Asia,91.152,-145.848
JO-2015-AG30067-42359,Aleksandra Gannaway,"Kraft Interoffice Envelope, Recycled",Western Asia,91.44,30.12
TU-2017-DV3045134-43066,Darrin Van Huff,"Enermax Memory Card, USB",Western Asia,91.68,-103.14
TU-2014-MA7995134-41956,Michelle Arnett,"Fellowes Trays, Blue",Western Asia,91.824,-121.776
SA-2015-CS1845110-42253,Cari Sayre,"Stiletto Scissors, Steel",Western Asia,92.04,20.16
IN-2016-DE13255121-42567,Deanra Eno,"Logitech Mouse, Programmable",Southern Asia,92.34,7.38
IN-2017-AD1018027-42876,Alan Dominguez,"Ibico 3-Hole Punch, Recycled",Eastern Asia,92.43,43.38
IN-2016-PN1877527-42720,Parhena Norris,"Logitech Numeric Keypad, Bluetooth",Eastern Asia,92.64,32.4
IN-2014-CC1210027-42003,Chad Cunningham,"Avery Color Coded Labels, Laser Printer Compatible",Eastern Asia,93.03,20.37
IN-2016-AS1063027-42548,Ann Steele,"Harbour Creations Color Coded Labels, 5000 Label Set",Eastern Asia,93.03,5.46
IN-2017-AA1064578-43021,Anna Andreadi,"Cardinal Binder, Clear",Southeastern Asia,93.03,46.41
IN-2017-RD1981027-42930,Ross DeVincentis,"Harbour Creations Color Coded Labels, 5000 Label Set",Eastern Asia,93.03,5.46
TU-2014-KH6690134-41803,Kristen Hastings,"Belkin Memory Card, Programmable",Western Asia,93.048,-69.792
IN-2016-FA1423059-42554,Frank Atkinson,"Tenex Door Stop, Erganomic",Southeastern Asia,93.0969,5.0769
IN-2014-PW1924058-41881,Pierre Wener,"Eaton Cards & Envelopes, Multicolor",Southern Asia,93.18,23.28
IN-2016-CC1261058-42635,Corey Catlett,"Binney & Smith Sketch Pad, Easy-Erase",Southern Asia,93.18,36.3
IN-2016-BB1099059-42455,Barry Blumstein,"Harbour Creations Bag Chairs, Set of Two",Southeastern Asia,93.2502,2.5302
IN-2015-CH1207021-42014,Cathy Hwang,"Advantus Light Bulb, Erganomic",Southeastern Asia,93.45,36.3
IN-2017-LM1706527-42861,Liz MacKendrick,"Sanford Sketch Pad, Fluorescent",Eastern Asia,93.48,28.02
IN-2017-VD2167027-42944,Valerie Dominguez,"Rogers Folders, Industrial",Eastern Asia,93.51,2.79
ID-2016-EM14095144-42505,Eudokia Martin,"Harbour Creations Bag Chairs, Adjustable",Southeastern Asia,93.6006,14.1006
ID-2014-VF21715102-41868,Vicky Freymann,"Advantus Stacking Tray, Erganomic",Southeastern Asia,93.7125,-1.3875
IN-2017-KB1631559-42751,Karl Braun,"Avery 3-Hole Punch, Recycled",Southeastern Asia,93.7236,34.9236
ID-2015-HJ1487559-42077,Heather Jas,"Kraft Manila Envelope, Recycled",Southeastern Asia,93.8259,-28.3941
IN-2017-VT2170059-43012,Valerie Takahito,"Wilson Jones 3-Hole Punch, Recycled",Southeastern Asia,94.122,36.282
AM-2014-HM49806-41986,Henry MacAllister,"Office Star Steel Folding Chair, Adjustable",Western Asia,94.2,45.21
IN-2014-AT10735113-41927,Annie Thurman,"Enermax Cards & Envelopes, Premium",Southeastern Asia,94.2,24.48
IN-2016-BE1133558-42666,Bill Eplett,"Stockwell Clamps, Bulk Pack",Southern Asia,94.2,31.95
IN-2017-LF1718558-42965,Luke Foster,"Stiletto Scissors, High Speed",Southern Asia,94.44,1.8
TU-2014-PW9240134-41701,Pierre Wener,"Panasonic Receipt Printer, Red",Western Asia,94.44,-25.98
ID-2017-CM12190102-43007,Charlotte Melton,"Eldon Light Bulb, Black",Southeastern Asia,94.5,-21.45
ID-2017-SP2054558-43044,Sibella Parks,"Eldon Stacking Tray, Black",Southern Asia,94.5,40.59
IN-2016-JK1537066-42671,Jay Kimmel,"Sanford Highlighters, Water Color",Eastern Asia,94.65,42.45
SA-2015-MD7860110-42147,Michael Dominguez,"Deflect-O Clock, Durable",Western Asia,94.68,30.24
TU-2017-EB3750134-42916,Edward Becker,"SanDisk Flash Drive, Bluetooth",Western Asia,94.896,-33.264
IN-2016-NP1868558-42370,Nora Pelletier,"Eldon Shelving, Wire Frame",Southern Asia,94.98,0
IZ-2016-SO1033561-42700,Sean O'Donnell,"Stiletto Shears, Steel",Western Asia,94.98,8.52
IN-2014-JM1565588-41694,Jim Mitchum,"Kraft Peel and Seal, Security-Tint",Southeastern Asia,94.9935,-7.0065
IN-2015-SC2077058-42268,Stewart Carmichael,"Ames Interoffice Envelope, Security-Tint",Southern Asia,95.04,13.26
IR-2017-CA196560-42932,Carol Adams,"Smead Trays, Wire Frame",Southern Asia,95.1,12.36
IN-2015-TS2165558-42327,Trudy Schmidt,"Binney & Smith Sketch Pad, Fluorescent",Southern Asia,95.16,26.64
IN-2017-DL1286527-43043,Dan Lawera,"Stanley Sketch Pad, Water Color",Eastern Asia,95.22,16.14
JO-2015-KW657067-42076,Kelly Williams,"Stanley Sketch Pad, Water Color",Western Asia,95.22,18.06
IN-2015-Dl13600121-42351,Dorris liebe,"Fiskars Shears, High Speed",Southern Asia,95.28,31.44
IN-2017-MD1735027-42898,Maribeth Dona,"Fiskars Shears, High Speed",Eastern Asia,95.28,31.44
IN-2017-MH1745511-42921,Mark Hamilton,"Acme Letter Opener, Easy Grip",Southern Asia,95.49,39.15
ID-2016-EB1370559-42584,Ed Braxton,"Kraft Manila Envelope, with clear poly window",Southeastern Asia,95.4954,-21.6846
ID-2017-NH1861059-43009,Nicole Hansen,"Cardinal 3-Hole Punch, Economy",Southeastern Asia,95.616,-2.304
IN-2016-NW1840027-42603,Natalie Webber,"GlobeWeis Interoffice Envelope, Set of 50",Eastern Asia,95.64,14.34
IN-2017-JW1595558-43018,Joni Wasserman,"GlobeWeis Interoffice Envelope, Set of 50",Southern Asia,95.64,14.34
ID-2014-MS1798059-41964,Michael Stewart,"Cameo Manila Envelope, Recycled",Southeastern Asia,95.718,-3.612
AE-2017-GH4665138-43082,Greg Hansen,"Motorola Headset, VoIP",Western Asia,95.796,-156.564
IN-2017-MW1823558-42888,Mitch Willingham,"Ibico 3-Hole Punch, Durable",Southern Asia,95.85,22.95
TU-2015-PT9090134-42213,Pete Takahito,"Kraft Mailers, Security-Tint",Western Asia,96.12,-132.3
IN-2016-SV2081558-42444,Stuart Van,"Stiletto Shears, High Speed",Southern Asia,96.18,36.54
IZ-2016-TB1159561-42440,Troy Blackwell,"Binney & Smith Markers, Blue",Western Asia,96.36,18.24
IN-2017-BT1168027-42989,Brian Thompson,"Novimex Bag Chairs, Set of Two",Eastern Asia,96.42,31.8
IN-2016-CS1217527-42704,Charles Sheldon,"Avery Binding Machine, Clear",Eastern Asia,96.6,9.66
IN-2016-MC1763527-42503,Matthew Clasen,"Avery Binding Machine, Clear",Eastern Asia,96.6,9.66
ID-2016-AG1076527-42603,Anthony Garverick,"Fiskars Box Cutter, Serrated",Eastern Asia,96.66,3.78
IN-2017-DC1285058-43003,Dan Campbell,"Fiskars Box Cutter, Serrated",Southern Asia,96.66,3.78
ID-2017-JK1532566-42746,Jason Klamczynski,"Stockwell Rubber Bands, Bulk Pack",Eastern Asia,96.84,46.44
ID-2017-MS17770118-42902,Maxwell Schwartz,"Wilson Jones Binding Machine, Clear",Eastern Asia,96.84,-60.12
IN-2015-GD1459027-42236,Giulietta Dortch,"Wilson Jones Binding Machine, Clear",Eastern Asia,96.84,18.36
IR-2017-EL373560-42827,Ed Ludwig,"Eldon Shelving, Blue",Southern Asia,96.84,26.1
IZ-2017-TS1108561-42766,Thais Sissman,"Wilson Jones Binding Machine, Clear",Western Asia,96.84,29.04
SA-2016-SW10455110-42729,Shaun Weien,"Eldon Shelving, Blue",Western Asia,96.84,26.1
IN-2015-AG1027058-42106,Alejandro Grove,"Accos Clamps, Bulk Pack",Southern Asia,96.9,26.1
IN-2016-NP1870058-42605,Nora Preis,"Accos Clamps, Bulk Pack",Southern Asia,96.9,26.1
IN-2015-CS1246027-42189,Chuck Sachs,"Boston Sketch Pad, Blue",Eastern Asia,97.2,20.4
IN-2016-IM1505559-42589,Ionia McGrath,"Epson Receipt Printer, Durable",Southeastern Asia,97.2345,25.7445
IN-2017-MH1744027-42756,Mark Haberlin,"Sanford Sketch Pad, Water Color",Eastern Asia,97.32,21.36
IR-2014-EL373560-41981,Ed Ludwig,"Sanford Sketch Pad, Water Color",Southern Asia,97.32,45.72
TU-2016-MG7695134-42539,Maureen Gnade,"HP Copy Machine, Laser",Western Asia,97.332,-24.348
SA-2017-JW6075110-42834,Julia West,"Binney & Smith Markers, Easy-Erase",Western Asia,97.44,38.88
TU-2016-JS5940134-42534,Joni Sundaresam,"Dania Corner Shelving, Traditional",Western Asia,97.656,-63.504
GG-2014-BS159047-41914,Brendan Sweed,"Avery Binding Machine, Economy",Western Asia,97.68,11.7
IN-2015-CR1262527-42282,Corey Roper,"Avery Binding Machine, Economy",Eastern Asia,97.68,13.62
IR-2014-HG502560-41946,Hunter Glantz,"Avery Binding Machine, Economy",Southern Asia,97.68,11.7
IN-2017-GG1465058-43023,Greg Guthrie,"Rogers Box, Industrial",Southern Asia,97.8,13.68
IR-2016-AS22560-42430,Alan Schoenberger,"Eldon Shelving, Industrial",Southern Asia,97.8,2.88
IN-2014-PV1898558-41970,Paul Van Hugh,"Smead Shelving, Blue",Southern Asia,97.86,43.02
IN-2017-JH1543078-43094,Jennifer Halladay,"Stockwell Rubber Bands, Assorted Sizes",Southeastern Asia,97.86,48.93
IR-2016-JO514560-42630,Jack O'Briant,"Smead Shelving, Blue",Southern Asia,97.86,29.34
IN-2016-LC1705027-42430,Liz Carlisle,"Smead Shelving, Single Width",Eastern Asia,97.92,3.9
IR-2014-DB306060-42000,Dave Brooks,"Smead Trays, Industrial",Southern Asia,97.92,32.28
TU-2017-RB9705134-42853,Roger Barcio,"Ikea Corner Shelving, Metal",Western Asia,98.016,-137.244
IN-2014-LW1721527-41664,Luke Weiss,"Xerox Cards & Envelopes, 8.5 x 11",Eastern Asia,98.22,34.32
IN-2015-PO1918027-42296,Philisse Overcash,"Xerox Cards & Envelopes, 8.5 x 11",Eastern Asia,98.22,34.32
IN-2016-GR1456058-42655,Georgia Rosenberg,"Xerox Cards & Envelopes, 8.5 x 11",Southern Asia,98.22,34.32
IN-2016-SC2002058-42406,Sam Craven,"Cardinal Binding Machine, Clear",Southern Asia,98.46,45.24
IN-2015-SP2054527-42236,Sibella Parks,"OIC Thumb Tacks, Bulk Pack",Eastern Asia,98.49,26.46
IZ-2017-ME772561-42800,Max Engle,"Acme Shears, Steel",Western Asia,98.64,35.46
IN-2016-PB1910527-42658,Peter Bühler,"GlobeWeis Business Envelopes, Security-Tint",Eastern Asia,98.7,10.8
ID-2014-MY18295102-41653,Muhammed Yedwab,"Tenex Door Stop, Black",Southeastern Asia,98.7525,-23.7375
IN-2014-EM1414027-41792,Eugene Moren,"Tenex Box, Blue",Eastern Asia,99,2.88
IN-2014-JO1528027-41930,Jas O'Carroll,"Binney & Smith Sketch Pad, Water Color",Eastern Asia,99,13.86
IN-2017-TN2104027-42867,Tanja Norvell,"Binney & Smith Sketch Pad, Water Color",Eastern Asia,99,13.86
IN-2017-VP2173027-42858,Victor Preis,"OIC Rubber Bands, 12 Pack",Eastern Asia,99,2.88
IN-2017-RD1966059-43007,Robert Dilbeck,"Avery Binder, Recycled",Southeastern Asia,99.0522,6.9822
TU-2015-AB255134-42231,Alejandro Ballentine,"Bush Corner Shelving, Traditional",Western Asia,99.192,-96.768
ID-2015-IM15055118-42108,Ionia McGrath,"Smead Lockers, Blue",Eastern Asia,99.21,-69.45
ID-2015-SW2075559-42309,Steven Ward,"Ibico 3-Hole Punch, Clear",Southeastern Asia,99.3012,16.7412
ID-2017-CG12520130-43004,Claire Gute,"Ibico 3-Hole Punch, Clear",Southeastern Asia,99.3012,16.7412
TU-2017-CK2205134-43007,Chloris Kastensmidt,"HP Personal Copier, Laser",Western Asia,99.432,-64.668
ID-2014-BP1115559-41897,Becky Pak,"StarTech Calculator, Wireless",Southeastern Asia,99.5004,-3.6396
ID-2017-EH1400559-42770,Erica Hernandez,"OIC Rubber Bands, Bulk Pack",Southeastern Asia,99.5181,-24.5619
IN-2015-VG2180559-42225,Vivek Grady,"Breville Coffee Grinder, White",Southeastern Asia,99.6,19.2
IZ-2016-MH744061-42402,Mark Haberlin,"KitchenAid Blender, White",Western Asia,99.6,46.8
TU-2017-SB10170134-42987,Sarah Bern,"Apple Speaker Phone, Full Size",Western Asia,99.672,-42.408
ID-2016-BK11260118-42506,Berenike Kampe,"Lesro Coffee Table, Rectangular",Eastern Asia,99.828,-344.412
IR-2016-ST1053060-42699,Shui Tom,"Advantus Photo Frame, Durable",Southern Asia,100.02,15.96
KZ-2017-PK891068-42979,Paul Knutson,"Novimex Swivel Stool, Adjustable",Central Asia,100.17,-207.03
IZ-2014-KC667561-41888,Kimberly Carter,"Stanley Pencil Sharpener, Water Color",Western Asia,100.2,6
IR-2016-JE616560-42611,Justin Ellison,"Cardinal Binding Machine, Recycled",Southern Asia,100.26,21
IN-2016-ND18460102-42528,Neil Ducich,"Cuisinart Coffee Grinder, Silver",Southeastern Asia,100.368,8.208
IN-2014-TS21505113-41901,Tony Sayre,"Harbour Creations Steel Folding Chair, Adjustable",Southeastern Asia,100.38,43.14
IN-2015-CR1273011-42142,Craig Reiter,"OIC Push Pins, 12 Pack",Southern Asia,100.38,50.19
IR-2014-RA928560-41725,Ralph Arnett,"Tenex Clock, Black",Southern Asia,100.5,25.08
ID-2017-AR1040559-42908,Allen Rosenblatt,"Ames Manila Envelope, Security-Tint",Southeastern Asia,100.5039,-3.8661
GG-2014-JF549047-41705,Jeremy Farry,"Rubbermaid Stacking Tray, Black",Western Asia,100.8,31.2
IN-2016-CM1193527-42564,Carlos Meador,"Green Bar Message Books, Multicolor",Eastern Asia,100.8,6
TU-2017-DV3045134-42875,Darrin Van Huff,"Nokia Speaker Phone, Cordless",Western Asia,100.8,-42.84
TU-2016-TM11490134-42735,Tony Molinari,"Samsung Speaker Phone, Cordless",Western Asia,100.872,-108.468
IN-2017-NH1861058-42815,Nicole Hansen,"Wilson Jones Binding Machine, Durable",Southern Asia,100.92,45.36
TU-2016-KH6630134-42616,Ken Heidel,"Apple Speaker Phone, Cordless",Western Asia,100.92,-95.88
TU-2016-SC10770134-42564,Stewart Carmichael,"Apple Speaker Phone, Cordless",Western Asia,100.92,-95.88
IN-2015-CC1255011-42179,Clay Cheatham,"BIC Highlighters, Fluorescent",Southern Asia,100.95,13.05
SY-2016-NG8430126-42379,Nathan Gelder,"Accos Clamps, Assorted Sizes",Western Asia,100.98,30.24
IN-2016-RB1933027-42710,Randy Bradley,"Fiskars Ruler, High Speed",Eastern Asia,101.01,15.12
IN-2017-LD1700558-42832,Lisa DeCherney,"Deflect-O Photo Frame, Erganomic",Southern Asia,101.04,43.44
IS-2017-AC61563-42763,Ann Chong,"Sanford Canvas, Blue",Western Asia,101.04,29.28
SY-2015-NF8475126-42184,Neil Französisch,"Sanford Canvas, Blue",Western Asia,101.04,29.28
IN-2014-BF1102059-41988,Barry Französisch,"Ibico 3-Hole Punch, Economy",Southeastern Asia,101.094,38.934
IN-2015-JD1589558-42343,Jonathan Doherty,"Acco Binding Machine, Clear",Southern Asia,101.1,35.34
IN-2014-KL16645144-41972,Ken Lonsdale,"Acco 3-Hole Punch, Recycled",Southeastern Asia,101.1936,13.3536
TU-2016-SB10290134-42583,Sean Braxton,"Bush Corner Shelving, Mobile",Western Asia,101.208,-45.552
TU-2017-PJ8835134-43058,Patrick Jones,"Bush Corner Shelving, Mobile",Western Asia,101.208,-45.552
KZ-2014-SO1033568-41914,Sean O'Donnell,"Hoover Toaster, Silver",Central Asia,101.268,-114.852
ID-2016-LW1721559-42433,Luke Weiss,"Elite Letter Opener, Easy Grip",Southeastern Asia,101.283,-42.147
TU-2016-CV2295134-42408,Christina VanderZanden,"StarTech Printer, Red",Western Asia,101.328,-43.092
IN-2017-MN1793559-42991,Michael Nguyen,"Ames Mailers, Security-Tint",Southeastern Asia,101.3625,1.9125
TU-2017-AJ960134-42806,Astrea Jones,"Lesro Coffee Table, Fully Assembled",Western Asia,101.388,-149.562
IN-2016-CC1243027-42517,Chuck Clark,"Deflect-O Stacking Tray, Black",Eastern Asia,101.4,15.12
IZ-2014-SC1009561-41849,Sanjit Chand,"Okidata Calculator, White",Western Asia,101.4,1.98
ID-2017-JL1517559-42832,James Lanier,"Binney & Smith Sketch Pad, Blue",Southeastern Asia,101.4408,-23.6592
IN-2014-EN1378058-41854,Edward Nazzal,"Accos Push Pins, Bulk Pack",Southern Asia,101.64,33.39
IN-2017-TW2102527-43059,Tamara Willingham,"Wilson Jones Binder, Durable",Eastern Asia,101.64,29.4
JO-2016-FO430567-42563,Frank Olsen,"Cameo Business Envelopes, Security-Tint",Western Asia,101.7,36.54
KZ-2014-LS723068-41991,Lycoris Saunders,"Nokia Audio Dock, Cordless",Central Asia,101.754,-169.626
IN-2015-AH1069027-42349,Anna Häberlin,"Ibico Binding Machine, Clear",Eastern Asia,101.76,0
IN-2017-DW1319558-43051,David Wiener,"Ibico Binding Machine, Clear",Southern Asia,101.76,0
IZ-2016-JK520561-42509,Jamie Kunitz,"Ibico Binding Machine, Clear",Western Asia,101.76,46.8
TU-2014-BV1245134-41797,Benjamin Venier,"StarTech Printer, White",Western Asia,101.832,-106.938
TU-2017-NZ8565134-43001,Nick Zandusky,"Smead File Cart, Blue",Western Asia,101.976,-150.444
ID-2016-ZC2191059-42654,Zuschuss Carroll,"Okidata Receipt Printer, Durable",Southeastern Asia,102.1149,-12.3051
ID-2017-CP1234097-42865,Christine Phan,"Deflect-O Door Stop, Erganomic",Southern Asia,102.168,34.398
IN-2015-HG1484558-42163,Harry Greene,"Ames Business Envelopes, Recycled",Southern Asia,102.24,43.92
TU-2014-DH3075134-41867,Dave Hallsten,"Eldon File Cart, Industrial",Western Asia,102.312,-122.808
IN-2014-SS2051527-41930,Shirley Schmidt,"Cardinal Binding Machine, Durable",Eastern Asia,102.54,18.42
IN-2016-CR1273058-42591,Craig Reiter,"Cardinal Binding Machine, Durable",Southern Asia,102.54,18.42
IN-2017-MZ1751558-42982,Mary Zewe,"Cardinal Binding Machine, Durable",Southern Asia,102.54,18.42
IR-2016-BS166560-42524,Brian Stugart,"Cardinal Binding Machine, Durable",Southern Asia,102.54,35.88
SA-2015-MV8190110-42296,Mike Vittorini,"Cardinal Binding Machine, Durable",Western Asia,102.54,35.88
TU-2015-EM4095134-42041,Eudokia Martin,"SanDisk Router, Bluetooth",Western Asia,102.54,-53.85
TU-2017-JB6000134-42926,Joy Bell-,"Belkin Router, Erganomic",Western Asia,102.624,-33.366
IN-2017-CM1219027-42958,Charlotte Melton,"Binney & Smith Canvas, Blue",Eastern Asia,102.72,3.06
ID-2015-CD11980130-42118,Carol Darley,"Smead Trays, Blue",Southeastern Asia,102.7776,3.7776
IS-2016-CP208563-42463,Cathy Prescott,"Ibico Binding Machine, Economy",Western Asia,102.84,9.24
IN-2016-NC1841527-42673,Nathan Cano,"Advantus Clock, Duo Pack",Eastern Asia,102.9,15.42
IR-2017-CR282060-42902,Cyra Reiten,"Advantus Clock, Duo Pack",Southern Asia,102.9,12.3
TU-2017-RB9645134-42861,Robert Barroso,"Smead File Cart, Single Width",Western Asia,103.104,-136.656
KZ-2016-SC1069568-42674,Steve Chapman,"Dania Floating Shelf Set, Mobile",Central Asia,103.122,-147.858
TU-2017-SS10410134-42969,Shahid Shariari,"SanDisk Router, Programmable",Western Asia,103.14,-98.01
IN-2015-SN2071027-42147,Steve Nguyen,"Cuisinart Toaster, White",Eastern Asia,103.2,11.34
IN-2017-AB1025527-42813,Alejandro Ballentine,"Avery Binder, Economy",Eastern Asia,103.2,42.24
IN-2015-AF10885144-42272,Art Foster,"Eldon Door Stop, Durable",Southeastern Asia,103.3461,14.1561
IN-2016-LP17095102-42497,Liz Preis,"Stiletto Box Cutter, Easy Grip",Southeastern Asia,103.3725,-28.3275
IN-2014-CB1241566-41973,Christy Brittain,"SAFCO Bag Chairs, Set of Two",Eastern Asia,103.38,40.26
ID-2017-TP2156597-42973,Tracy Poddar,"Jiffy Manila Envelope, with clear poly window",Southern Asia,103.425,-2.205
IR-2015-AT43560-42077,Alyssa Tate,"Boston Sketch Pad, Water Color",Southern Asia,103.56,3.06
IR-2017-TR1132560-42932,Toby Ritter,"Sanford Canvas, Fluorescent",Southern Asia,103.56,38.28
SY-2015-BT1530126-42203,Bradley Talbott,"Konica Phone, Durable",Western Asia,103.572,3.432
TU-2014-SG10605134-41779,Speros Goranitis,"Belkin Router, USB",Western Asia,103.584,-33.666
JO-2017-DO343567-43005,Denny Ordway,"Memorex Memory Card, Programmable",Western Asia,103.77,14.52
TU-2017-GZ4545134-43070,George Zrebassa,"Motorola Speaker Phone, VoIP",Western Asia,103.896,-145.464
IR-2014-MF766560-41944,Maureen Fritzler,"Deflect-O Photo Frame, Duo Pack",Southern Asia,103.92,0
TU-2016-MT7815134-42504,Meg Tillman,"HP Ink, Color",Western Asia,104.112,-88.548
TU-2017-AW840134-43003,Anthony Witt,"Brother Copy Machine, Color",Western Asia,104.196,-125.064
IN-2016-AS1013588-42682,Adrian Shami,"SanDisk Message Books, Multicolor",Southeastern Asia,104.7045,-17.6955
TU-2014-TC11145134-41908,Theresa Coyne,"Canon Copy Machine, Digital",Western Asia,104.712,-128.298
IN-2016-WB2185011-42491,William Brown,"Fiskars Box Cutter, Steel",Southern Asia,104.76,41.85
IN-2017-RB1946558-42882,Rick Bensley,"Rubbermaid Light Bulb, Erganomic",Southern Asia,104.76,3.06
TU-2016-SP10620134-42637,Stefania Perrino,"Brother Copy Machine, Laser",Western Asia,104.772,-154.548
IR-2014-JF529560-41718,Jason Fortune-,"Okidata Calculator, Durable",Southern Asia,104.82,7.32
TU-2017-AH585134-42903,Angele Hood,"Canon Copy Machine, Laser",Western Asia,104.856,-133.704
TU-2014-DS3030134-41949,Darrin Sayre,"Elite Shears, Serrated",Western Asia,104.904,-136.476
IN-2015-JE1547527-42223,Jeremy Ellison,"Xerox Note Cards, Recycled",Eastern Asia,105.12,44.04
JO-2014-EG390067-41999,Emily Grady,"Acco Binding Machine, Durable",Western Asia,105.18,25.2
SA-2014-AA375110-41883,Allen Armold,"Stanley Canvas, Water Color",Western Asia,105.3,46.32
ID-2015-RB1979559-42199,Ross Baird,"SanDisk Flash Drive, USB",Southeastern Asia,105.3375,-53.6625
ID-2014-BF10975118-41915,Barbara Fisher,"Xerox Computer Printout Paper, Premium",Eastern Asia,105.36,-6.48
ID-2015-EH1394559-42160,Eric Hoffmann,"Enermax Note Cards, 8.5 x 11",Southeastern Asia,105.4011,-55.8789
IN-2014-LR1691558-41742,Lena Radford,"Fellowes Folders, Blue",Southern Asia,105.6,39
IN-2016-BT1168059-42631,Brian Thompson,"Smead File Cart, Blue",Southeastern Asia,105.8001,15.2901
IN-2016-EM1420011-42615,Evan Minnotte,"Ibico Binding Machine, Durable",Southern Asia,105.84,43.38
IN-2017-MH1811558-42916,Mick Hernandez,"Ibico Binding Machine, Durable",Southern Asia,105.84,43.38
IR-2017-FC433560-42911,Fred Chung,"Ibico Binding Machine, Durable",Southern Asia,105.84,48.66
TU-2017-RR9525134-43011,Rick Reed,"Konica Printer, Red",Western Asia,105.996,-39.774
IN-2017-JG1580558-43039,John Grady,"Office Star Bag Chairs, Black",Southern Asia,106.02,9.54
ID-2016-TB2128059-42410,Toby Braunhardt,"Novimex Bag Chairs, Adjustable",Southeastern Asia,106.1055,23.2155
IR-2016-BD162060-42551,Brian DeCherney,"Hon Chairmat, Black",Southern Asia,106.2,4.2
TU-2015-BP1185134-42316,Ben Peterman,"Okidata Printer, Red",Western Asia,106.26,-156.75
IN-2016-RP1985558-42721,Roy Phan,"SanDisk Numeric Keypad, USB",Southern Asia,106.32,30.78
IN-2014-NF1847558-41848,Neil Französisch,"Fiskars Box Cutter, High Speed",Southern Asia,106.56,0.99
ID-2016-JD15790102-42703,John Dryer,"Hon Bag Chairs, Set of Two",Southeastern Asia,106.65,-1.44
TU-2016-AW840134-42687,Anthony Witt,"Konica Printer, Durable",Western Asia,107.184,-83.076
TU-2015-GH4425134-42170,Gary Hwang,"Okidata Printer, Wireless",Western Asia,107.4,-88.62
ID-2017-RP19270102-43053,Rachel Payne,"Jiffy Interoffice Envelope, Security-Tint",Southeastern Asia,107.448,-33.312
IN-2015-NC1834027-42364,Nat Carroll,"Tenex Shelving, Wire Frame",Eastern Asia,107.46,18.24
IN-2016-RA1988558-42692,Ruben Ausman,"Binney & Smith Pencil Sharpener, Water Color",Southern Asia,107.76,45.24
IZ-2016-AG49561-42546,Andrew Gjertsen,"Binney & Smith Pencil Sharpener, Water Color",Western Asia,107.76,49.56
IR-2016-AR54060-42703,Andy Reiter,"Boston Canvas, Easy-Erase",Southern Asia,107.82,24.78
TU-2017-GA4725134-43030,Guy Armstrong,"Xerox Cards & Envelopes, Premium",Western Asia,107.928,-81.072
ID-2017-RE19405102-42900,Ricardo Emerson,"Harbour Creations Chairmat, Red",Southeastern Asia,108,31.68
IN-2015-NC1862527-42118,Noah Childs,"Kleencut Letter Opener, Easy Grip",Eastern Asia,108.24,47.52
IN-2015-SW2075527-42260,Steven Ward,"Acme Scissors, Easy Grip",Eastern Asia,108.24,46.44
ID-2016-FC1433559-42633,Fred Chung,"Stanley Canvas, Blue",Southeastern Asia,108.3393,-5.9607
IN-2016-FM1421559-42597,Filia McAdams,"Apple Office Telephone, with Caller ID",Southeastern Asia,108.3648,28.6848
IN-2015-SH2063558-42247,Stefanie Holloman,"Cuisinart Toaster, Silver",Southern Asia,108.42,43.32
IN-2016-CS1249027-42499,Cindy Schnelling,"Tenex Trays, Blue",Eastern Asia,108.42,47.7
IN-2016-KM1672027-42682,Kunst Miller,"Tenex Trays, Single Width",Eastern Asia,108.48,45.54
IR-2017-CK276060-42798,Cyma Kinney,"Tenex Frame, Erganomic",Southern Asia,108.6,35.82
ID-2014-PB1880559-41838,Patrick Bzostek,"Memorex Memory Card, USB",Southeastern Asia,108.6288,-10.2912
IN-2016-AT1043559-42652,Alyssa Tate,"Enermax Cards & Envelopes, 8.5 x 11",Southeastern Asia,108.6288,1.9488
IN-2017-TB21250144-43007,Tim Brockman,"Motorola Speaker Phone, Full Size",Southeastern Asia,108.7881,14.4081
IN-2015-PG1889527-42329,Paul Gonzalez,"Stockwell Paper Clips, Bulk Pack",Eastern Asia,108.96,36.96
IN-2016-ME1801027-42673,Michelle Ellison,"Enermax Memo Slips, Recycled",Eastern Asia,108.99,45.57
ID-2015-CR1258097-42155,Clay Rozendal,"Binney & Smith Canvas, Water Color",Southern Asia,109.08,-4.44
ID-2017-MP18175118-42847,Mike Pelletier,"Rogers Folders, Industrial",Eastern Asia,109.095,-102.585
TU-2014-WB11850134-41790,William Brown,"Fellowes File Cart, Wire Frame",Western Asia,109.104,-106.416
IZ-2015-SC1057561-42230,Sonia Cooley,"Stockwell Thumb Tacks, Metal",Western Asia,109.2,34.8
IN-2016-EP1391558-42624,Emily Phan,"Avery 3-Hole Punch, Clear",Southern Asia,109.32,12
IR-2017-KS630060-42994,Karen Seio,"Tenex Shelving, Blue",Southern Asia,109.32,5.46
IN-2014-LW16825113-41721,Laurel Workman,"Tenex Shelving, Single Width",Southeastern Asia,109.38,14.16
IN-2016-SF2006558-42504,Sandra Flanagan,"Tenex Trays, Industrial",Southern Asia,109.38,3.24
IR-2015-AB1560-42202,Aaron Bergman,"Tenex Shelving, Single Width",Southern Asia,109.38,27.3
IN-2015-PF1922511-42317,Phillip Flathmann,"Enermax Memo Slips, Premium",Southern Asia,109.62,36.12
IN-2017-PK1891059-42891,Paul Knutson,"Jiffy Manila Envelope, with clear poly window",Southeastern Asia,109.6305,4.0005
IN-2015-AM1070527-42265,Anne McFarland,"Elite Scissors, Steel",Eastern Asia,109.65,25.2
ID-2015-NP1870058-42323,Nora Preis,"Nokia Headset, with Caller ID",Southern Asia,109.665,-30.735
IN-2014-KA1652588-41854,Kelly Andreada,"Sanford Markers, Water Color",Southeastern Asia,109.6845,6.4845
ID-2017-SR2074059-42872,Steven Roelle,"Kleencut Trimmer, High Speed",Southeastern Asia,109.7895,-31.2105
IN-2016-AC1061558-42634,Ann Chong,"Boston Canvas, Fluorescent",Southern Asia,109.8,43.92
IN-2017-RP1927058-43027,Rachel Payne,"Boston Canvas, Fluorescent",Southern Asia,109.8,43.92
ID-2017-SC2077059-42893,Stewart Carmichael,"Logitech Memory Card, USB",Southeastern Asia,109.8054,-53.8746
TU-2014-BD1725134-41653,Bruce Degenhardt,"Fellowes File Cart, Blue",Western Asia,109.848,-54.972
IN-2014-TB2117558-42000,Thomas Boland,"Rubbermaid Frame, Black",Southern Asia,109.89,29.67
ID-2016-BP11290144-42539,Beth Paige,"Memorex Keyboard, Erganomic",Southeastern Asia,109.9485,-18.7515
IN-2016-SV2078527-42583,Stewart Visinsky,"Eaton Message Books, Multicolor",Eastern Asia,109.95,25.2
IR-2017-SG1060560-42867,Speros Goranitis,"Rubbermaid Frame, Duo Pack",Southern Asia,109.95,12.09
IR-2014-JL583560-41722,John Lee,"Tenex Frame, Black",Southern Asia,109.98,5.49
IR-2014-LE681060-41921,Laurel Elliston,"Tenex Frame, Duo Pack",Southern Asia,110.04,8.79
IZ-2014-MM828061-41812,Muhammed MacIntyre,"Tenex Frame, Duo Pack",Western Asia,110.04,8.79
ID-2016-JF15490130-42498,Jeremy Farry,"Rubbermaid Stacking Tray, Durable",Southeastern Asia,110.1132,12.0132
TU-2014-FW4395134-41810,Fred Wasserman,"Fellowes File Cart, Industrial",Western Asia,110.232,-129.528
TU-2015-HZ4950134-42245,Henia Zydlo,"Fellowes File Cart, Industrial",Western Asia,110.232,-129.528
IN-2014-SZ20035130-41726,Sam Zeldin,"Cuisinart Blender, Black",Southeastern Asia,110.2572,19.8972
IN-2016-MC1763566-42654,Matthew Clasen,"Eldon Photo Frame, Durable",Eastern Asia,110.28,55.14
IN-2016-JM1525059-42630,Janet Martin,"Deflect-O Clock, Duo Pack",Southeastern Asia,110.3103,27.1503
IN-2016-SE2011059-42548,Sanjit Engle,"Rubbermaid Photo Frame, Erganomic",Southeastern Asia,110.3103,-22.7097
ID-2015-AG1049559-42251,Andrew Gjertsen,"BIC Pencil Sharpener, Fluorescent",Southeastern Asia,110.4855,-30.3645
ID-2014-FP1432059-41818,Frank Preis,"Apple Office Telephone, Full Size",Southeastern Asia,110.5062,-1.3338
ID-2016-TS2134059-42609,Toby Swindell,"Apple Office Telephone, Full Size",Southeastern Asia,110.5062,-1.3338
IR-2016-KD634560-42716,Katherine Ducich,"Boston Markers, Fluorescent",Southern Asia,110.52,16.56
IN-2015-GH14665113-42262,Greg Hansen,"SanDisk Numeric Keypad, Bluetooth",Southeastern Asia,110.7,12.12
IN-2017-SS2059059-42967,Sonia Sunley,"Tenex Stacking Tray, Black",Southeastern Asia,110.7702,4.3902
TU-2017-EM4140134-43007,Eugene Moren,"Office Star Rocking Chair, Black",Western Asia,110.784,-110.796
TU-2015-RM9375134-42215,Raymond Messe,"Cisco Speaker Phone, VoIP",Western Asia,110.856,-74.844
IN-2016-SJ2050058-42628,Shirley Jackson,"Office Star Bag Chairs, Red",Southern Asia,110.88,16.62
IN-2017-KW1657058-42987,Kelly Williams,"Ibico Binder, Recycled",Southern Asia,110.88,43.05
IR-2016-DL286560-42681,Dan Lawera,"SanDisk Numeric Keypad, Bluetooth",Southern Asia,111.12,0
KZ-2017-AC45068-42919,Amy Cox,"Binney & Smith Sketch Pad, Blue",Central Asia,111.168,-163.152
TU-2016-DH3675134-42465,Duane Huffman,"Cuisinart Microwave, Red",Western Asia,111.384,-91.896
ID-2016-JM15580102-42685,Jill Matthias,"Jiffy Mailers, with clear poly window",Southeastern Asia,111.9525,-12.2475
IZ-2015-IG508561-42040,Ivan Gibson,"Enermax Memory Card, Erganomic",Western Asia,112.2,52.71
TU-2014-ES4080134-41811,Erin Smith,"Hamilton Beach Microwave, Red",Western Asia,113.004,-70.656
IN-2017-BD1172558-42924,Bruce Degenhardt,"Eldon Clock, Black",Southern Asia,113.04,38.4
ID-2016-SM20005102-42616,Sally Matthias,"Deflect-O Clock, Black",Southeastern Asia,113.1975,-27.2025
ID-2015-LB1679588-42276,Laurel Beltran,"Hoover Coffee Grinder, Black",Southeastern Asia,113.2452,35.4252
TU-2017-SM10950134-42996,Suzanne McNair,"Eldon Door Stop, Durable",Western Asia,113.256,-110.484
IN-2014-BD11560113-41670,Brendan Dodson,"Wilson Jones 3-Hole Punch, Recycled",Southeastern Asia,113.4,55.56
IN-2017-TM2101058-42846,Tamara Manning,"Eldon Photo Frame, Erganomic",Southern Asia,113.46,28.32
IN-2015-JB1540027-42129,Jennifer Braxton,"BIC Canvas, Water Color",Eastern Asia,113.76,14.76
IN-2017-HZ1495027-42812,Henia Zydlo,"Fellowes Shelving, Wire Frame",Eastern Asia,113.82,53.46
TU-2016-AG300134-42383,Aleksandra Gannaway,"Cameo Interoffice Envelope, Set of 50",Western Asia,113.832,-68.328
ID-2015-SC2026059-42365,Scott Cohen,"Eaton Computer Printout Paper, 8.5 x 11",Southeastern Asia,113.8599,-25.7901
SA-2016-NF8385110-42470,Natalie Fritzler,"Hamilton Beach Toaster, Black",Western Asia,113.88,34.14
ID-2016-EB13975102-42707,Erica Bern,"Boston Sketch Pad, Water Color",Southeastern Asia,113.916,-70.524
IN-2016-HJ1487558-42590,Heather Jas,"Enermax Note Cards, Premium",Southern Asia,114,45.6
ID-2015-CC12670102-42310,Craig Carreira,"Fellowes Lockers, Blue",Southeastern Asia,114.0315,-4.1685
KZ-2017-RM975068-42959,Roland Murray,"Binney & Smith Sketch Pad, Fluorescent",Central Asia,114.192,-247.488
ID-2015-SZ20035102-42140,Sam Zeldin,"Kleencut Box Cutter, High Speed",Southeastern Asia,114.345,-43.695
IN-2016-SU206651-42630,Stephanie Ulpright,"Enermax Numeric Keypad, Bluetooth",Southern Asia,114.66,4.56
ID-2016-CK1220527-42679,Chloris Kastensmidt,"SAFCO Chairmat, Black",Eastern Asia,114.78,19.5
IN-2015-SC2077066-42330,Stewart Carmichael,"Fellowes Trays, Single Width",Eastern Asia,114.84,51.66
IN-2017-HA1492027-43016,Helen Andreada,"Boston Highlighters, Easy-Erase",Eastern Asia,114.84,22.86
IS-2016-KH663063-42609,Ken Heidel,"Fellowes Trays, Single Width",Western Asia,114.84,57.42
KG-2017-RH955570-43071,Ritsa Hightower,"Stockwell Push Pins, Bulk Pack",Central Asia,114.96,24
TU-2015-CR2625134-42303,Corey Roper,"Motorola Office Telephone, VoIP",Western Asia,114.96,-46.08
ID-2016-TB21280130-42615,Toby Braunhardt,"Cisco Speaker Phone, VoIP",Southeastern Asia,115.0131,-4.1769
IN-2015-SG2047027-42323,Sheri Gordon,"Belkin Memory Card, USB",Eastern Asia,115.02,3.45
TU-2014-SJ10125134-41880,Sanjit Jacobs,"Ikea 3-Shelf Cabinet, Pine",Western Asia,115.032,-163.968
SA-2016-SJ10125110-42406,Sanjit Jacobs,"Office Star Bag Chairs, Set of Two",Western Asia,115.38,5.76
ID-2016-EC1405097-42735,Erin Creighton,"Epson Receipt Printer, White",Southern Asia,115.44,-106.26
ID-2016-MS17770113-42723,Maxwell Schwartz,"Kraft Manila Envelope, Security-Tint",Southeastern Asia,115.56,12.6
IN-2017-MC1727559-43056,Marc Crier,"Tenex Folders, Blue",Southeastern Asia,115.6356,40.3956
IN-2014-DM1301527-41978,Darrin Martin,"Elite Letter Opener, Easy Grip",Eastern Asia,115.68,30
IN-2016-NF1838527-42589,Natalie Fritzler,"Tenex Box, Single Width",Eastern Asia,115.71,40.32
IN-2017-CR1258058-43078,Clay Rozendal,"Tenex Box, Single Width",Southern Asia,115.71,40.32
IZ-2016-SP1092061-42657,Susan Pistek,"Sanford Pencil Sharpener, Water Color",Western Asia,116.04,12.72
ID-2017-AA10315102-42742,Alex Avila,"Konica Calculator, Wireless",Southeastern Asia,116.1675,35.6175
ID-2017-AG10900102-42983,Arthur Gainer,"SAFCO Bag Chairs, Adjustable",Southeastern Asia,116.8425,-14.1075
IN-2017-SS2059078-43059,Sonia Sunley,"Boston Pencil Sharpener, Water Color",Southeastern Asia,116.88,38.52
IN-2017-JW1522027-42912,Jane Waco,"Advantus Clamps, Assorted Sizes",Eastern Asia,117.18,13.86
IN-2017-PG1882097-42982,Patrick Gardner,"Tenex Photo Frame, Durable",Southern Asia,117.288,32.238
IN-2017-LD1685559-42737,Lela Donovan,"Boston Canvas, Blue",Southeastern Asia,117.4716,17.6616
ID-2017-JE15745102-42746,Joel Eaton,"Stiletto Trimmer, High Speed",Southeastern Asia,117.5625,-55.6875
ID-2016-SG2089097-42587,Susan Gilcrest,"Eldon Trays, Wire Frame",Southern Asia,117.6,-82.35
ID-2015-JM1619559-42229,Justin MacKendrick,"Belkin Numeric Keypad, USB",Southeastern Asia,117.7872,-104.4528
IR-2017-NC841560-42994,Nathan Cano,"Logitech Mouse, USB",Southern Asia,117.96,15.24
ID-2014-MK1790558-41768,Michael Kennedy,"Enermax Flash Drive, Erganomic",Southern Asia,117.99,-18.99
IN-2016-LL1684059-42596,Lauren Leatherbury,"Novimex Chairmat, Black",Southeastern Asia,118.0629,25.8129
IN-2016-SZ20035102-42597,Sam Zeldin,"Rogers Folders, Blue",Southeastern Asia,118.1565,8.5365
ID-2014-CR1262559-41994,Corey Roper,"BIC Canvas, Easy-Erase",Southeastern Asia,118.1943,-0.0657
ID-2015-EH1418597-42215,Evan Henry,"Sharp Personal Copier, High-Speed",Southern Asia,118.2,-115.86
SA-2017-BB990110-43022,Barry Blumstein,"Boston Markers, Water Color",Western Asia,118.2,0
IN-2016-SW20275102-42632,Scott Williamson,"Eaton Note Cards, Multicolor",Southeastern Asia,118.272,-43.008
IN-2014-LT1676558-41689,Larry Tron,"Stiletto Trimmer, Serrated",Southern Asia,118.35,36.63
IN-2016-MC1742527-42383,Mark Cousins,"Acme Letter Opener, Steel",Eastern Asia,118.44,10.56
IZ-2017-EM396061-42841,Eric Murdock,"Binney & Smith Highlighters, Water Color",Western Asia,118.62,49.68
IN-2017-EH14005102-43028,Erica Hernandez,"Advantus Stacking Tray, Durable",Southeastern Asia,118.665,18.945
IN-2015-AH1003027-42348,Aaron Hawkins,"Elite Ruler, Steel",Eastern Asia,118.8,39.15
IN-2015-FC1433527-42358,Fred Chung,"Cameo Peel and Seal, Recycled",Eastern Asia,118.8,14.22
IN-2016-KM1666027-42730,Khloe Miller,"Rubbermaid Stacking Tray, Erganomic",Eastern Asia,118.8,58.2
IN-2014-SW2027527-41806,Scott Williamson,"SanDisk Note Cards, 8.5 x 11",Eastern Asia,118.92,8.28
ID-2014-BF1097558-41904,Barbara Fisher,"SanDisk Keyboard, Erganomic",Southern Asia,118.935,-4.815
IN-2015-PO1919566-42261,Phillina Ober,"Rogers Folders, Wire Frame",Eastern Asia,119.04,7.08
SY-2017-SC10725126-42962,Steven Cartwright,"Smead Lockers, Blue",Western Asia,119.052,-45.648
ID-2016-AF1088527-42711,Art Foster,"SanDisk Message Books, Premium",Eastern Asia,119.1,0
IN-2015-CH1207059-42306,Cathy Hwang,"Motorola Office Telephone, VoIP",Southeastern Asia,119.271,38.751
ID-2014-ML1826559-41987,Muhammed Lee,"Eldon Trays, Single Width",Southeastern Asia,119.52,-14.4
ID-2015-DP1300088-42133,Darren Powers,"Eldon Trays, Single Width",Southeastern Asia,119.52,-14.4
IN-2014-DB13270102-41698,Deborah Brumfield,"Logitech Keyboard, Bluetooth",Southeastern Asia,119.5425,10.8225
TU-2016-SC10020134-42632,Sam Craven,"StarTech Inkjet, White",Western Asia,119.568,-47.832
IN-2015-JK1573058-42184,Joe Kamberova,"Rogers Box, Blue",Southern Asia,119.85,34.65
IN-2017-JP1546027-42878,Jennifer Patt,"Acco Binder Covers, Economy",Eastern Asia,119.88,17.82
SA-2016-CC2610110-42409,Corey Catlett,"Sharp Personal Copier, Laser",Western Asia,120,7.2
IN-2016-PV1898597-42668,Paul Van Hugh,"Advantus Photo Frame, Durable",Southern Asia,120.024,32.994
TU-2016-PJ9015134-42573,Pauline Johnson,"StarTech Inkjet, Durable",Western Asia,120.072,-147.108
IN-2017-TS2120559-42813,Thomas Seio,"BIC Canvas, Fluorescent",Southeastern Asia,120.3624,9.8424
IN-2016-EH14125144-42546,Eugene Hildebrand,"SanDisk Cards & Envelopes, Premium",Southeastern Asia,120.5658,14.4558
IN-2017-SM2095059-42869,Suzanne McNair,"Smead Trays, Single Width",Southeastern Asia,120.7899,1.4499
IN-2015-JW1595566-42282,Joni Wasserman,"Dania Stackable Bookrack, Traditional",Eastern Asia,121.05,-14.55
KG-2017-DB327070-43052,Deborah Brumfield,"Dania Stackable Bookrack, Traditional",Central Asia,121.05,50.82
IN-2017-SO20335102-42910,Sean O'Donnell,"KitchenAid Coffee Grinder, Silver",Southeastern Asia,121.074,37.014
IN-2016-GH1448559-42567,Gene Hale,"Motorola Signal Booster, Cordless",Southeastern Asia,121.1634,29.1834
IN-2014-JO1528027-41994,Jas O'Carroll,"Ibico Binder Covers, Durable",Eastern Asia,121.2,42.24
IN-2016-NF1847558-42650,Neil Französisch,"Eaton Parchment Paper, Premium",Southern Asia,121.23,8.37
IN-2015-DR12880144-42114,Dan Reichenbach,"Motorola Office Telephone, Full Size",Southeastern Asia,121.263,35.043
ID-2014-SV2036597-41947,Seth Vernon,"Kleencut Box Cutter, High Speed",Southern Asia,121.275,-63.105
ID-2016-SC2068059-42413,Steve Carroll,"BIC Markers, Fluorescent",Southeastern Asia,121.2822,-14.9778
IN-2017-DB13360144-43015,Dennis Bolton,"Stockwell Clamps, 12 Pack",Southeastern Asia,121.3128,48.1128
IR-2017-NS864060-42837,Noel Staavos,"Okidata Receipt Printer, White",Southern Asia,121.32,7.26
IN-2017-TW2102578-42794,Tamara Willingham,"Rogers Trays, Wire Frame",Southeastern Asia,121.5,49.8
IR-2017-JD615060-42917,Justin Deggeller,"Rogers Trays, Wire Frame",Southern Asia,121.5,59.52
TU-2017-JM6195134-43088,Justin MacKendrick,"Cisco Signal Booster, VoIP",Western Asia,121.536,-164.124
IN-2014-NP1832511-41704,Naresj Patel,"Dania Stackable Bookrack, Mobile",Southern Asia,121.59,44.97
IN-2017-BK1126088-42969,Berenike Kampe,"Jiffy Interoffice Envelope, Security-Tint",Southeastern Asia,121.6116,16.0416
IN-2017-CL1256527-43074,Clay Ludtke,"Binney & Smith Markers, Easy-Erase",Eastern Asia,121.8,7.2
IN-2017-TC2147559-42909,Tony Chapman,"Avery 3-Hole Punch, Durable",Southeastern Asia,121.8855,48.3855
TU-2017-HK4890134-42883,Heather Kirkland,"Cisco Signal Booster, Full Size",Western Asia,122.496,-174.564
GG-2016-NP867047-42379,Nora Paige,"Breville Coffee Grinder, Black",Western Asia,122.58,42.9
IR-2014-JO528060-41642,Jas O'Carroll,"Breville Coffee Grinder, Black",Southern Asia,122.58,42.9
IR-2016-PO918060-42598,Philisse Overcash,"Ikea Stackable Bookrack, Traditional",Southern Asia,122.58,45.33
IN-2014-BT11395102-41900,Bill Tyler,"Cisco Office Telephone, Full Size",Southeastern Asia,122.625,11.445
IN-2014-JS1603027-41734,Joy Smith,"Belkin Mouse, USB",Eastern Asia,122.76,41.67
IN-2016-SP2062058-42513,Stefania Perrino,"Eaton Computer Printout Paper, 8.5 x 11",Southern Asia,122.76,42.96
IN-2017-LW168251-43038,Laurel Workman,"Eaton Computer Printout Paper, 8.5 x 11",Southern Asia,122.76,42.96
IN-2015-AY1055511-42181,Andy Yotov,"Eaton Note Cards, Multicolor",Southern Asia,122.88,30.72
SA-2017-MD7860110-42997,Michael Dominguez,"Okidata Receipt Printer, Wireless",Western Asia,122.91,33.18
SA-2017-GZ4470110-42815,Gary Zandusky,"Dania Stackable Bookrack, Pine",Western Asia,122.94,1.2
IN-2017-BD1156058-43056,Brendan Dodson,"SanDisk Flash Drive, Programmable",Southern Asia,123.12,20.88
IN-2017-KD1627027-42780,Karen Daniels,"SanDisk Flash Drive, Programmable",Eastern Asia,123.12,20.88
IR-2017-HR477060-42913,Hallie Redmond,"Ibico 3-Hole Punch, Recycled",Southern Asia,123.24,34.44
SA-2017-RE9450110-43085,Richard Eichhorn,"Harbour Creations Bag Chairs, Red",Western Asia,123.24,52.98
IN-2015-BP1105027-42099,Barry Pond,"Samsung Speaker Phone, VoIP",Eastern Asia,123.33,43.14
IR-2015-PK891060-42072,Paul Knutson,"Rogers Trays, Blue",Southern Asia,123.36,36.96
SA-2015-AS240110-42320,Alan Shonely,"Rogers Trays, Blue",Western Asia,123.36,36.96
IN-2015-RD19660102-42033,Robert Dilbeck,"Xerox Cards & Envelopes, Recycled",Southeastern Asia,123.42,-33.78
IN-2016-KH16360130-42533,Katherine Hughes,"Acme Shears, Serrated",Southeastern Asia,123.543,-84.057
IR-2015-YS1188060-42335,Yana Sorensen,"Memorex Flash Drive, Programmable",Southern Asia,123.6,40.68
TU-2014-DW3195134-41930,David Wiener,"Acme Shears, Easy Grip",Western Asia,123.696,-120.744
ID-2015-KS16300144-42048,Karen Seio,"Smead Folders, Wire Frame",Southeastern Asia,123.7032,-4.5468
IN-2015-BO1135058-42242,Bill Overfelt,"GlobeWeis Manila Envelope, with clear poly window",Southern Asia,123.72,33.36
IN-2015-EM1414027-42149,Eugene Moren,"Breville Coffee Grinder, Red",Eastern Asia,123.72,39.54
IN-2015-VD2167059-42341,Valerie Dominguez,"Apple Headset, Full Size",Southeastern Asia,123.753,32.793
IN-2017-BP11230144-43024,Benjamin Patterson,"Motorola Office Telephone, Cordless",Southeastern Asia,123.8526,7.4526
ID-2014-GB1457559-41980,Giulietta Baptist,"Rubbermaid Door Stop, Erganomic",Southeastern Asia,123.8664,33.8664
IR-2016-CB202560-42583,Cassandra Brandow,"Ikea Stackable Bookrack, Pine",Southern Asia,123.93,61.95
ID-2017-AI1085559-42792,Arianne Irving,"Kleencut Shears, High Speed",Southeastern Asia,123.9405,-84.2595
ID-2017-VT2170059-42805,Valerie Takahito,"Fiskars Trimmer, Serrated",Southeastern Asia,124.02,-70.2
IN-2015-DJ1363027-42055,Doug Jacobs,"SAFCO Chairmat, Set of Two",Eastern Asia,124.14,43.44
TU-2017-PV8985134-42898,Paul Van Hugh,"Boston Sketch Pad, Water Color",Western Asia,124.272,-177.228
ID-2015-LT17110130-42243,Liz Thompson,"Kraft Interoffice Envelope, Set of 50",Southeastern Asia,124.338,-63.462
IR-2014-PF922560-41917,Phillip Flathmann,"Ikea Corner Shelving, Pine",Southern Asia,124.41,9.93
TU-2017-DK2835134-42899,Damala Kotsonis,"KitchenAid Microwave, Silver",Western Asia,124.428,-177.312
TU-2016-MG7680134-42601,Maureen Gastineau,"Okidata Inkjet, White",Western Asia,124.5,-146.31
TU-2017-VP11730134-43072,Victor Preis,"Okidata Inkjet, White",Western Asia,124.5,-146.31
IN-2015-SV2093558-42101,Susan Vittorini,"Rogers Folders, Industrial",Southern Asia,124.68,3.72
IN-2016-JH1591059-42613,Jonathan Howell,"Cardinal Binding Machine, Recycled",Southeastern Asia,124.8237,43.5537
TU-2017-NB8655134-42873,Nona Balk,"Panasonic Inkjet, Wireless",Western Asia,124.836,-165.414
IN-2017-SJ2012578-42961,Sanjit Jacobs,"Green Bar Parchment Paper, 8.5 x 11",Southeastern Asia,124.92,48.6
IN-2014-CD1198027-41925,Carol Darley,"Cameo Mailers, with clear poly window",Eastern Asia,125.1,41.22
IR-2015-RD948060-42272,Rick Duston,"Ikea Stackable Bookrack, Mobile",Southern Asia,125.1,60.03
UZ-2016-JE5745142-42582,Joel Eaton,"Ikea Stackable Bookrack, Mobile",Central Asia,125.1,60.03
IN-2017-DE1325527-43081,Deanra Eno,"Enermax Flash Drive, USB",Eastern Asia,125.19,29.97
IR-2016-SJ1021560-42468,Sarah Jordon,"Rogers Shelving, Industrial",Southern Asia,125.22,37.56
IN-2016-ES1402027-42477,Erica Smith,"Stiletto Letter Opener, Steel",Eastern Asia,125.4,41.25
ID-2016-MP18175102-42611,Mike Pelletier,"Brother Fax and Copier, Color",Southeastern Asia,125.4045,-25.1055
TU-2015-KM6660134-42113,Khloe Miller,"Okidata Inkjet, Wireless",Western Asia,125.64,-56.55
ID-2016-DO1343559-42510,Denny Ordway,"SAFCO Chairmat, Black",Southeastern Asia,125.6841,-17.2359
IN-2015-PH1879058-42239,Patricia Hirasaki,"Smead Shipping Labels, Alphabetical",Southern Asia,125.73,36.3
IN-2016-MC1727527-42622,Marc Crier,"Belkin Flash Drive, Bluetooth",Eastern Asia,125.82,36.45
IN-2016-LH1675027-42540,Larry Hughes,"Rubbermaid Stacking Tray, Black",Eastern Asia,126,27.6
TU-2014-NW8400134-41791,Natalie Webber,"Barricks Training Table, Rectangular",Western Asia,126.348,-161.112
TU-2017-AG300134-43002,Aleksandra Gannaway,"Barricks Training Table, Rectangular",Western Asia,126.348,-161.112
IN-2016-CC1268559-42650,Craig Carroll,"Hon Chairmat, Set of Two",Southeastern Asia,126.5382,29.4282
IN-2017-VT2170088-42876,Valerie Takahito,"Hon Chairmat, Set of Two",Southeastern Asia,126.5382,29.4282
IN-2014-PB1915027-41898,Philip Brown,"Ames Peel and Seal, Security-Tint",Eastern Asia,126.54,23.94
IN-2014-VG2179058-41727,Vivek Gonzalez,"Belkin Mouse, Programmable",Southern Asia,126.63,17.64
ID-2014-LB16795130-41687,Laurel Beltran,"Ibico Binding Machine, Clear",Southeastern Asia,126.6912,-25.9488
ID-2017-KB1660059-42907,Ken Brennan,"Ibico Binding Machine, Clear",Southeastern Asia,126.6912,-25.9488
IZ-2017-RD990061-43008,Ruben Dartt,"HP Ink, High-Speed",Western Asia,126.9,7.59
ID-2014-GP1474097-41776,Guy Phonely,"Hon Coffee Table, Fully Assembled",Southern Asia,126.948,-488.772
IN-2016-BN1147027-42400,Brad Norvell,"Eldon File Cart, Blue",Eastern Asia,126.96,34.26
ID-2016-NS18505102-42466,Neola Schneider,"Kleencut Shears, Steel",Southeastern Asia,126.9675,-60.0825
ID-2017-DM1301559-43011,Darrin Martin,"Novimex Bag Chairs, Black",Southeastern Asia,127.1076,-45.3324
GG-2015-LS723047-42226,Lycoris Saunders,"Smead File Cart, Blue",Western Asia,127.47,1.26
IR-2014-JL513060-41848,Jack Lebron,"Smead File Cart, Blue",Southern Asia,127.47,1.26
ID-2017-DM1295527-42940,Dario Medina,"Stiletto Letter Opener, Easy Grip",Eastern Asia,127.71,-86.94
IN-2014-CR1258058-41862,Clay Rozendal,"Deflect-O Door Stop, Erganomic",Southern Asia,127.71,59.94
TU-2015-KW6570134-42260,Kelly Williams,"Hewlett Fax Machine, Digital",Western Asia,127.824,-44.766
IR-2017-AH19560-42775,Alan Haines,"Eldon File Cart, Industrial",Southern Asia,127.89,15.33
IN-2015-GB1453058-42285,George Bell,"Eldon File Cart, Single Width",Southern Asia,127.92,7.65
ID-2016-CG1204059-42528,Catherine Glotzbach,"SanDisk Cards & Envelopes, Recycled",Southeastern Asia,128.0745,-91.9755
IZ-2017-AA64561-43049,Anna Andreadi,"Eldon File Cart, Single Width",Western Asia,128.37,55.17
ID-2017-SM2032097-43079,Sean Miller,"Smead File Cart, Single Width",Southern Asia,128.43,-20.55
IZ-2015-AB1006061-42022,Adam Bellavance,"Smead File Cart, Single Width",Western Asia,128.43,1.26
JO-2017-RD993067-42997,Russell D'Ascenzo,"Smead File Cart, Single Width",Western Asia,128.43,1.26
ID-2016-BP1115559-42580,Becky Pak,"Enermax Cards & Envelopes, Multicolor",Southeastern Asia,128.5515,-53.3985
TU-2017-KN6705134-42977,Kristina Nunn,"Cisco Office Telephone, with Caller ID",Western Asia,128.736,-151.344
TU-2015-JE5610134-42150,Jim Epp,"Cisco Office Telephone, VoIP",Western Asia,128.88,-61.32
IN-2017-DH1307558-42891,Dave Hallsten,"Novimex Rocking Chair, Black",Southern Asia,129,20.64
TU-2014-CT1995134-41938,Carol Triggs,"StarTech Card Printer, White",Western Asia,129.528,-142.512
ID-2016-TG2131059-42573,Toby Gnade,"SanDisk Keyboard, USB",Southeastern Asia,129.8871,-46.6029
ID-2017-QJ19255130-42849,Quincy Jones,"SanDisk Keyboard, USB",Southeastern Asia,129.8871,-46.6029
SA-2017-MB8085110-43008,Mick Brown,"HP Ink, Color",Western Asia,130.14,33.81
IN-2017-PJ1901527-43081,Pauline Johnson,"Nokia Office Telephone, with Caller ID",Eastern Asia,130.26,31.26
IN-2015-VM2183558-42329,Vivian Mathis,"Belkin Flash Drive, Programmable",Southern Asia,130.32,22.14
ID-2017-JD15790130-42772,John Dryer,"Deflect-O Stacking Tray, Erganomic",Southeastern Asia,130.3488,-34.0512
IN-2015-EH1412511-42149,Eugene Hildebrand,"Kleencut Shears, Serrated",Southern Asia,130.41,7.74
IN-2015-JF1549058-42090,Jeremy Farry,"Nokia Office Telephone, VoIP",Southern Asia,130.44,45.6
IN-2017-JK1562558-42980,Jim Karlsson,"Apple Office Telephone, with Caller ID",Southern Asia,130.56,50.88
IN-2017-PF1916558-42824,Philip Fox,"Apple Office Telephone, with Caller ID",Southern Asia,130.56,50.88
TU-2017-SC10260134-42923,Scott Cohen,"Belkin Keyboard, Erganomic",Western Asia,130.704,-176.496
IN-2015-LW1699027-42295,Lindsay Williams,"Apple Office Telephone, VoIP",Eastern Asia,130.74,53.58
TU-2017-KH6690134-42832,Kristen Hastings,"Hon Swivel Stool, Red",Western Asia,130.92,-147.3
IN-2015-RH19600144-42303,Rob Haberlin,"SAFCO Chairmat, Red",Southeastern Asia,131.0058,21.4758
TU-2015-PO9195134-42260,Phillina Ober,"Tenex Shelving, Blue",Western Asia,131.184,-180.396
IN-2017-DL1292559-43037,Daniel Lacy,"Advantus Door Stop, Black",Southeastern Asia,131.4876,25.1676
TU-2014-EP3915134-41816,Emily Phan,"Novimex Steel Folding Chair, Red",Western Asia,131.568,-55.992
IN-2014-RB1943558-41883,Richard Bierner,"Ames Interoffice Envelope, Recycled",Southern Asia,131.76,0
ID-2016-DW13585144-42539,Dorothy Wardle,"Ibico Binding Machine, Durable",Southeastern Asia,131.7708,38.0808
IZ-2015-FC433561-42046,Fred Chung,"Eaton Message Books, Multicolor",Western Asia,131.94,60.66
IN-2014-BM1178558-41747,Bryan Mills,"Deflect-O Door Stop, Duo Pack",Southern Asia,132.03,54.09
IN-2017-CM1271558-42939,Craig Molinari,"Deflect-O Door Stop, Duo Pack",Southern Asia,132.03,54.09
ID-2014-MP1796559-41667,Michael Paige,"Cameo Interoffice Envelope, Security-Tint",Southeastern Asia,132.0495,-5.0505
ID-2014-DG1330027-41980,Deirdre Greer,"Sanford Markers, Water Color",Eastern Asia,132.15,28.95
ID-2015-AS1063059-42071,Ann Steele,"Green Bar Note Cards, Premium",Southeastern Asia,132.288,-104.832
ID-2016-TZ21580130-42492,Tracy Zic,"Motorola Headset, VoIP",Southeastern Asia,132.5178,-6.4422
ID-2016-CS12505144-42406,Cindy Stewart,"Ibico 3-Hole Punch, Durable",Southeastern Asia,132.5925,11.0925
TU-2017-GR4560134-42890,Georgia Rosenberg,"Boston Markers, Fluorescent",Western Asia,132.624,-149.256
TU-2017-AT435134-42777,Alyssa Tate,"SanDisk Keyboard, Programmable",Western Asia,132.768,-146.112
IN-2017-TS2143059-43052,Tom Stivers,"Bush 3-Shelf Cabinet, Metal",Southeastern Asia,132.8319,52.8219
IZ-2014-RP927061-41806,Rachel Payne,"Hon Rocking Chair, Set of Two",Western Asia,132.87,38.52
TU-2017-BV1245134-42855,Benjamin Venier,"Sauder 3-Shelf Cabinet, Metal",Western Asia,132.912,-83.088
IN-2016-EM1414011-42717,Eugene Moren,"Fiskars Shears, Serrated",Southern Asia,133.02,2.61
AJ-2017-MS73659-42989,Maribeth Schnelling,"Tenex File Cart, Blue",Western Asia,133.2,23.97
IN-2017-Dl1360058-43095,Dorris liebe,"Tenex File Cart, Blue",Southern Asia,133.2,61.26
IN-2016-EH1394559-42694,Eric Hoffmann,"Bush 3-Shelf Cabinet, Traditional",Southeastern Asia,133.3341,40.1241
IS-2017-ND846063-43075,Neil Ducich,"Tenex File Cart, Single Width",Western Asia,134.16,12.06
IN-2016-EA14035113-42520,Erin Ashbrook,"Acme Letter Opener, Serrated",Southeastern Asia,134.55,51
IN-2016-MW18220102-42514,Mitch Webber,"SAFCO Chairmat, Red",Southeastern Asia,134.595,25.065
IN-2014-MA1756059-41862,Matt Abelman,"Epson Phone, Durable",Southeastern Asia,134.6094,53.4894
IN-2017-HW1493558-43030,Helen Wasserman,"Tenex File Cart, Single Width",Southern Asia,134.61,39.03
TU-2017-DK3150134-42755,David Kendrick,"Epson Card Printer, White",Western Asia,134.688,-111.132
IN-2016-EK1379559-42538,Eileen Kiefer,"Harbour Creations Bag Chairs, Red",Southeastern Asia,134.9478,20.2878
ID-2015-JK1564059-42267,Jim Kriz,"Sanford Markers, Water Color",Southeastern Asia,135.0573,-9.4227
IN-2015-AS10240102-42224,Alan Shonely,"Advantus Door Stop, Black",Southeastern Asia,135.09,28.77
ID-2014-CM12235130-41642,Chris McAfee,"Smead File Cart, Blue",Southeastern Asia,135.1182,-45.9018
TU-2016-BE1335134-42451,Bill Eplett,"Dania Floating Shelf Set, Traditional",Western Asia,135.48,-172.74
TU-2015-VS11820134-42092,Vivek Sundaresam,"Novimex Steel Folding Chair, Adjustable",Western Asia,135.552,-155.928
TU-2017-JL5235134-43099,Janet Lee,"Nokia Audio Dock, Cordless",Western Asia,135.672,-135.708
TU-2016-FH4365134-42713,Fred Hopkins,"Samsung Audio Dock, Cordless",Western Asia,135.744,-142.536
ID-2016-MH17290144-42680,Marc Harrigan,"SAFCO Chairmat, Set of Two",Southeastern Asia,135.9333,14.8833
ID-2016-SC2080059-42653,Stuart Calhoun,"SAFCO Chairmat, Set of Two",Southeastern Asia,135.9333,14.8833
IN-2014-JG15805144-41853,John Grady,"Panasonic Phone, Red",Southeastern Asia,136.1034,18.0234
ID-2015-GZ14545118-42209,George Zrebassa,"Samsung Office Telephone, Cordless",Eastern Asia,136.14,-109.02
TU-2014-MK8160134-41902,Mike Kennedy,"Eldon Photo Frame, Erganomic",Western Asia,136.152,-88.668
ID-2016-MS1777059-42436,Maxwell Schwartz,"Tenex Shelving, Single Width",Southeastern Asia,136.1781,-6.6519
IR-2017-NP870060-43063,Nora Preis,"Fellowes File Cart, Wire Frame",Southern Asia,136.38,28.62
IZ-2014-LA678061-41908,Laura Armstrong,"Fellowes File Cart, Wire Frame",Western Asia,136.38,28.62
IN-2017-HZ1495058-43050,Henia Zydlo,"Nokia Signal Booster, with Caller ID",Southern Asia,136.5,15
ID-2016-PW1924059-42457,Pierre Wener,"Acme Shears, Easy Grip",Southeastern Asia,136.581,-95.469
TU-2015-VM11685134-42092,Valerie Mitchum,"Bush Floating Shelf Set, Metal",Western Asia,136.584,-174.156
IZ-2016-BB99061-42708,Barry Blumstein,"Nokia Signal Booster, VoIP",Western Asia,136.59,38.22
IN-2016-SH2063527-42589,Stefanie Holloman,"Office Star Chairmat, Adjustable",Eastern Asia,136.62,12.24
IN-2016-JM1565527-42582,Jim Mitchum,"Fiskars Letter Opener, High Speed",Eastern Asia,136.65,53.25
ID-2016-PC1900059-42706,Pauline Chand,"SanDisk Router, Programmable",Southeastern Asia,136.6605,-74.7795
ID-2015-NL1831059-42202,Nancy Lomonaco,"Wilson Jones 3-Hole Punch, Clear",Southeastern Asia,136.701,-1.719
IN-2015-BE11335144-42244,Bill Eplett,"Boston Canvas, Fluorescent",Southeastern Asia,136.701,37.881
IN-2015-LC1696027-42153,Lindsay Castell,"GlobeWeis Manila Envelope, Set of 50",Eastern Asia,136.95,40.95
IR-2016-GR456060-42511,Georgia Rosenberg,"SAFCO Rocking Chair, Set of Two",Southern Asia,137.16,0
TU-2014-FG4260134-41907,Frank Gastineau,"Office Star Swivel Stool, Black",Western Asia,137.208,-89.232
SY-2016-TC11475126-42608,Tony Chapman,"KitchenAid Coffee Grinder, White",Western Asia,137.22,48
IN-2014-CC1267059-41951,Craig Carreira,"Tenex Shelving, Industrial",Southeastern Asia,137.2986,23.0886
IR-2017-KL664560-42954,Ken Lonsdale,"Fellowes File Cart, Blue",Southern Asia,137.31,54.9
IR-2016-RA991560-42513,Russell Applegate,"Fellowes File Cart, Single Width",Southern Asia,137.34,0
IN-2017-AH1058566-42875,Angele Hood,"Hoover Coffee Grinder, Red",Eastern Asia,137.58,28.86
SA-2016-GD4590110-42700,Giulietta Dortch,"Hoover Coffee Grinder, Red",Western Asia,137.58,4.08
TU-2014-RA9285134-41946,Ralph Arnett,"Panasonic Card Printer, White",Western Asia,137.784,-75.816
AJ-2014-RP92709-41895,Rachel Payne,"Samsung Signal Booster, Full Size",Western Asia,137.88,66.18
IR-2014-LD700560-41681,Lisa DeCherney,"Samsung Signal Booster, Full Size",Southern Asia,137.88,66.18
IN-2015-PR1888027-42160,Patrick Ryan,"OIC Clamps, Bulk Pack",Eastern Asia,138.39,34.44
IN-2014-AS10240144-41715,Alan Shonely,"Nokia Audio Dock, with Caller ID",Southeastern Asia,138.3942,35.0142
ID-2016-AJ10945102-42454,Ashley Jarboe,"Belkin Keyboard, Bluetooth",Southeastern Asia,138.402,-100.728
IZ-2017-NZ856561-42787,Nick Zandusky,"Office Star Rocking Chair, Black",Western Asia,138.48,27.69
ID-2017-DB13360130-43053,Dennis Bolton,"KitchenAid Toaster, White",Southeastern Asia,138.5436,-0.0564
SA-2017-EB3975110-42939,Erica Bern,"Cisco Speaker Phone, VoIP",Western Asia,138.57,45.72
UZ-2016-RF9840142-42709,Roy Französisch,"Cisco Speaker Phone, VoIP",Central Asia,138.57,45.72
IR-2015-CJ187560-42269,Carl Jackson,"Kleencut Box Cutter, High Speed",Southern Asia,138.6,0
IS-2016-KB640563-42713,Katrina Bavinger,"Ames Mailers, Recycled",Western Asia,138.6,2.76
IN-2017-TW21025144-42955,Tamara Willingham,"Epson Card Printer, Red",Southeastern Asia,138.693,31.743
IN-2014-CC1267097-41763,Craig Carreira,"Office Star Bag Chairs, Adjustable",Southern Asia,139.032,19.062
IN-2017-KL16555144-43085,Kelly Lampkin,"Fiskars Letter Opener, Easy Grip",Southeastern Asia,139.0914,28.3914
IN-2016-TG2164066-42652,Trudy Glocke,"Belkin Flash Drive, Erganomic",Eastern Asia,139.125,-89.145
IN-2014-MV1819027-41861,Mike Vittorini,"Harbour Creations Chairmat, Black",Eastern Asia,139.14,15.3
IN-2017-KH1651027-42737,Keith Herrera,"Epson Calculator, Wireless",Eastern Asia,139.23,68.22
IN-2015-GM1444027-42322,Gary McGarr,"Nokia Signal Booster, Cordless",Eastern Asia,139.35,-86.43
SA-2015-GM4695110-42324,Greg Maxwell,"Samsung Signal Booster, Cordless",Western Asia,139.44,57.15
IN-2017-LC1714058-42897,Logan Currie,"Apple Signal Booster, Cordless",Southern Asia,139.5,11.16
IR-2014-CM183060-41998,Cari MacIntyre,"Elite Box Cutter, High Speed",Southern Asia,139.56,55.8
IN-2017-SC2038058-42805,Shahid Collister,"Logitech Numeric Keypad, USB",Southern Asia,139.59,69.75
ID-2015-TC2114527-42324,Theresa Coyne,"Fiskars Box Cutter, Steel",Eastern Asia,139.68,55.8
IZ-2015-GZ454561-42044,George Zrebassa,"BIC Pens, Water Color",Western Asia,139.68,57.12
ID-2017-JO1528059-43086,Jas O'Carroll,"Kraft Mailers, Set of 50",Southeastern Asia,139.6815,-81.8685
ID-2016-TC2114597-42710,Theresa Coyne,"Cisco Speaker Phone, Full Size",Southern Asia,139.77,-81.09
ID-2016-CA12055118-42555,Cathy Armstrong,"StarTech Calculator, Wireless",Eastern Asia,139.86,-100.8
TU-2016-MT8070134-42480,Michelle Tran,"Cardinal 3-Hole Punch, Recycled",Western Asia,139.968,-108.792
IN-2015-PG1889558-42310,Paul Gonzalez,"Ibico Binder Covers, Recycled",Southern Asia,140.1,5.4
IN-2016-RR1931527-42498,Ralph Ritter,"Memorex Numeric Keypad, Erganomic",Eastern Asia,140.13,64.44
IN-2014-LT1676527-41942,Larry Tron,"Sanford Sketch Pad, Fluorescent",Eastern Asia,140.22,42.03
ID-2015-AC1061559-42157,Ann Chong,"Fellowes Trays, Wire Frame",Southeastern Asia,140.5854,-6.8346
TU-2014-LR6915134-41963,Lena Radford,"SAFCO Steel Folding Chair, Set of Two",Western Asia,140.736,-59.904
IR-2014-IM507060-41659,Irene Maddox,"Office Star Rocking Chair, Red",Southern Asia,140.91,57.75
IN-2017-JM1586558-43032,John Murray,"Canon Personal Copier, High-Speed",Southern Asia,140.94,4.2
IR-2016-CM223560-42537,Chris McAfee,"KitchenAid Coffee Grinder, Red",Southern Asia,140.94,23.94
TU-2014-JP5460134-41728,Jennifer Patt,"Office Star Swivel Stool, Set of Two",Western Asia,140.952,-105.768
TU-2016-MN7935134-42412,Michael Nguyen,"Office Star Swivel Stool, Set of Two",Western Asia,140.952,-105.768
ID-2016-FA1423059-42479,Frank Atkinson,"BIC Pencil Sharpener, Water Color",Southeastern Asia,140.9922,-42.6078
IN-2014-AR1054027-41972,Andy Reiter,"Eldon Trays, Wire Frame",Eastern Asia,141.12,21.15
IN-2014-JP1613527-41810,Julie Prescott,"Fiskars Shears, Steel",Eastern Asia,141.12,25.38
AJ-2016-CA23109-42596,Christine Abelman,"Cisco Speaker Phone, Cordless",Western Asia,141.33,14.13
IN-2014-DV1346558-41650,Dianna Vittorini,"Eldon Door Stop, Durable",Southern Asia,141.57,52.38
IN-2016-AR1051058-42731,Andrew Roberts,"Rubbermaid Clock, Durable",Southern Asia,141.57,49.5
IN-2015-AB1006027-42180,Adam Bellavance,"Rogers File Cart, Single Width",Eastern Asia,141.63,25.47
IN-2014-CA1226559-41665,Christina Anderson,"Fellowes Shelving, Wire Frame",Southeastern Asia,141.7059,51.1659
ID-2017-DK13150102-42933,David Kendrick,"KitchenAid Toaster, White",Southeastern Asia,141.882,3.282
IN-2015-GZ1454558-42355,George Zrebassa,"Enermax Computer Printout Paper, Recycled",Southern Asia,141.9,8.4
IN-2016-KH166901-42728,Kristen Hastings,"Memorex Mouse, USB",Southern Asia,141.9,4.2
IN-2017-JK1609058-42989,Juliana Krohn,"Memorex Mouse, USB",Southern Asia,141.9,4.2
IN-2016-JL1523558-42682,Janet Lee,"Deflect-O Clock, Durable",Southern Asia,142.02,2.79
IR-2017-JG511560-42979,Jack Garza,"Rogers File Cart, Single Width",Southern Asia,142.08,22.71
IR-2017-PL892560-43051,Paul Lucas,"Rogers File Cart, Single Width",Southern Asia,142.08,22.71
IN-2015-BO1135059-42173,Bill Overfelt,"OIC Clamps, 12 Pack",Southeastern Asia,142.464,-121.296
IN-2015-NM1844558-42258,Nathan Mautz,"Stiletto Shears, Steel",Southern Asia,142.47,14.22
IR-2016-MM805560-42721,Michelle Moray,"Hewlett Personal Copier, High-Speed",Southern Asia,142.47,44.16
IN-2017-SP2062011-43095,Stefania Perrino,"Binney & Smith Sketch Pad, Fluorescent",Southern Asia,142.74,39.96
TU-2014-MH8025134-41771,Michelle Huthwaite,"Sharp Wireless Fax, Color",Western Asia,142.944,-96.516
ID-2015-AA1064559-42007,Anna Andreadi,"Fellowes Trays, Single Width",Southeastern Asia,142.9758,48.2058
IN-2017-LH1715559-42878,Logan Haushalter,"Fellowes Trays, Single Width",Southeastern Asia,142.9758,48.2058
IN-2017-JB1604558-42750,Julia Barnett,"Memorex Keyboard, USB",Southern Asia,143.1,9.96
IR-2014-VD1167060-41907,Valerie Dominguez,"Memorex Keyboard, USB",Southern Asia,143.1,5.7
IR-2015-HW493560-42188,Helen Wasserman,"Motorola Signal Booster, with Caller ID",Southern Asia,143.13,57.24
IR-2016-LW682560-42614,Laurel Workman,"Office Star Rocking Chair, Set of Two",Southern Asia,143.16,5.7
IN-2014-MG1768058-41928,Maureen Gastineau,"Kleencut Letter Opener, Easy Grip",Southern Asia,143.4,51.6
IN-2017-NC1853566-42916,Nick Crebassa,"Office Star Rocking Chair, Adjustable",Eastern Asia,143.4,2.85
IR-2016-BS180060-42710,Bryan Spruell,"Office Star Rocking Chair, Adjustable",Southern Asia,143.4,51.6
IN-2017-CS1249066-42776,Cindy Schnelling,"Motorola Office Telephone, with Caller ID",Eastern Asia,143.52,66
IN-2014-AR1057088-41875,Anemone Ratner,"Memorex Numeric Keypad, Bluetooth",Southeastern Asia,143.7678,-70.6122
IN-2016-GG1465027-42574,Greg Guthrie,"Rogers Box, Blue",Eastern Asia,143.82,41.58
IN-2015-GH1442558-42110,Gary Hwang,"Eldon Trays, Blue",Southern Asia,143.91,63.27
IN-2017-AY1055566-42890,Andy Yotov,"Eldon Trays, Blue",Eastern Asia,143.91,63.27
IN-2015-SB2029058-42085,Sean Braxton,"Harbour Creations Chairmat, Red",Southern Asia,144,67.68
IN-2016-JG1511527-42723,Jack Garza,"Rogers Box, Single Width",Eastern Asia,144,8.64
TU-2016-LS7200134-42717,Luke Schmidt,"Harbour Creations Swivel Stool, Red",Western Asia,144.096,-90.084
TU-2017-FM4215134-43004,Filia McAdams,"Harbour Creations Swivel Stool, Red",Western Asia,144.096,-90.084
IN-2017-SG2089059-42822,Susan Gilcrest,"Office Star Chairmat, Red",Southeastern Asia,144.1458,43.4358
IN-2015-JM1586527-42317,John Murray,"Motorola Signal Booster, Full Size",Eastern Asia,144.42,18.75
IN-2016-JP1613558-42478,Julie Prescott,"Harbour Creations Rocking Chair, Black",Southern Asia,144.66,24.57
IN-2014-AT1043558-41998,Alyssa Tate,"Avery Binding Machine, Clear",Southern Asia,144.9,14.49
IZ-2016-IL510061-42499,Ivan Liston,"Logitech Keyboard, Bluetooth",Western Asia,144.9,14.46
IN-2017-EG1390088-43017,Emily Grady,"Motorola Audio Dock, Full Size",Southeastern Asia,144.9678,12.2178
IN-2016-MD1735056-42526,Maribeth Dona,"BIC Pencil Sharpener, Blue",Eastern Asia,145.05,26.1
IN-2016-TB21400130-42534,Tom Boeckenhauer,"Hamilton Beach Toaster, Silver",Southeastern Asia,145.0674,-15.7626
IN-2016-PW1903058-42730,Pauline Webber,"Logitech Keyboard, USB",Southern Asia,145.32,45
IN-2014-VP2173058-41870,Victor Preis,"Eldon Shelving, Single Width",Southern Asia,145.35,7.2
TU-2015-CJ1875134-42316,Carl Jackson,"Ikea Library with Doors, Traditional",Western Asia,145.356,-58.164
TU-2016-SF10200134-42442,Sarah Foster,"Ikea Library with Doors, Traditional",Western Asia,145.356,-58.164
ID-2015-BF1108078-42138,Bart Folk,"Advantus Push Pins, Metal",Southeastern Asia,145.5,17.4
SA-2017-FW4395110-43066,Fred Wasserman,"Brother Ink, High-Speed",Western Asia,145.5,8.73
IN-2014-HL1504027-41994,Hunter Lopez,"Hamilton Beach Toaster, Silver",Eastern Asia,145.65,-122.4
IN-2016-CR1262527-42513,Corey Roper,"Green Bar Parchment Paper, 8.5 x 11",Eastern Asia,145.74,56.7
IN-2017-MB1808566-42988,Mick Brown,"StarTech Phone, White",Eastern Asia,145.86,11.64
IR-2017-CR258060-42819,Clay Rozendal,"StarTech Phone, White",Southern Asia,145.86,59.76
IN-2015-DB1355558-42346,Dorothy Badders,"Elite Shears, Easy Grip",Southern Asia,145.89,17.46
IZ-2017-PA906061-42811,Pete Armstrong,"Bush 3-Shelf Cabinet, Mobile",Western Asia,145.89,21.87
ID-2016-CV1280527-42504,Cynthia Voltz,"Ames Interoffice Envelope, with clear poly window",Eastern Asia,145.98,7.29
IN-2014-MW1823558-41798,Mitch Willingham,"BIC Sketch Pad, Blue",Southern Asia,145.98,4.32
IR-2017-BD172560-42952,Bruce Degenhardt,"Motorola Signal Booster, Cordless",Southern Asia,145.98,65.67
IN-2016-LW1699058-42525,Lindsay Williams,"Elite Box Cutter, Easy Grip",Southern Asia,146.04,18.96
IZ-2015-MC810061-42159,Mick Crebagga,"Motorola Office Telephone, Full Size",Western Asia,146.1,46.74
ID-2017-MT18070144-42809,Michelle Tran,"Enermax Numeric Keypad, USB",Southeastern Asia,146.121,-96.579
IN-2014-CA1226527-41880,Christina Anderson,"Binney & Smith Markers, Easy-Erase",Eastern Asia,146.16,8.64
IZ-2017-EJ415561-42960,Eva Jacobs,"Sauder Stackable Bookrack, Traditional",Western Asia,146.28,21.93
TU-2016-AA315134-42632,Alex Avila,"Ikea Library with Doors, Mobile",Western Asia,146.364,-201.276
IN-2016-AB1006027-42623,Adam Bellavance,"Samsung Headset, with Caller ID",Eastern Asia,146.4,10.2
IN-2017-EM1406527-42910,Erin Mull,"Jiffy Interoffice Envelope, Security-Tint",Eastern Asia,146.52,40.95
ID-2017-EB13975102-43032,Erica Bern,"Nokia Office Telephone, with Caller ID",Southeastern Asia,146.5425,-1.9575
IN-2015-AT10735144-42026,Annie Thurman,"SanDisk Numeric Keypad, Bluetooth",Southeastern Asia,146.6775,-99.7725
TU-2015-CS1845134-42014,Cari Sayre,"Cisco Audio Dock, Full Size",Western Asia,146.688,-165.072
TU-2016-AW840134-42498,Anthony Witt,"Bush Library with Doors, Mobile",Western Asia,146.736,-102.744
TU-2016-JJ5760134-42580,Joel Jenkins,"Bush Library with Doors, Mobile",Western Asia,146.736,-102.744
LE-2016-JP613571-42452,Julie Prescott,"Sauder Stackable Bookrack, Mobile",Western Asia,146.82,42.57
IN-2014-JD1601558-41816,Joy Daniels,"Hewlett Ink, High-Speed",Southern Asia,146.88,2.91
IN-2015-JF1541558-42184,Jennifer Ferguson,"Smead Trays, Industrial",Southern Asia,146.88,23.49
IN-2015-ZD21925102-42308,Zuschuss Donatelli,"Apple Office Telephone, with Caller ID",Southeastern Asia,146.88,27.36
IN-2016-LC1714066-42624,Logan Currie,"Wilson Jones Binding Machine, Economy",Eastern Asia,146.88,2.88
IN-2017-SK1999059-42962,Sally Knutson,"Deflect-O Clock, Black",Southeastern Asia,146.9052,-40.2948
IN-2017-TS2143059-42995,Tom Stivers,"Tenex Clock, Duo Pack",Southeastern Asia,146.9052,24.1452
IN-2017-KW1657059-43078,Kelly Williams,"Cisco Headset, VoIP",Southeastern Asia,146.9598,8.8398
ID-2014-EH1400578-41965,Erica Hernandez,"Cameo Manila Envelope, Security-Tint",Southeastern Asia,147,46.95
IN-2014-KC1625558-41879,Karen Carlisle,"Brother Ink, Laser",Southern Asia,147.3,19.14
IN-2017-SW2035027-42896,Sean Wendt,"Xerox Cards & Envelopes, 8.5 x 11",Eastern Asia,147.33,51.48
IN-2017-HG1496558-43038,Henry Goldwyn,"Acme Ruler, Serrated",Southern Asia,147.51,39.6
IN-2016-DP1339058-42611,Dennis Pardue,"Wilson Jones Binding Machine, Recycled",Southern Asia,147.96,47.34
IN-2017-PL1892527-43051,Paul Lucas,"Sauder Stackable Bookrack, Pine",Eastern Asia,148.17,-5.97
IN-2016-SS2087558-42708,Sung Shariari,"SAFCO Bag Chairs, Red",Southern Asia,148.32,32.58
IZ-2017-NW840061-42983,Natalie Webber,"Hewlett Ink, Digital",Western Asia,148.32,66.72
IN-2016-MK1816066-42693,Mike Kennedy,"Stanley Canvas, Blue",Eastern Asia,148.41,34.11
IN-2015-ZC2191027-42140,Zuschuss Carroll,"Tenex Box, Blue",Eastern Asia,148.5,4.32
IN-2017-GM1444027-42863,Gary McGarr,"Fiskars Box Cutter, Easy Grip",Eastern Asia,148.56,32.64
IZ-2014-DK283561-41854,Damala Kotsonis,"Canon Ink, Color",Western Asia,148.59,28.23
IN-2014-AA1064556-41840,Anna Andreadi,"Nokia Headset, Full Size",Eastern Asia,148.8,46.08
IZ-2015-CK220561-42222,Chloris Kastensmidt,"Safco Corner Shelving, Metal",Western Asia,148.92,37.23
IN-2017-AR1040527-43046,Allen Rosenblatt,"Harbour Creations Chairmat, Adjustable",Eastern Asia,148.98,65.52
IR-2016-DK315060-42615,David Kendrick,"Safco Stackable Bookrack, Mobile",Southern Asia,148.98,17.85
IN-2015-JJ1576058-42259,Joel Jenkins,"Stiletto Shears, Easy Grip",Southern Asia,149.13,47.7
IN-2017-KC1667527-43022,Kimberly Carter,"Stiletto Shears, Easy Grip",Eastern Asia,149.13,47.7
TX-2014-PS8760135-41894,Pamela Stobb,"Rogers Shelving, Single Width",Central Asia,149.184,-308.496
IR-2017-IM505560-43081,Ionia McGrath,"SanDisk Flash Drive, Erganomic",Southern Asia,149.4,2.88
ID-2017-RE19405102-42983,Ricardo Emerson,"Nokia Office Telephone, Full Size",Southeastern Asia,149.445,-41.895
IZ-2017-RW969061-42989,Robert Waldorf,"Safco Corner Shelving, Traditional",Western Asia,149.46,26.88
IN-2016-JK1532558-42711,Jason Klamczynski,"Harbour Creations Rocking Chair, Adjustable",Southern Asia,149.58,14.94
IN-2015-LH1715558-42176,Logan Haushalter,"GlobeWeis Peel and Seal, Set of 50",Southern Asia,149.73,40.32
IN-2016-JD1589527-42550,Jonathan Doherty,"Acme Shears, High Speed",Eastern Asia,149.76,52.38
IN-2016-LE1681058-42629,Laurel Elliston,"BIC Sketch Pad, Fluorescent",Southern Asia,149.76,53.91
ID-2014-MC1810059-41654,Mick Crebagga,"Binney & Smith Canvas, Blue",Southeastern Asia,149.9712,-49.3488
ID-2016-CG12520130-42587,Claire Gute,"Rogers File Cart, Single Width",Southeastern Asia,150.1278,-82.1922
IN-2017-AH1007527-42833,Adam Hart,"Eldon Door Stop, Duo Pack",Eastern Asia,150.66,54.18
TU-2017-HA4905134-43087,Helen Abelman,"Canon Wireless Fax, High-Speed",Western Asia,150.744,-128.136
TU-2015-ED3885134-42363,Emily Ducich,"Brother Wireless Fax, High-Speed",Western Asia,150.804,-143.286
ID-2014-LH1715559-41834,Logan Haushalter,"Boston Sketch Pad, Water Color",Southeastern Asia,151.1976,-33.2424
IN-2015-DB13405130-42335,Denny Blanton,"Sharp Personal Copier, Laser",Southeastern Asia,151.2,0
IN-2016-VG2179058-42661,Vivek Gonzalez,"Rubbermaid Stacking Tray, Black",Southern Asia,151.2,33.12
IN-2017-DW1358558-43032,Dorothy Wardle,"Kraft Interoffice Envelope, with clear poly window",Southern Asia,151.38,52.92
TU-2017-JG5115134-43095,Jack Garza,"Canon Wireless Fax, Laser",Western Asia,151.464,-41.676
IN-2014-CA1226559-41812,Christina Anderson,"Tenex Photo Frame, Duo Pack",Southeastern Asia,151.548,18.588
IN-2017-LW1682527-42992,Laurel Workman,"Sanford Canvas, Blue",Eastern Asia,151.56,39.33
IN-2016-BD1162027-42522,Brian DeCherney,"Acco Binding Machine, Clear",Eastern Asia,151.65,53.01
UZ-2014-EL3735142-41918,Ed Ludwig,"Cisco Signal Booster, with Caller ID",Central Asia,151.83,37.95
ID-2016-CM12385118-42539,Christopher Martinez,"Cisco Signal Booster, VoIP",Eastern Asia,151.92,-48.66
IN-2016-SG2089027-42548,Susan Gilcrest,"Cisco Signal Booster, VoIP",Eastern Asia,151.92,51.63
IN-2017-MG1814578-43067,Mike Gockenbach,"Nokia Headset, Cordless",Southeastern Asia,151.92,65.28
ID-2017-CK1220597-43022,Chloris Kastensmidt,"Samsung Headset, Cordless",Southern Asia,152.1,-36.54
IN-2016-JC1534027-42729,Jasper Cacioppo,"Binney & Smith Markers, Fluorescent",Eastern Asia,152.1,30.42
IN-2017-BT1148527-42956,Brad Thomas,"Ibico 3-Hole Punch, Economy",Eastern Asia,152.25,74.55
IN-2015-MG1789011-42178,Michael Granlund,"Breville Toaster, Black",Southern Asia,152.28,70.02
IN-2016-RF1934558-42601,Randy Ferguson,"Stanley Markers, Water Color",Southern Asia,152.28,28.8
IN-2017-CC1222066-42955,Chris Cortes,"Acco 3-Hole Punch, Recycled",Eastern Asia,152.4,42.6
TU-2014-DP3165134-41995,David Philippe,"Hewlett Wireless Fax, Color",Western Asia,152.652,-152.658
JO-2016-TB1117567-42560,Thomas Boland,"Fellowes Folders, Wire Frame",Western Asia,152.82,39.6
TU-2015-AB165134-42335,Alan Barnes,"Brother Fax and Copier, Laser",Western Asia,153.192,-134.088
ID-2017-BF11215144-42967,Benjamin Farhat,"Kleencut Shears, Steel",Southeastern Asia,153.2844,3.6444
IZ-2016-CB241561-42584,Christy Brittain,"OIC Clamps, 12 Pack",Western Asia,153.6,76.8
IN-2017-PO1886527-42925,Patrick O'Donnell,"Enermax Cards & Envelopes, 8.5 x 11",Eastern Asia,153.72,73.71
IN-2017-TB2162558-42779,Trudy Brown,"Logitech Mouse, Programmable",Southern Asia,153.9,12.3
ID-2017-AC10660118-42874,Anna Chung,"Belkin Mouse, Erganomic",Eastern Asia,154.08,-86.4
IR-2015-GW460560-42068,Giulietta Weimer,"Belkin Mouse, Erganomic",Southern Asia,154.08,26.16
ID-2014-SD20485130-41876,Shirley Daniels,"HP Personal Copier, High-Speed",Southeastern Asia,154.3374,-88.2426
ID-2017-MC17575130-42785,Matt Collins,"Ikea Corner Shelving, Metal",Southeastern Asia,154.3752,-68.6448
ID-2015-ML1775559-42336,Max Ludwig,"Memorex Keyboard, Programmable",Southeastern Asia,154.4208,-96.2592
IN-2017-LH1715511-42960,Logan Haushalter,"Smead Color Coded Labels, Alphabetical",Southern Asia,154.44,43.2
IN-2015-CM1238559-42352,Christopher Martinez,"Rogers Trays, Industrial",Southeastern Asia,154.7784,31.6584
IN-2017-CM1223558-43056,Chris McAfee,"Cuisinart Toaster, White",Southern Asia,154.8,17.01
ID-2017-CA1205597-43087,Cathy Armstrong,"Novimex Bag Chairs, Adjustable",Southern Asia,155.04,44.52
TU-2017-TB11250134-42945,Tim Brockman,"Sauder Library with Doors, Traditional",Western Asia,155.052,-228.708
IN-2016-JG1531027-42724,Jason Gross,"SAFCO Bag Chairs, Set of Two",Eastern Asia,155.07,60.39
ID-2017-JS15685102-42926,Jim Sink,"Enermax Mouse, Bluetooth",Southeastern Asia,155.1165,-3.0135
IN-2015-MS1753066-42040,MaryBeth Skach,"Binney & Smith Pens, Blue",Eastern Asia,155.22,27.69
IN-2016-CC1237058-42713,Christopher Conant,"Rubbermaid Photo Frame, Black",Southern Asia,155.25,24.84
IN-2016-CL1256527-42731,Clay Ludtke,"Sanford Canvas, Fluorescent",Eastern Asia,155.34,48.15
IN-2016-DB1291027-42601,Daniel Byrd,"Ibico Binding Machine, Recycled",Eastern Asia,155.34,15.48
IN-2017-MJ1774027-42791,Max Jones,"Ibico Binding Machine, Recycled",Eastern Asia,155.34,15.48
TX-2015-MK8160135-42006,Mike Kennedy,"Konica Phone, Durable",Central Asia,155.358,-145.062
IN-2015-LH1715566-42258,Logan Haushalter,"BIC Sketch Pad, Water Color",Eastern Asia,155.52,71.46
IN-2015-TS2165558-42338,Trudy Schmidt,"Deflect-O Photo Frame, Black",Southern Asia,155.7,13.95
IN-2017-LW1682558-42987,Laurel Workman,"Tenex Photo Frame, Duo Pack",Southern Asia,155.7,55.98
IN-2017-MV1819058-42967,Mike Vittorini,"Rogers Folders, Industrial",Southern Asia,155.85,4.65
IN-2017-EH139451-42980,Eric Hoffmann,"Memorex Mouse, Erganomic",Southern Asia,155.88,21.78
TU-2015-AH210134-42167,Alan Hwang,"Safco Library with Doors, Traditional",Western Asia,155.916,-222.204
TU-2017-AZ750134-42863,Annie Zypern,"Sauder Library with Doors, Mobile",Western Asia,156.06,-175.59
IN-2016-MG1820578-42613,Mitch Gastineau,"SanDisk Note Cards, Premium",Southeastern Asia,156.15,42.15
TU-2017-TB11280134-42935,Toby Braunhardt,"Safco Library with Doors, Pine",Western Asia,156.456,-39.114
TU-2015-CM2655134-42323,Corinna Mitchell,"Samsung Office Telephone, VoIP",Western Asia,156.744,-121.536
IN-2017-SC2002058-43010,Sam Craven,"Okidata Calculator, Wireless",Southern Asia,156.87,39.15
TU-2014-CS2460134-41650,Chuck Sachs,"Safco Floating Shelf Set, Metal",Western Asia,156.96,-117.72
IN-2016-CJ1201058-42596,Caroline Jumper,"Enermax Flash Drive, Erganomic",Southern Asia,157.32,66
IR-2016-ZD1192560-42685,Zuschuss Donatelli,"Enermax Flash Drive, Erganomic",Southern Asia,157.32,69.12
TU-2016-CS1845134-42627,Cari Sayre,"Safco Floating Shelf Set, Traditional",Western Asia,157.392,-62.988
IN-2017-EH1400527-43007,Erica Hernandez,"Green Bar Cards & Envelopes, 8.5 x 11",Eastern Asia,157.59,18.9
IN-2015-MT1807027-42301,Michelle Tran,"Acme Box Cutter, Easy Grip",Eastern Asia,157.68,3.12
AJ-2017-DJ34209-43099,Denny Joy,"Stiletto Trimmer, Serrated",Western Asia,157.8,9.36
ID-2014-SC20050102-41648,Sample Company A,"Fellowes Trays, Blue",Southeastern Asia,157.8225,-2.9775
ID-2017-RB19705102-42790,Roger Barcio,"Sharp Personal Copier, Color",Southeastern Asia,157.872,7.272
IN-2016-AR1082558-42672,Anthony Rawles,"Stanley Canvas, Water Color",Southern Asia,157.95,53.64
IN-2017-JW1522058-42896,Jane Waco,"Acco 3-Hole Punch, Durable",Southern Asia,158.1,1.5
JO-2016-SG1089067-42435,Susan Gilcrest,"SanDisk Flash Drive, Bluetooth",Western Asia,158.16,72.72
IN-2016-SG20605130-42540,Speros Goranitis,"HP Personal Copier, Color",Southeastern Asia,158.4198,2.4798
ID-2016-RO1978059-42458,Rose O'Brian,"Tenex Frame, Erganomic",Southeastern Asia,158.556,-26.064
IR-2017-PF916560-42965,Philip Fox,"SanDisk Keyboard, Erganomic",Southern Asia,158.58,20.58
TU-2017-PS9045134-42921,Penelope Sewall,"Smead Lockers, Blue",Western Asia,158.736,-170.664
IN-2016-JG1516058-42469,James Galang,"Ibico Binding Machine, Durable",Southern Asia,158.76,65.07
TU-2017-MG7695134-42765,Maureen Gnade,"Smead Lockers, Single Width",Western Asia,158.76,-59.58
TU-2017-RB9360134-42878,Raymond Buch,"Smead Lockers, Single Width",Western Asia,158.76,-59.58
IN-2014-BS1175527-41998,Bruce Stewart,"SanDisk Flash Drive, USB",Eastern Asia,159,31.8
TU-2017-BS1665134-42948,Brian Stugart,"Smead Lockers, Industrial",Western Asia,159.12,-127.32
ID-2016-CC1237059-42640,Christopher Conant,"Eldon Folders, Industrial",Southeastern Asia,159.4098,-27.0402
IN-2016-BW1111021-42608,Bart Watters,"Motorola Headset, VoIP",Southeastern Asia,159.66,20.7
IN-2017-SD20485118-42888,Shirley Daniels,"Eldon Stacking Tray, Durable",Eastern Asia,159.768,13.818
IN-2017-PB1910527-42900,Peter Bühler,"Smead Shipping Labels, Alphabetical",Eastern Asia,160.02,46.2
IN-2017-JG151151-43032,Jack Garza,"BIC Markers, Easy-Erase",Southern Asia,160.2,35.1
ID-2014-RF1973597-41693,Roland Fjeld,"Harbour Creations Steel Folding Chair, Set of Two",Southern Asia,160.224,-28.056
ID-2014-CM12115144-41999,Chad McGuire,"Avery Binding Machine, Clear",Southeastern Asia,160.356,-13.524
ID-2015-JC1610559-42191,Julie Creighton,"Bush Floating Shelf Set, Pine",Southeastern Asia,160.5366,-1.7334
ID-2016-DJ13420102-42626,Denny Joy,"BIC Sketch Pad, Blue",Southeastern Asia,160.578,-122.742
ID-2017-AR1057059-43098,Anemone Ratner,"KitchenAid Blender, Black",Southeastern Asia,161.0034,32.9634
ID-2015-LT1676527-42362,Larry Tron,"Ames Business Envelopes, Security-Tint",Eastern Asia,161.04,12.87
ID-2015-RD19585102-42015,Rob Dowd,"Ikea Stackable Bookrack, Pine",Southeastern Asia,161.109,-27.291
IN-2016-CC1247527-42493,Cindy Chapman,"Epson Phone, Wireless",Eastern Asia,161.94,74.46
IN-2017-WB2185058-43004,William Brown,"Enermax Mouse, USB",Southern Asia,162,38.88
ID-2017-JE15610144-42755,Jim Epp,"Cuisinart Blender, White",Southeastern Asia,162.1737,-25.4763
UZ-2017-DK2835142-42993,Damala Kotsonis,"Epson Phone, Durable",Central Asia,162.18,22.68
ID-2017-DB1306059-43030,Dave Brooks,"Samsung Office Telephone, with Caller ID",Southeastern Asia,162.3978,-23.5422
IN-2017-DK12985144-43077,Darren Koutras,"Smead Shelving, Blue",Southeastern Asia,162.4476,52.7676
IN-2017-TS213401-43092,Toby Swindell,"Enermax Keyboard, Erganomic",Southern Asia,162.54,17.82
QA-2014-TC11475105-41764,Tony Chapman,"Sanford Pencil Sharpener, Easy-Erase",Western Asia,162.54,81.18
TU-2015-NP8325134-42261,Naresj Patel,"Tenex Lockers, Wire Frame",Western Asia,162.576,-117.924
ID-2014-SP2065027-41671,Stephanie Phelps,"Tenex Trays, Single Width",Eastern Asia,162.72,68.31
IN-2014-SC2080011-41799,Stuart Calhoun,"Green Bar Parchment Paper, Multicolor",Southern Asia,162.81,51.84
IN-2017-RE1940527-42861,Ricardo Emerson,"Jiffy Mailers, with clear poly window",Eastern Asia,162.84,63.48
ID-2015-SJ20215118-42175,Sarah Jordon,"Samsung Office Telephone, with Caller ID",Eastern Asia,163.05,-146.85
ID-2015-ZC2191059-42240,Zuschuss Carroll,"Harbour Creations Chairmat, Adjustable",Southeastern Asia,163.1331,37.9431
IN-2017-DF1313559-43091,David Flashing,"Cardinal Binding Machine, Clear",Southeastern Asia,163.4436,57.0036
IN-2017-LO1717058-43054,Lori Olson,"Binney & Smith Canvas, Water Color",Southern Asia,163.62,78.48
IZ-2016-SG1008061-42731,Sandra Glassco,"StarTech Card Printer, Durable",Western Asia,163.62,40.89
ID-2015-PC1874597-42289,Pamela Coakley,"Tenex Door Stop, Durable",Southern Asia,163.68,-16.47
IN-2016-LM1706566-42624,Liz MacKendrick,"Advantus Stacking Tray, Erganomic",Eastern Asia,163.8,24.57
IN-2015-AS1013527-42303,Adrian Shami,"Cameo Business Envelopes, Set of 50",Eastern Asia,163.92,44.16
IN-2014-SF2020027-41670,Sarah Foster,"Avery 3-Hole Punch, Clear",Eastern Asia,163.98,18
IN-2014-TZ21445113-41879,Tom Zandusky,"Tenex Shelving, Blue",Southeastern Asia,163.98,0
IN-2017-PR1888027-42856,Patrick Ryan,"Panasonic Phone, Red",Eastern Asia,163.98,45.9
IN-2017-TM2101066-42961,Tamara Manning,"Tenex Shelving, Blue",Eastern Asia,163.98,0
IR-2017-MT781560-42924,Meg Tillman,"Panasonic Phone, Red",Southern Asia,163.98,54.06
IN-2015-VM2168558-42028,Valerie Mitchum,"Tenex Shelving, Single Width",Southern Asia,164.07,21.24
TU-2014-AJ960134-41720,Astrea Jones,"Dania Classic Bookcase, Metal",Western Asia,164.088,-110.772
TU-2015-KB6315134-42323,Karl Braun,"Dania Classic Bookcase, Metal",Western Asia,164.088,-110.772
IN-2014-DB13555102-41925,Dorothy Badders,"Nokia Headset, with Caller ID",Southeastern Asia,164.4975,24.0975
IN-2015-EH1418527-42309,Evan Henry,"Boston Canvas, Fluorescent",Eastern Asia,164.7,65.88
ID-2016-MT1807059-42570,Michelle Tran,"Wilson Jones 3-Hole Punch, Recycled",Southeastern Asia,164.7135,63.4935
IN-2016-LC1705059-42506,Liz Carlisle,"Wilson Jones 3-Hole Punch, Recycled",Southeastern Asia,164.7135,63.4935
IR-2016-CD198060-42623,Carol Darley,"Acme Trimmer, Serrated",Southern Asia,165.12,19.8
TU-2015-IL5100134-42033,Ivan Liston,"Fellowes Lockers, Wire Frame",Western Asia,165.12,-61.92
IN-2016-EH1399059-42463,Erica Hackney,"Eldon Clock, Duo Pack",Southeastern Asia,165.2136,45.2136
IN-2017-CC1210059-42809,Chad Cunningham,"Cardinal Binding Machine, Economy",Southeastern Asia,165.2364,33.8364
IN-2014-CD1279027-41839,Cynthia Delaney,"Jiffy Business Envelopes, Recycled",Eastern Asia,165.24,52.65
TU-2016-NC8340134-42631,Nat Carroll,"Ikea Classic Bookcase, Pine",Western Asia,165.24,-239.61
TU-2015-BD1635134-42321,Brian Derr,"Dania Classic Bookcase, Mobile",Western Asia,165.312,-173.598
TU-2017-AB105134-43057,Adrian Barton,"Dania Classic Bookcase, Mobile",Western Asia,165.312,-173.598
TU-2017-MS7830134-42969,Melanie Seite,"Logitech Memory Card, Bluetooth",Western Asia,165.408,-190.272
IN-2016-JH16180102-42693,Justin Hirsh,"Eldon Photo Frame, Durable",Southeastern Asia,165.42,55.14
ID-2016-SS2059059-42647,Sonia Sunley,"Eldon Photo Frame, Erganomic",Southeastern Asia,165.6516,-4.6284
TU-2014-AJ960134-41752,Astrea Jones,"Acme Letter Opener, Steel",Western Asia,165.816,-79.044
TU-2017-MG8205134-43099,Mitch Gastineau,"Fellowes Lockers, Blue",Western Asia,165.864,-141.036
TU-2017-QJ9255134-42807,Quincy Jones,"Fellowes Lockers, Single Width",Western Asia,165.888,-178.332
IN-2016-SM2095027-42514,Suzanne McNair,"Green Bar Message Books, Recycled",Eastern Asia,165.9,38.01
IN-2015-JG1531027-42332,Jason Gross,"SanDisk Numeric Keypad, Bluetooth",Eastern Asia,166.05,18.18
IN-2016-BM1114066-42647,Becky Martin,"Advantus Push Pins, Assorted Sizes",Eastern Asia,166.32,68.04
IN-2016-MP18175144-42440,Mike Pelletier,"Cardinal Binding Machine, Recycled",Southeastern Asia,166.4316,58.0716
IN-2016-FO1430527-42554,Frank Olsen,"SAFCO Steel Folding Chair, Black",Eastern Asia,166.56,76.56
IN-2017-SA2083027-42885,Sue Ann Reed,"Stiletto Letter Opener, High Speed",Eastern Asia,166.68,49.86
IR-2016-HA490560-42539,Helen Abelman,"Sauder 3-Shelf Cabinet, Traditional",Southern Asia,166.68,34.98
ID-2015-PV18985118-42271,Paul Van Hugh,"Nokia Audio Dock, with Caller ID",Eastern Asia,166.74,-40.02
IR-2016-MS798060-42728,Michael Stewart,"Nokia Audio Dock, with Caller ID",Southern Asia,166.74,24.99
IN-2016-MY1738027-42391,Maribeth Yedwab,"Fiskars Trimmer, Steel",Eastern Asia,166.8,15
IN-2016-MG1820558-42713,Mitch Gastineau,"Samsung Audio Dock, with Caller ID",Southern Asia,166.83,11.67
IN-2015-CA1196527-42345,Carol Adams,"Apple Audio Dock, with Caller ID",Eastern Asia,166.89,38.37
IN-2014-KB1658527-41836,Ken Black,"Enermax Keyboard, Bluetooth",Eastern Asia,166.92,4.98
IN-2015-SC2057527-42147,Sonia Cooley,"Enermax Keyboard, Bluetooth",Eastern Asia,166.92,4.98
ID-2016-JS15595130-42694,Jill Stevenson,"Stiletto Trimmer, Serrated",Southeastern Asia,167.268,-50.652
IN-2015-TS2137027-42317,Todd Sumrall,"Hon Steel Folding Chair, Set of Two",Eastern Asia,167.34,81.96
IR-2017-MT781560-42895,Meg Tillman,"Belkin Keyboard, Bluetooth",Southern Asia,167.76,41.94
IZ-2017-CS186061-43050,Cari Schnelling,"Hon Steel Folding Chair, Adjustable",Western Asia,167.82,30.18
IN-2015-DP1316527-42305,David Philippe,"Sauder 3-Shelf Cabinet, Pine",Eastern Asia,168.03,20.16
IN-2017-EB1370578-42948,Ed Braxton,"Advantus Light Bulb, Erganomic",Southeastern Asia,168.21,65.34
IN-2016-HF1499527-42643,Herbert Flentye,"Safco 3-Shelf Cabinet, Metal",Eastern Asia,168.3,79.08
IN-2017-JK1573058-42853,Joe Kamberova,"Sharp Fax and Copier, Laser",Southern Asia,168.6,79.23
ID-2014-BS11665102-41945,Brian Stugart,"Advantus Stacking Tray, Erganomic",Southeastern Asia,168.6825,-2.4975
ID-2017-BD11725102-42816,Bruce Degenhardt,"Advantus Door Stop, Black",Southeastern Asia,168.8625,35.9625
ID-2015-KT1648059-42350,Kean Thornton,"Fellowes Folders, Wire Frame",Southeastern Asia,169.1208,-26.7192
IN-2015-AS1063058-42226,Ann Steele,"Jiffy Peel and Seal, Recycled",Southern Asia,169.29,65.88
IN-2016-NP1832558-42379,Naresj Patel,"Avery 3-Hole Punch, Recycled",Southern Asia,169.38,81.18
IN-2017-JK1609058-42969,Juliana Krohn,"Novimex Steel Folding Chair, Adjustable",Southern Asia,169.44,33.84
IN-2017-RW1969027-42864,Robert Waldorf,"Novimex Steel Folding Chair, Adjustable",Eastern Asia,169.44,33.84
ID-2016-ML1741059-42504,Maris LaWare,"Tenex Lockers, Blue",Southeastern Asia,169.4445,18.3645
IN-2017-CS1217558-43040,Charles Sheldon,"KitchenAid Toaster, Black",Southern Asia,169.5,15.24
IN-2017-TG2131058-42801,Toby Gnade,"Green Bar Note Cards, Multicolor",Southern Asia,169.65,39
IZ-2017-MO795061-43002,Michael Oakman,"Samsung Audio Dock, Cordless",Western Asia,169.68,30.54
UZ-2017-ES4080142-42825,Erin Smith,"Panasonic Phone, Wireless",Central Asia,169.68,6.78
IR-2014-IL510060-41798,Ivan Liston,"Apple Audio Dock, Cordless",Southern Asia,169.74,32.25
IR-2015-DB297060-42369,Darren Budd,"Apple Audio Dock, Cordless",Southern Asia,169.74,32.25
ID-2017-HM1498059-42896,Henry MacAllister,"Bevis Coffee Table, Adjustable Height",Southeastern Asia,169.7961,-118.5639
IN-2016-NF18595113-42529,Nicole Fjeld,"SanDisk Note Cards, Multicolor",Southeastern Asia,169.8,37.35
IN-2014-JM1526559-41809,Janet Molinari,"Hoover Coffee Grinder, Black",Southeastern Asia,169.8678,53.1378
IN-2014-HE1480027-42001,Harold Engle,"Enermax Keyboard, Programmable",Eastern Asia,169.92,50.94
SA-2016-HJ4875110-42710,Heather Jas,"Epson Card Printer, Durable",Western Asia,170.07,57.81
IN-2015-SS2041058-42306,Shahid Shariari,"Wilson Jones 3-Hole Punch, Recycled",Southern Asia,170.1,83.34
SY-2016-KN6390126-42715,Katherine Nockton,"Safco 3-Shelf Cabinet, Pine",Western Asia,170.19,27.21
KZ-2017-CV229568-43015,Christina VanderZanden,"Ikea 3-Shelf Cabinet, Metal",Central Asia,170.28,-306.6
KZ-2016-RB957068-42654,Rob Beeghly,"KitchenAid Stove, White",Central Asia,170.487,-261.423
IN-2015-TB21595113-42050,Troy Blackwell,"SanDisk Numeric Keypad, Erganomic",Southeastern Asia,170.55,17.01
IN-2015-FW1439527-42240,Fred Wasserman,"Fellowes Shelving, Wire Frame",Eastern Asia,170.73,80.19
IN-2017-BS1136566-42974,Bill Shonely,"Bush Floating Shelf Set, Metal",Eastern Asia,170.73,44.37
IN-2017-NM1844558-42856,Nathan Mautz,"Fellowes Shelving, Wire Frame",Southern Asia,170.73,80.19
ID-2015-PS1876078-42125,Pamela Stobb,"Hon Bag Chairs, Black",Southeastern Asia,170.88,1.68
SA-2014-DP3390110-41902,Dennis Pardue,"Hon Bag Chairs, Black",Western Asia,170.88,34.08
ID-2017-TS2137097-43031,Todd Sumrall,"Smead Shelving, Single Width",Southern Asia,171.36,-157.71
IN-2015-KB1660058-42267,Ken Brennan,"SAFCO Steel Folding Chair, Red",Southern Asia,171.42,34.26
IN-2017-MM1828058-42953,Muhammed MacIntyre,"Dania Floating Shelf Set, Mobile",Southern Asia,171.87,63.57
ID-2016-KB16600144-42717,Ken Brennan,"Boston Sketch Pad, Water Color",Southeastern Asia,171.9096,-12.5304
IN-2017-KM1622527-43100,Kalyca Meade,"Enermax Numeric Keypad, Bluetooth",Eastern Asia,171.99,6.84
IN-2017-TM2149058-42757,Tony Molinari,"Enermax Numeric Keypad, Bluetooth",Southern Asia,171.99,6.84
IN-2015-AR1054058-42280,Andy Reiter,"Enermax Flash Drive, Programmable",Southern Asia,172.08,6.84
IN-2017-JP1546058-42989,Jennifer Patt,"Memorex Numeric Keypad, USB",Southern Asia,172.08,27.48
IR-2016-MK816060-42604,Mike Kennedy,"KitchenAid Toaster, Silver",Southern Asia,172.14,73.98
IR-2017-CA226560-42995,Christina Anderson,"Kleencut Trimmer, Easy Grip",Southern Asia,172.2,41.28
TU-2014-CC2145134-41945,Charles Crestani,"StarTech Receipt Printer, Red",Western Asia,172.368,-107.832
UZ-2017-JH5985142-42916,Joseph Holt,"Konica Phone, Wireless",Central Asia,172.38,34.44
ID-2015-TP21415118-42197,Tom Prescott,"Wilson Jones Binding Machine, Recycled",Eastern Asia,172.62,-62.16
IN-2017-DR1294058-43014,Daniel Raglin,"Enermax Numeric Keypad, Bluetooth",Southern Asia,172.62,58.68
IN-2017-GT1475527-43014,Guy Thornton,"Ikea Floating Shelf Set, Mobile",Eastern Asia,172.86,57.03
IR-2014-JS594060-41865,Joni Sundaresam,"Okidata Card Printer, Red",Southern Asia,172.98,20.73
IR-2017-SC1005060-43058,Sample Company A,"Okidata Card Printer, Red",Southern Asia,172.98,20.73
SA-2015-TB11520110-42311,Tracy Blumstein,"Okidata Card Printer, Red",Western Asia,172.98,20.73
IN-2016-MS1783066-42595,Melanie Seite,"Ames Mailers, Recycled",Eastern Asia,173.25,45
IN-2016-CM1265527-42564,Corinna Mitchell,"Hon Chairmat, Set of Two",Eastern Asia,173.34,76.23
ID-2014-LM17065102-41691,Liz MacKendrick,"Green Bar Cards & Envelopes, 8.5 x 11",Southeastern Asia,173.349,-104.031
IN-2015-BG1169527-42083,Brooke Gillingham,"Motorola Audio Dock, with Caller ID",Eastern Asia,173.37,81.48
IN-2016-DL1333058-42594,Denise Leinenbach,"Stanley Pencil Sharpener, Fluorescent",Southern Asia,173.46,48.51
IN-2017-SB2029027-42932,Sean Braxton,"Konica Card Printer, White",Eastern Asia,173.58,69.42
IN-2016-RK1930058-42644,Ralph Kennedy,"Fellowes Trays, Industrial",Southern Asia,173.61,32.94
IN-2017-HG1496527-43024,Henry Goldwyn,"Fellowes Shelving, Single Width",Eastern Asia,173.61,22.5
IN-2017-DK12985144-42843,Darren Koutras,"Advantus Stacking Tray, Black",Southeastern Asia,173.6451,7.0551
IN-2016-ND1846058-42514,Neil Ducich,"Boston Pencil Sharpener, Fluorescent",Southern Asia,173.7,3.42
TU-2017-VD11670134-43100,Valerie Dominguez,"Tenex Frame, Erganomic",Western Asia,173.76,-117.36
IN-2016-SC2069527-42611,Steve Chapman,"Office Star Bag Chairs, Adjustable",Eastern Asia,173.79,53.82
IN-2015-JK1612058-42250,Julie Kriz,"Office Star Swivel Stool, Red",Southern Asia,173.94,38.25
IZ-2014-CB241561-41950,Christy Brittain,"Office Star Swivel Stool, Red",Western Asia,173.94,8.67
IZ-2017-DW348061-43045,Dianna Wilson,"Okidata Phone, Durable",Western Asia,173.94,38.22
IR-2017-SN1056060-42770,Skye Norling,"Okidata Card Printer, White",Southern Asia,174.24,59.22
IN-2014-TH21100102-41883,Thea Hendricks,"Eldon Photo Frame, Black",Southeastern Asia,174.33,27.81
LE-2014-HM486071-41646,Harry Marie,"HP Fax and Copier, Color",Western Asia,174.33,71.46
TU-2016-CC2610134-42543,Corey Catlett,"Sauder Classic Bookcase, Traditional",Western Asia,174.396,-82.854
IN-2015-CS1240027-42024,Christopher Schild,"Advantus Door Stop, Erganomic",Eastern Asia,174.6,15.6
IR-2016-ME772560-42692,Max Engle,"Konica Card Printer, Wireless",Southern Asia,175.17,38.52
TU-2016-BF1275134-42730,Beth Fritzler,"Safco Classic Bookcase, Traditional",Western Asia,175.26,-148.98
TU-2017-MS7830134-43096,Melanie Seite,"Safco Classic Bookcase, Traditional",Western Asia,175.26,-148.98
TU-2016-NC8535134-42630,Nick Crebassa,"Motorola Office Telephone, Full Size",Western Asia,175.32,-122.76
IN-2017-MV1748559-42969,Mark Van Huff,"KitchenAid Coffee Grinder, Red",Southeastern Asia,175.4703,46.5003
ID-2014-RP1939097-41929,Resi Pölking,"Tenex Door Stop, Black",Southern Asia,175.56,-28.59
IN-2016-RD1993090-42619,Russell D'Ascenzo,"Fiskars Trimmer, Easy Grip",Southern Asia,175.68,40.32
IN-2016-BO1135078-42583,Bill Overfelt,"Novimex Chairmat, Set of Two",Southeastern Asia,175.77,64.98
ID-2017-AH10465102-43003,Amy Hunt,"Fiskars Box Cutter, High Speed",Southeastern Asia,175.824,-140.886
IZ-2015-KB658561-42327,Ken Black,"Okidata Card Printer, Wireless",Western Asia,175.83,8.79
IN-2016-BD1162058-42466,Brian DeCherney,"SAFCO Steel Folding Chair, Set of Two",Southern Asia,175.92,73.86
TU-2015-EB4110134-42356,Eugene Barchas,"Rubbermaid Frame, Duo Pack",Western Asia,175.92,-215.52
TU-2015-LB6735134-42184,Larry Blacks,"Rubbermaid Frame, Duo Pack",Western Asia,175.92,-215.52
IN-2014-AG10270144-41648,Alejandro Grove,"Belkin Numeric Keypad, USB",Southeastern Asia,176.6808,-156.6792
IN-2016-EM1420027-42603,Evan Minnotte,"Cisco Headset, with Caller ID",Eastern Asia,176.88,74.28
IZ-2016-EK379561-42704,Eileen Kiefer,"Wilson Jones 3-Hole Punch, Durable",Western Asia,176.94,37.08
IN-2016-LT1676527-42654,Larry Tron,"Jiffy Manila Envelope, with clear poly window",Eastern Asia,177.3,86.76
IN-2017-GW14605102-42996,Giulietta Weimer,"Tenex Clock, Durable",Southeastern Asia,177.3,40.05
IN-2016-LC1688558-42671,Lena Creighton,"Belkin Numeric Keypad, Erganomic",Southern Asia,177.75,30.15
IN-2014-DL134951-41849,Dionis Lloyd,"Binney & Smith Highlighters, Water Color",Southern Asia,177.93,76.41
TU-2017-SW10275134-43042,Scott Williamson,"Chromcraft Computer Table, Fully Assembled",Western Asia,177.96,-124.59
IN-2015-CR1273059-42302,Craig Reiter,"Brother Fax and Copier, Laser",Southeastern Asia,178.0857,22.9557
IN-2017-EB1370559-43025,Ed Braxton,"Brother Fax and Copier, Laser",Southeastern Asia,178.0857,22.9557
IN-2017-GW1460558-42965,Giulietta Weimer,"Cameo Peel and Seal, Recycled",Southern Asia,178.2,21.33
IN-2017-SC2026059-43037,Scott Cohen,"Hon Steel Folding Chair, Red",Southeastern Asia,178.3098,26.8398
IN-2016-DL1286527-42445,Dan Lawera,"Acme Trimmer, High Speed",Eastern Asia,178.32,65.88
IR-2017-TM1149060-42919,Tony Molinari,"Binney & Smith Highlighters, Fluorescent",Southern Asia,178.5,14.1
IN-2017-CM1223527-43021,Chris McAfee,"Office Star Steel Folding Chair, Black",Eastern Asia,178.56,10.68
IN-2015-OT1873058-42192,Olvera Toch,"SanDisk Computer Printout Paper, Premium",Southern Asia,178.74,14.22
TU-2016-LB6795134-42540,Laurel Beltran,"Motorola Office Telephone, Cordless",Western Asia,179.064,-152.316
IN-2014-AG10900113-41691,Arthur Gainer,"SAFCO Chairmat, Red",Southeastern Asia,179.46,69.93
IN-2016-CR1273058-42540,Craig Reiter,"Cisco Headset, Full Size",Southern Asia,179.46,43.02
IN-2017-CV1280558-43096,Cynthia Voltz,"Xerox Cards & Envelopes, Premium",Southern Asia,179.88,84.48
ID-2016-DP1339059-42513,Dennis Pardue,"Novimex Steel Folding Chair, Red",Southeastern Asia,180.0837,-12.3363
IN-2017-PH1879058-42904,Patricia Hirasaki,"Harbour Creations Swivel Stool, Red",Southern Asia,180.12,5.4
IN-2016-JL15130130-42626,Jack Lebron,"Acco Binder, Recycled",Southeastern Asia,180.2262,-28.5138
ID-2016-MG17680102-42665,Maureen Gastineau,"Cardinal 3-Hole Punch, Durable",Southeastern Asia,180.285,53.025
TU-2016-LW6990134-42535,Lindsay Williams,"Fiskars Box Cutter, Serrated",Western Asia,180.432,-126.588
IN-2016-JH1582097-42385,John Huston,"Hon Bag Chairs, Red",Southern Asia,180.6,51.9
IN-2017-BD1150078-43012,Bradley Drucker,"Avery Binder, Economy",Southeastern Asia,180.6,73.92
IZ-2017-JM525061-42966,Janet Martin,"Memorex Numeric Keypad, Bluetooth",Western Asia,180.84,54.24
ID-2017-DK1283559-42892,Damala Kotsonis,"Rogers Folders, Industrial",Southeastern Asia,181.0977,-30.5823
IN-2014-KT16465144-41973,Kean Takahito,"Hewlett Personal Copier, Digital",Southeastern Asia,181.3266,28.7466
IN-2015-DB1312058-42182,David Bremer,"Cardinal 3-Hole Punch, Durable",Southern Asia,181.8,72.72
TU-2014-RL9615134-41987,Rob Lucas,"Hon Executive Leather Armchair, Adjustable",Western Asia,181.884,-222.816
TU-2017-BN1470134-42877,Brad Norvell,"Hon Executive Leather Armchair, Adjustable",Western Asia,181.884,-222.816
IN-2016-PF1922527-42722,Phillip Flathmann,"Sanford Sketch Pad, Blue",Eastern Asia,181.92,39.96
IR-2014-GH441060-41985,Gary Hansen,"Cisco Audio Dock, with Caller ID",Southern Asia,182.07,40.05
IR-2015-MV748560-42093,Mark Van Huff,"Cisco Audio Dock, VoIP",Southern Asia,182.16,71.04
IN-2015-JH1543059-42275,Jennifer Halladay,"Enermax Memory Card, USB",Southeastern Asia,182.214,-106.596
ID-2016-MF1825059-42706,Monica Federle,"Samsung Headset, with Caller ID",Southeastern Asia,182.268,-22.032
IN-2017-JC1610511-42773,Julie Creighton,"Elite Box Cutter, Easy Grip",Southern Asia,182.55,23.7
IS-2015-CK276063-42311,Cyma Kinney,"Harbour Creations Swivel Stool, Adjustable",Western Asia,182.61,51.12
IN-2014-AT1043559-41791,Alyssa Tate,"Fiskars Shears, Easy Grip",Southeastern Asia,182.7546,-89.8254
IN-2016-LR1691558-42407,Lena Radford,"Stanley Sketch Pad, Fluorescent",Southern Asia,182.76,74.88
IZ-2014-JS594061-41824,Joni Sundaresam,"Stanley Sketch Pad, Fluorescent",Western Asia,182.76,29.16
IN-2016-RW1963059-42625,Rob Williams,"Tenex Shelving, Industrial",Southeastern Asia,183.0648,30.7848
IN-2017-SC2038027-42739,Shahid Collister,"GlobeWeis Manila Envelope, Recycled",Eastern Asia,183.33,49.35
TU-2016-CA1965134-42559,Carol Adams,"Hon Executive Leather Armchair, Red",Western Asia,183.756,-275.634
IN-2014-AH1019558-41993,Alan Haines,"Novimex Bag Chairs, Red",Southern Asia,183.84,14.64
ID-2015-PB18805144-42278,Patrick Bzostek,"Fiskars Shears, Serrated",Southeastern Asia,184.011,-33.339
ID-2017-JH1598559-42974,Joseph Holt,"Jiffy Manila Envelope, Recycled",Southeastern Asia,184.0902,-159.8898
IR-2015-SG1089060-42187,Susan Gilcrest,"Eaton Note Cards, Multicolor",Southern Asia,184.32,73.62
ID-2017-RB19645102-42877,Robert Barroso,"Belkin Keyboard, Bluetooth",Southeastern Asia,184.536,-134.304
IN-2017-JK1562559-42757,Jim Karlsson,"Hamilton Beach Toaster, White",Southeastern Asia,184.758,62.238
ID-2014-HG14845113-41847,Harry Greene,"Cameo Mailers, Recycled",Southeastern Asia,184.8,73.8
IN-2017-HM1498027-43042,Henry MacAllister,"Cameo Mailers, Recycled",Eastern Asia,184.8,73.8
IZ-2017-TB1125061-42944,Tim Brockman,"Cisco Audio Dock, Cordless",Western Asia,184.92,24.03
SA-2016-ON8715110-42435,Odella Nelson,"Cisco Audio Dock, Cordless",Western Asia,184.92,24.03
ID-2017-NH18610102-43080,Nicole Hansen,"Novimex Steel Folding Chair, Red",Southeastern Asia,185.0175,-7.4025
IN-2014-NW1840078-41677,Natalie Webber,"Rogers Trays, Blue",Southeastern Asia,185.04,48.06
ID-2015-AA1037558-42244,Allen Armold,"Bush Stackable Bookrack, Mobile",Southern Asia,185.265,-81.585
IN-2014-AG1049558-41784,Andrew Gjertsen,"Memorex Flash Drive, Programmable",Southern Asia,185.4,44.46
TU-2014-LO7170134-41998,Lori Olson,"SAFCO Executive Leather Armchair, Set of Two",Western Asia,185.472,-83.478
IN-2017-JG1531027-42901,Jason Gross,"Breville Coffee Grinder, Red",Eastern Asia,185.58,59.31
IN-2017-DG1330027-42897,Deirdre Greer,"Elite Shears, Steel",Eastern Asia,185.64,7.32
IN-2017-LB1679558-42795,Laurel Beltran,"Epson Calculator, Wireless",Southern Asia,185.64,90.96
IN-2016-BN11515144-42685,Bradley Nguyen,"Hewlett Ink, Digital",Southeastern Asia,186.8832,8.8632
ID-2016-CD1228088-42399,Christina DeMoss,"BIC Pencil Sharpener, Water Color",Southeastern Asia,187.0239,-27.1761
IN-2016-ES1402027-42661,Erica Smith,"Rogers Shelving, Industrial",Eastern Asia,187.83,33.75
IN-2017-SU2066527-43059,Stephanie Ulpright,"Fiskars Shears, Steel",Eastern Asia,188.16,33.84
IN-2017-MH1778527-42869,Maya Herman,"Acme Letter Opener, Serrated",Eastern Asia,188.37,71.4
TU-2016-DB3405134-42543,Denny Blanton,"Harbour Creations Executive Leather Armchair, Adjustable",Western Asia,188.472,-51.858
IN-2016-AP1091527-42536,Arthur Prichep,"Boston Highlighters, Blue",Eastern Asia,188.7,88.5
IN-2014-SS2087527-41725,Sung Shariari,"Eldon Door Stop, Durable",Eastern Asia,188.76,69.84
IN-2014-PH18790102-41897,Patricia Hirasaki,"Hon Steel Folding Chair, Adjustable",Southeastern Asia,188.7975,60.3675
ID-2017-VB2174559-42961,Victoria Brennan,"Tenex Photo Frame, Duo Pack",Southeastern Asia,189.435,23.235
IN-2014-CS1186027-41998,Cari Schnelling,"Hon Bag Chairs, Set of Two",Eastern Asia,189.6,45.48
IN-2015-CR1282027-42187,Cyra Reiten,"Cameo Interoffice Envelope, Set of 50",Eastern Asia,189.72,87.24
IN-2014-SB2017027-41883,Sarah Bern,"Eldon Shelving, Wire Frame",Eastern Asia,189.96,0
ID-2016-EN13780102-42654,Edward Nazzal,"Novimex Steel Folding Chair, Set of Two",Southeastern Asia,190.08,-53.28
IN-2016-MJ1774027-42651,Max Jones,"Office Star Chairmat, Black",Eastern Asia,190.17,68.4
IN-2014-AG1027027-41904,Alejandro Grove,"Smead Trays, Wire Frame",Eastern Asia,190.2,34.2
TU-2017-LS7230134-42770,Lycoris Saunders,"Harbour Creations Executive Leather Armchair, Red",Western Asia,190.344,-99.936
IN-2017-FM1429027-42995,Frank Merwin,"Enermax Mouse, Erganomic",Eastern Asia,190.5,64.65
IN-2016-HZ1495059-42546,Henia Zydlo,"Hamilton Beach Toaster, Red",Southeastern Asia,190.9332,59.7732
TU-2015-RP9855134-42199,Roy Phan,"Konica Receipt Printer, Red",Western Asia,191.04,-138.6
IN-2014-TA2138558-41817,Tom Ashbrook,"GlobeWeis Interoffice Envelope, Set of 50",Southern Asia,191.28,28.68
IN-2014-VM2183558-41970,Vivian Mathis,"Logitech Numeric Keypad, Programmable",Southern Asia,191.28,34.32
IZ-2017-EH412561-42892,Eugene Hildebrand,"Logitech Numeric Keypad, Programmable",Western Asia,191.28,24.84
IN-2016-AS1013527-42563,Adrian Shami,"Harbour Creations Bag Chairs, Set of Two",Eastern Asia,191.61,55.53
ID-2017-KA16525102-43071,Kelly Andreada,"Cameo Interoffice Envelope, Security-Tint",Southeastern Asia,191.8455,-0.0945
KZ-2016-JR570068-42685,Jocasta Rupert,"Canon Fax Machine, Color",Central Asia,191.898,-287.862
IR-2015-BF127560-42249,Beth Fritzler,"Eldon Trays, Single Width",Southern Asia,192,63.36
ID-2017-TM2101059-42881,Tamara Manning,"Fellowes Shelving, Blue",Southeastern Asia,192.0288,25.3488
ID-2016-SC2030588-42549,Sean Christensen,"Tenex Door Stop, Black",Southeastern Asia,192.2382,-52.7418
ID-2017-SU2066558-43096,Stephanie Ulpright,"Eldon File Cart, Single Width",Southern Asia,192.555,-154.125
IN-2014-JJ15445130-41776,Jennifer Jackson,"SAFCO Steel Folding Chair, Set of Two",Southeastern Asia,192.6324,39.5424
KZ-2015-MS783068-42091,Melanie Seite,"Motorola Smart Phone, Full Size",Central Asia,192.807,-205.683
IN-2014-DP1339078-41642,Dennis Pardue,"Hewlett Fax and Copier, Laser",Southeastern Asia,192.87,50.13
ID-2015-PW1903059-42120,Pauline Webber,"SAFCO Steel Folding Chair, Adjustable",Southeastern Asia,193.158,52.848
ID-2016-ON1871559-42519,Odella Nelson,"SAFCO Steel Folding Chair, Adjustable",Southeastern Asia,193.158,52.848
IR-2017-CA205560-42842,Cathy Armstrong,"Avery Binding Machine, Clear",Southern Asia,193.2,23.16
ID-2015-SL20155102-42314,Sara Luxemburg,"Sauder Corner Shelving, Pine",Southeastern Asia,193.245,-50.595
IN-2017-MC1813027-42754,Mike Caudle,"Smead Trays, Single Width",Eastern Asia,194.04,34.92
ID-2016-RM19675102-42378,Robert Marley,"Konica Phone, Durable",Southeastern Asia,194.1975,-36.2925
IN-2017-SW2075558-43026,Steven Ward,"Hoover Blender, Silver",Southern Asia,194.34,36.9
IN-2017-RS1976511-42829,Roland Schwarz,"Elite Shears, Easy Grip",Southern Asia,194.52,23.28
TU-2017-SC10440134-43008,Shaun Chance,"Dania Stackable Bookrack, Mobile",Western Asia,194.544,-77.856
TU-2017-SC10770134-42916,Stewart Carmichael,"Epson Phone, Durable",Western Asia,194.616,-223.884
IN-2017-KH1669058-42857,Kristen Hastings,"Ames Interoffice Envelope, with clear poly window",Southern Asia,194.64,9.72
ID-2017-MA17560102-42883,Matt Abelman,"Motorola Speaker Phone, with Caller ID",Southeastern Asia,194.67,5.19
ID-2016-NF18385102-42477,Natalie Fritzler,"Sauder Corner Shelving, Mobile",Southeastern Asia,194.766,-95.934
IN-2017-DO1343527-42939,Denny Ordway,"Eldon Door Stop, Erganomic",Eastern Asia,195.12,46.8
ID-2015-MD17350144-42300,Maribeth Dona,"Belkin Mouse, USB",Southeastern Asia,195.1884,-48.0816
IN-2014-AW1084097-41958,Anthony Witt,"Ikea Stackable Bookrack, Metal",Southern Asia,195.264,19.524
IN-2017-TD2099527-43080,Tamara Dahlen,"Nokia Office Telephone, with Caller ID",Eastern Asia,195.39,46.89
IN-2014-BE1145527-41936,Brad Eason,"Nokia Office Telephone, VoIP",Eastern Asia,195.66,68.4
IN-2016-KC16255118-42584,Karen Carlisle,"Deflect-O Clock, Erganomic",Eastern Asia,195.72,73.32
IN-2015-WB2185058-42292,William Brown,"Harbour Creations Steel Folding Chair, Red",Southern Asia,195.78,76.32
IN-2014-KD1649527-42002,Keith Dawkins,"Smead Shelving, Single Width",Eastern Asia,195.84,7.8
IZ-2016-SW1035061-42513,Sean Wendt,"Wilson Jones Binding Machine, Economy",Western Asia,195.84,70.44
SA-2014-LC6870110-41851,Lena Cacioppo,"Stiletto Box Cutter, Serrated",Western Asia,196.02,90
IZ-2016-GM450061-42729,Gene McClure,"Smead Lockers, Wire Frame",Western Asia,197.49,17.76
IN-2016-MH1811511-42716,Mick Hernandez,"SanDisk Flash Drive, Bluetooth",Southern Asia,197.7,88.95
IN-2017-SL2015558-42953,Sara Luxemburg,"Eldon Lockers, Single Width",Southern Asia,197.94,-126.72
TU-2017-CA2775134-42791,Cynthia Arntzen,"Logitech Router, USB",Western Asia,198.024,-237.636
TU-2016-RB9705134-42535,Roger Barcio,"Bevis Computer Table, Fully Assembled",Western Asia,198.396,-59.544
ID-2017-SP2054559-42926,Sibella Parks,"Boston Pencil Sharpener, Easy-Erase",Southeastern Asia,198.4797,46.1997
IN-2014-LW16825113-41993,Laurel Workman,"Enermax Computer Printout Paper, Recycled",Southeastern Asia,198.66,11.76
IN-2017-HM14860130-42899,Harry Marie,"Office Star Chairmat, Set of Two",Southeastern Asia,198.7644,27.1644
IN-2014-GP1474058-41905,Guy Phonely,"Stiletto Shears, Easy Grip",Southern Asia,198.84,63.6
IZ-2014-MA756061-41902,Matt Abelman,"Smead Lockers, Industrial",Western Asia,198.9,55.68
SA-2017-DJ3510110-43094,Don Jones,"Smead Lockers, Industrial",Western Asia,198.9,55.68
IN-2017-FM14380102-42862,Fred McMath,"Logitech Keyboard, Bluetooth",Southeastern Asia,199.2375,18.0375
IN-2016-AM1036066-42580,Alice McCarthy,"Nokia Office Telephone, Full Size",Eastern Asia,199.26,7.92
TU-2017-BT1485134-42966,Brad Thomas,"Dania Corner Shelving, Mobile",Western Asia,199.344,-154.536
IR-2015-TB1125060-42152,Tim Brockman,"GlobeWeis Peel and Seal, with clear poly window",Southern Asia,199.44,9.84
IN-2014-NF1838527-41995,Natalie Fritzler,"Samsung Office Telephone, Full Size",Eastern Asia,199.53,15.93
IN-2017-OT1873027-42940,Olvera Toch,"Samsung Office Telephone, Full Size",Eastern Asia,199.53,15.93
IN-2016-PV18985102-42708,Paul Van Hugh,"Hon Rocking Chair, Adjustable",Southeastern Asia,199.665,2.625
ID-2016-AO10810118-42570,Anthony O'Donnell,"Memorex Memory Card, Erganomic",Eastern Asia,200.16,-88.08
IN-2017-AG1052511-42966,Andy Gerbode,"Eldon Door Stop, Black",Southern Asia,200.64,38.04
TU-2017-RM9675134-42959,Robert Marley,"Hoover Toaster, Red",Western Asia,200.736,-260.964
IN-2016-KT1648058-42493,Kean Thornton,"Harbour Creations Steel Folding Chair, Adjustable",Southern Asia,200.76,86.28
IN-2015-EB1397558-42239,Erica Bern,"Hoover Coffee Grinder, White",Southern Asia,200.79,8.01
IN-2016-LB1679511-42505,Laurel Beltran,"Cuisinart Blender, Red",Southern Asia,200.97,36.09
ID-2017-KH1669059-42865,Kristen Hastings,"Motorola Headset, Full Size",Southeastern Asia,201.7647,58.3047
IR-2014-JL517560-41993,James Lanier,"Sanford Canvas, Blue",Southern Asia,202.08,58.56
IN-2017-NL18310130-42783,Nancy Lomonaco,"Office Star Rocking Chair, Black",Southeastern Asia,202.1808,24.8808
IS-2017-RF973563-42951,Roland Fjeld,"Acco Binding Machine, Clear",Western Asia,202.2,22.2
IR-2016-HM498060-42636,Henry MacAllister,"Logitech Memory Card, Erganomic",Southern Asia,202.38,4.02
ID-2016-ED1388559-42728,Emily Ducich,"Wilson Jones Binding Machine, Economy",Southeastern Asia,203.184,-36.816
IN-2015-PF1916559-42148,Philip Fox,"Rogers Shelving, Wire Frame",Southeastern Asia,203.184,29.304
IN-2016-SC2084558-42505,Sung Chung,"Cuisinart Blender, Silver",Southern Asia,203.22,46.71
IN-2017-AH1058527-42758,Angele Hood,"Belkin Mouse, Bluetooth",Eastern Asia,203.55,28.35
ID-2016-PR1888059-42493,Patrick Ryan,"Hoover Toaster, White",Southeastern Asia,203.6322,36.7722
IZ-2014-CA231061-41886,Christine Abelman,"Tenex Lockers, Blue",Western Asia,204.15,53.07
UZ-2016-RB9435142-42616,Richard Bierner,"Tenex Lockers, Single Width",Central Asia,204.18,12.24
ID-2017-JC1610597-42744,Julie Creighton,"Belkin Keyboard, Erganomic",Southern Asia,204.225,-8.175
IZ-2014-RB946561-41892,Rick Bensley,"Acco Binding Machine, Economy",Western Asia,204.36,59.16
IN-2017-NK1849058-42885,Neil Knudson,"Apple Office Telephone, Cordless",Southern Asia,204.39,96.03
IN-2015-MA1799558-42295,Michelle Arnett,"Memorex Memory Card, Bluetooth",Southern Asia,204.54,94.08
KG-2016-PW903070-42377,Pauline Webber,"Tenex Lockers, Industrial",Central Asia,204.63,57.27
TU-2015-GB4575134-42181,Giulietta Baptist,"Eldon File Cart, Single Width",Western Asia,204.672,-214.968
IN-2016-AC1061558-42498,Ann Chong,"Eaton Message Books, Recycled",Southern Asia,204.9,85.8
IN-2014-RB1979558-41952,Ross Baird,"GlobeWeis Interoffice Envelope, with clear poly window",Southern Asia,205.44,28.68
TU-2017-KF6285134-42876,Karen Ferguson,"Smead File Cart, Industrial",Western Asia,205.44,-164.4
SA-2017-AR570110-43030,Anemone Ratner,"Ibico Binding Machine, Economy",Western Asia,205.68,18.48
ID-2017-SP2062059-43066,Stefania Perrino,"Office Star Rocking Chair, Red",Southeastern Asia,205.7286,-45.1314
ID-2014-PF19120102-41803,Peter Fuller,"SAFCO Rocking Chair, Set of Two",Southeastern Asia,205.74,-5.52
IZ-2014-TT1122061-41809,Thomas Thornton,"Acco Binding Machine, Recycled",Western Asia,205.8,51.36
IN-2016-RC1982588-42432,Roy Collins,"SAFCO Bag Chairs, Black",Southeastern Asia,205.9038,22.4838
IZ-2016-FC424561-42517,Frank Carlisle,"Fellowes Lockers, Wire Frame",Western Asia,206.4,92.88
KG-2017-EB411070-42932,Eugene Barchas,"Fellowes Lockers, Wire Frame",Central Asia,206.4,92.88
IN-2016-SC20260144-42658,Scott Cohen,"Eldon Clock, Duo Pack",Southeastern Asia,206.517,56.517
ID-2017-ME1772597-43039,Max Engle,"Fellowes File Cart, Industrial",Southern Asia,206.685,-173.655
IN-2017-PS18760102-42994,Pamela Stobb,"Canon Fax Machine, Laser",Southeastern Asia,206.9535,31.8135
TU-2017-GA4725134-42981,Guy Armstrong,"Breville Refrigerator, White",Western Asia,206.988,-207.012
IN-2014-RH1951058-41692,Rick Huthwaite,"Logitech Memory Card, USB",Southern Asia,207.18,43.5
IZ-2015-DK289561-42311,Dana Kaydos,"Logitech Memory Card, USB",Western Asia,207.18,33.12
IN-2017-JM1525027-42881,Janet Martin,"Fellowes Lockers, Blue",Eastern Asia,207.33,-29.07
IN-2017-LS17230118-43096,Lycoris Saunders,"Fellowes Lockers, Blue",Eastern Asia,207.33,-29.07
IN-2016-AB10150118-42399,Aimee Bixby,"Tenex Photo Frame, Duo Pack",Eastern Asia,207.6,41.4
TU-2017-IG5085134-42769,Ivan Gibson,"Motorola Speaker Phone, with Caller ID",Western Asia,207.648,-197.352
IR-2014-RE945060-41942,Richard Eichhorn,"Fellowes Lockers, Industrial",Southern Asia,207.81,91.41
TU-2017-AD180134-42888,Alan Dominguez,"Breville Refrigerator, Silver",Western Asia,208.032,-171.648
ID-2017-BT11485102-42832,Brad Thomas,"Hon Chairmat, Red",Southeastern Asia,208.2375,-0.1125
TU-2015-NP8700134-42310,Nora Preis,"Canon Copy Machine, High-Speed",Western Asia,208.272,-218.688
ID-2016-BF1121527-42722,Benjamin Farhat,"Enermax Mouse, Programmable",Eastern Asia,208.95,91.8
ID-2017-EJ1415559-43073,Eva Jacobs,"Office Star Rocking Chair, Set of Two",Southeastern Asia,209.0136,-20.0664
ID-2017-BP11095130-42855,Bart Pistole,"Smead Lockers, Wire Frame",Southeastern Asia,209.3394,-142.2006
IN-2017-CM1211558-42890,Chad McGuire,"Elite Box Cutter, High Speed",Southern Asia,209.34,33.48
IN-2016-AS10135144-42395,Adrian Shami,"Sanford Canvas, Blue",Southeastern Asia,209.658,22.608
IN-2016-ML1804027-42587,Michelle Lonsdale,"KitchenAid Coffee Grinder, Black",Eastern Asia,209.7,0
TU-2017-JD5895134-43098,Jonathan Doherty,"Hoover Refrigerator, White",Western Asia,209.76,-209.76
IZ-2016-BM114061-42437,Becky Martin,"Green Bar Cards & Envelopes, 8.5 x 11",Western Asia,210.12,37.8
IN-2014-LP17080144-41871,Liz Pelletier,"Harbour Creations Chairmat, Red",Southeastern Asia,210.24,57.6
IR-2015-VT1170060-42013,Valerie Takahito,"SanDisk Cards & Envelopes, 8.5 x 11",Southern Asia,210.24,56.76
IN-2016-AC10420130-42605,Alyssa Crouse,"Smead Lockers, Single Width",Southeastern Asia,210.357,-7.983
IN-2014-BS1159027-41750,Brendan Sweed,"Boston Highlighters, Easy-Erase",Eastern Asia,210.54,41.91
IN-2017-NH1861088-42993,Nicole Hansen,"Office Star Bag Chairs, Set of Two",Southeastern Asia,210.5685,54.7185
ID-2016-BS11380102-42643,Bill Stewart,"Advantus Stacking Tray, Erganomic",Southeastern Asia,210.6,-28.08
IZ-2014-NW840061-41699,Natalie Webber,"Rogers Lockers, Wire Frame",Western Asia,210.69,52.65
IN-2017-JS1568527-42836,Jim Sink,"Logitech Keyboard, Erganomic",Eastern Asia,210.78,86.4
TU-2015-SA10830134-42285,Sue Ann Reed,"KitchenAid Refrigerator, Silver",Western Asia,211.476,-111.054
IN-2017-GZ1447027-42867,Gary Zandusky,"Rogers Lockers, Blue",Eastern Asia,211.62,10.56
TU-2015-TC10980134-42321,Tamara Chand,"Advantus Photo Frame, Black",Western Asia,211.92,-312.78
ID-2016-LB1673559-42528,Larry Blacks,"Eldon File Cart, Single Width",Southeastern Asia,213.0942,-18.0258
IN-2015-BG1169558-42166,Brooke Gillingham,"Tenex Trays, Wire Frame",Southern Asia,213.12,95.88
IN-2017-BT1148559-43022,Brad Thomas,"Smead File Cart, Single Width",Southeastern Asia,213.1938,64.2138
IN-2016-KA1652527-42729,Kelly Andreada,"Acco 3-Hole Punch, Recycled",Eastern Asia,213.36,59.64
TU-2016-CV2805134-42707,Cynthia Voltz,"Okidata Printer, White",Western Asia,213.528,-315.012
YM-2015-CK2205145-42097,Chloris Kastensmidt,"Sharp Wireless Fax, Laser",Western Asia,213.552,-320.328
IN-2014-RC1982578-41827,Roy Collins,"Rubbermaid Frame, Durable",Southeastern Asia,213.84,27.78
IR-2017-AB25560-42980,Alejandro Ballentine,"Rubbermaid Frame, Durable",Southern Asia,213.84,53.46
IR-2014-RE945060-41949,Richard Eichhorn,"Eldon Clock, Durable",Southern Asia,214.2,64.2
IN-2016-JK1532559-42532,Jason Klamczynski,"Konica Calculator, Wireless",Southeastern Asia,214.2645,80.0145
ID-2016-NK18490130-42504,Neil Knudson,"Harbour Creations Steel Folding Chair, Red",Southeastern Asia,214.3791,35.1891
ID-2017-LC1705059-42993,Liz Carlisle,"Harbour Creations Rocking Chair, Red",Southeastern Asia,214.7514,-2.9886
SA-2015-GP4740110-42135,Guy Phonely,"Sanford Canvas, Water Color",Western Asia,214.8,0
TU-2015-PS8760134-42159,Pamela Stobb,"Tenex Shelving, Wire Frame",Western Asia,214.92,-258.18
SA-2017-MP8175110-43010,Mike Pelletier,"Ames Mailers, Set of 50",Western Asia,215.1,30.06
IN-2016-VF2171527-42550,Vicky Freymann,"Enermax Parchment Paper, Premium",Eastern Asia,215.46,0
ID-2015-DC12850102-42127,Dan Campbell,"KitchenAid Toaster, Black",Southeastern Asia,216.1125,-15.2775
IN-2017-FP14320130-42956,Frank Preis,"Ikea Floating Shelf Set, Pine",Southeastern Asia,216.3294,-113.3706
IN-2017-RH1960088-42916,Rob Haberlin,"Ikea Floating Shelf Set, Pine",Southeastern Asia,216.3294,-113.3706
IN-2017-AJ1079527-42738,Anthony Johnson,"Sanford Pencil Sharpener, Easy-Erase",Eastern Asia,216.72,108.24
SA-2017-GP4740110-42913,Guy Phonely,"Ames Manila Envelope, Security-Tint",Western Asia,216.72,86.64
ID-2014-CM12190130-41848,Charlotte Melton,"Fellowes File Cart, Wire Frame",Southeastern Asia,216.8442,-24.6258
SA-2015-CC2220110-42324,Chris Cortes,"Tenex Trays, Single Width",Western Asia,216.96,82.44
TX-2014-TZ11580135-41750,Tracy Zic,"Ikea Library with Doors, Traditional",Central Asia,218.034,-189.006
IN-2014-NW1840027-41964,Natalie Webber,"Advantus Door Stop, Erganomic",Eastern Asia,218.25,19.5
ID-2016-MR1754559-42393,Mathew Reese,"Boston Sketch Pad, Fluorescent",Southeastern Asia,218.3868,-12.0132
IN-2014-GT1475558-41727,Guy Thornton,"Accos Rubber Bands, Metal",Southern Asia,218.4,69.81
IN-2017-SS2051578-42995,Shirley Schmidt,"SanDisk Computer Printout Paper, Multicolor",Southeastern Asia,218.4,89.46
IN-2016-PF1922521-42445,Phillip Flathmann,"Memorex Keyboard, Programmable",Southeastern Asia,218.52,30.51
TU-2016-DC3285134-42708,Debra Catini,"Samsung Signal Booster, with Caller ID",Western Asia,218.544,-327.816
IN-2014-JL15130113-41802,Jack Lebron,"Tenex Trays, Industrial",Southeastern Asia,218.76,6.48
IN-2014-NZ1856558-42001,Nick Zandusky,"Nokia Headset, with Caller ID",Southern Asia,219.33,78.93
IN-2017-NG1835527-42884,Nat Gilpin,"Nokia Headset, with Caller ID",Eastern Asia,219.33,78.93
ID-2016-AR10345113-42645,Alex Russell,"Rubbermaid Frame, Black",Southeastern Asia,219.78,59.34
IN-2014-AH105851-41973,Angele Hood,"Rubbermaid Frame, Black",Southern Asia,219.78,59.34
IN-2017-CK1259527-42927,Clytie Kelty,"Rubbermaid Frame, Black",Eastern Asia,219.78,59.34
ID-2015-PV18985102-42075,Paul Van Hugh,"Sauder 3-Shelf Cabinet, Mobile",Southeastern Asia,219.96,16.92
IR-2016-SS1014060-42639,Saphhira Shifley,"Deflect-O Frame, Black",Southern Asia,220.08,96.78
IN-2016-NM18520102-42435,Neoma Murray,"Deflect-O Clock, Erganomic",Southeastern Asia,220.185,73.305
SA-2017-EB3930110-43093,Eric Barreto,"Deflect-O Frame, Duo Pack",Western Asia,220.2,17.58
ID-2016-MZ1751559-42505,Mary Zewe,"Tenex Clock, Duo Pack",Southeastern Asia,220.3578,36.2178
ID-2016-TB2125059-42704,Tim Brockman,"Cuisinart Blender, Black",Southeastern Asia,220.5144,39.7944
IN-2015-EM1382559-42327,Elizabeth Moffitt,"Deflect-O Clock, Duo Pack",Southeastern Asia,220.6206,54.3006
ID-2016-CS1195027-42674,Carlos Soltero,"Logitech Numeric Keypad, Erganomic",Eastern Asia,220.65,70.5
TU-2016-BP1185134-42553,Ben Peterman,"Apple Signal Booster, Full Size",Western Asia,220.704,-303.576
IN-2015-SC2009559-42038,Sanjit Chand,"Tenex Trays, Wire Frame",Southeastern Asia,221.112,74.562
IN-2015-NC1862578-42343,Noah Childs,"StarTech Receipt Printer, Durable",Southeastern Asia,221.4,57.54
TU-2015-EM4095134-42086,Eudokia Martin,"Office Star Rocking Chair, Black",Western Asia,221.568,-221.592
IN-2016-RA1991566-42385,Russell Applegate,"Office Star Bag Chairs, Red",Eastern Asia,221.76,33.24
ID-2017-JP1552059-42954,Jeremy Pistek,"Tenex Shelving, Wire Frame",Southeastern Asia,222.9795,-0.0705
TU-2014-BM1650134-41908,Brian Moss,"Samsung Signal Booster, Cordless",Western Asia,223.104,-106.056
IN-2015-Dp1324027-42104,Dean percer,"Nokia Headset, Full Size",Eastern Asia,223.2,69.12
ID-2014-AG1090058-41908,Arthur Gainer,"Harbour Creations Rocking Chair, Set of Two",Southern Asia,224.01,-215.1
ID-2017-SV20935102-42849,Susan Vittorini,"Tenex Lockers, Blue",Southeastern Asia,224.565,-77.595
AE-2016-EB4110138-42657,Eugene Barchas,"Bush Stackable Bookrack, Pine",Western Asia,224.748,-232.272
IN-2015-MS1783027-42177,Melanie Seite,"SanDisk Memory Card, Bluetooth",Eastern Asia,224.82,6.72
IN-2015-RM1975058-42174,Roland Murray,"SanDisk Memory Card, Bluetooth",Southern Asia,224.82,6.72
TU-2015-LA6780134-42223,Laura Armstrong,"Breville Stove, Silver",Western Asia,224.916,-196.824
IN-2015-MT17815144-42121,Meg Tillman,"Jiffy Interoffice Envelope, Recycled",Southeastern Asia,225.2952,83.9952
IN-2015-HM1486027-42327,Harry Marie,"BIC Pencil Sharpener, Water Color",Eastern Asia,225.33,11.13
IN-2016-JK1562558-42497,Jim Karlsson,"Ames Interoffice Envelope, Set of 50",Southern Asia,225.6,58.65
IN-2017-GK1462058-43038,Grace Kelly,"Fellowes Trays, Wire Frame",Southern Asia,225.84,29.28
IN-2015-MD1786027-42159,Michael Dominguez,"Stockwell Clamps, Bulk Pack",Eastern Asia,226.08,76.68
IN-2017-NP1870059-43071,Nora Preis,"Belkin Keyboard, Programmable",Southeastern Asia,226.257,-47.043
ID-2016-TS2165588-42639,Trudy Schmidt,"Nokia Signal Booster, with Caller ID",Southeastern Asia,226.59,-16.41
TU-2015-JS5595134-42281,Jill Stevenson,"Hamilton Beach Microwave, Silver",Western Asia,226.608,-322.932
IN-2014-SW2045559-41945,Shaun Weien,"Apple Signal Booster, with Caller ID",Southeastern Asia,226.839,21.819
IZ-2015-PG889561-42065,Paul Gonzalez,"Boston Canvas, Water Color",Western Asia,227.28,34.08
IN-2015-BO1142558-42100,Bobby Odegard,"Sanford Sketch Pad, Blue",Southern Asia,227.4,49.95
IN-2015-PN1877588-42022,Parhena Norris,"SAFCO Chairmat, Adjustable",Southeastern Asia,227.4315,-34.3185
IN-2015-PC1900027-42239,Pauline Chand,"Fellowes Shelving, Wire Frame",Eastern Asia,227.64,106.92
IN-2017-GR1456097-42840,Georgia Rosenberg,"Cisco Signal Booster, with Caller ID",Southern Asia,227.745,-141.255
ID-2015-JC1577559-42223,John Castell,"HP Personal Copier, High-Speed",Southeastern Asia,227.8314,-14.7486
IN-2017-AS1004559-42798,Aaron Smayling,"Ikea Corner Shelving, Metal",Southeastern Asia,227.8872,4.8672
IN-2015-NC1834058-42115,Nat Carroll,"Samsung Headset, Cordless",Southern Asia,228.15,86.67
TU-2017-AG495134-42861,Andrew Gjertsen,"KitchenAid Stove, Silver",Western Asia,228.36,-137.04
IN-2014-BF1108011-41982,Bart Folk,"Enermax Note Cards, Multicolor",Southern Asia,228.48,13.65
IN-2015-JJ1576027-42148,Joel Jenkins,"Sanford Sketch Pad, Easy-Erase",Eastern Asia,228.75,107.4
TU-2014-TB11520134-41873,Tracy Blumstein,"Motorola Signal Booster, VoIP",Western Asia,229.152,-315.168
ID-2016-AZ1075027-42527,Annie Zypern,"Enermax Memory Card, USB",Eastern Asia,229.2,-155.88
IN-2015-CC12670144-42323,Craig Carreira,"Sharp Personal Copier, Color",Southeastern Asia,229.5216,3.6216
IN-2016-DB1355559-42507,Dorothy Badders,"Dania Corner Shelving, Pine",Southeastern Asia,229.5612,51.7812
IN-2017-DJ1351059-43094,Don Jones,"Advantus Door Stop, Black",Southeastern Asia,230.1033,44.0433
IN-2015-GB1453027-42259,George Bell,"Breville Toaster, Red",Eastern Asia,230.13,16.02
ID-2017-SC2030559-42987,Sean Christensen,"HP Personal Copier, Digital",Southeastern Asia,230.5098,9.8898
ID-2016-VB2174559-42399,Victoria Brennan,"Sharp Ink, Digital",Southeastern Asia,230.733,14.853
IN-2015-CG1252058-42232,Claire Gute,"Fellowes Shelving, Blue",Southern Asia,231.36,64.68
IN-2017-ND1837058-42993,Natalie DeCherney,"Fellowes Shelving, Single Width",Southern Asia,231.48,30
IR-2014-BT153060-41804,Bradley Talbott,"Fellowes Trays, Industrial",Southern Asia,231.48,55.44
IN-2015-RD1958559-42180,Rob Dowd,"Memorex Keyboard, Programmable",Southeastern Asia,231.6312,-144.3888
IN-2015-CW1190558-42257,Carl Weiss,"Sanford Pencil Sharpener, Water Color",Southern Asia,232.08,48.72
KZ-2014-LD685568-41770,Lela Donovan,"Novimex Rocking Chair, Black",Central Asia,232.2,-448.92
ID-2017-RA19945130-43099,Ryan Akin,"Bush Stackable Bookrack, Traditional",Southeastern Asia,232.4133,-107.0667
IN-2016-NZ1856527-42566,Nick Zandusky,"Logitech Numeric Keypad, USB",Eastern Asia,232.65,116.25
IN-2016-TT2146059-42703,Tonja Turnell,"Ikea Stackable Bookrack, Mobile",Southeastern Asia,232.686,105.066
JO-2016-DA345067-42463,Dianna Arnett,"Hamilton Beach Toaster, Silver",Western Asia,233.04,102.48
TU-2016-TT11460134-42693,Tonja Turnell,"Motorola Signal Booster, Cordless",Western Asia,233.568,-87.672
IN-2017-SC2038059-42864,Shahid Collister,"SanDisk Memory Card, Erganomic",Southeastern Asia,233.6664,-167.6136
IS-2017-MH778563-42741,Maya Herman,"Fiskars Trimmer, Serrated",Western Asia,234,28.08
TU-2015-RW9690134-42012,Robert Waldorf,"Canon Ink, Digital",Western Asia,234.864,-287.736
IN-2015-JB1592527-42022,Joni Blumstein,"SAFCO Bag Chairs, Black",Eastern Asia,235.05,82.2
IN-2017-CH1207027-42969,Cathy Hwang,"Enermax Cards & Envelopes, Recycled",Eastern Asia,235.05,61.05
ID-2017-DR12880102-43071,Dan Reichenbach,"Stiletto Shears, Steel",Southeastern Asia,235.0755,-149.6745
ID-2015-TB2128059-42287,Toby Braunhardt,"Bush Corner Shelving, Mobile",Southeastern Asia,235.3086,-12.6714
TI-2017-TM11010128-42858,Tamara Manning,"Apple Office Telephone, VoIP",Central Asia,235.332,-251.028
ID-2015-GH14425102-42216,Gary Hwang,"Ibico 3-Hole Punch, Recycled",Southeastern Asia,235.6965,88.5465
IN-2015-RB1979527-42354,Ross Baird,"Panasonic Receipt Printer, Red",Eastern Asia,236.1,73.14
IN-2016-AH1069027-42710,Anna Häberlin,"Panasonic Receipt Printer, Red",Eastern Asia,236.1,73.14
IN-2014-RH1949559-41760,Rick Hansen,"Fellowes Shelving, Wire Frame",Southeastern Asia,236.1765,85.2765
IZ-2014-SC1084561-41984,Sung Chung,"Boston Markers, Water Color",Western Asia,236.4,0
IN-2017-MG1787527-43052,Michael Grace,"Deflect-O Clock, Durable",Eastern Asia,236.7,4.65
ID-2016-EK13795102-42512,Eileen Kiefer,"Hon Steel Folding Chair, Black",Southeastern Asia,236.97,-34.83
TU-2017-KC6675134-43081,Kimberly Carter,"Sauder Stackable Bookrack, Pine",Western Asia,237.072,-142.248
TU-2017-JO5550134-43023,Jesus Ocampo,"Safco Stackable Bookrack, Traditional",Western Asia,237.504,-261.336
IN-2017-CP1234027-42874,Christine Phan,"GlobeWeis Manila Envelope, Security-Tint",Eastern Asia,238.32,0
TU-2015-AG765134-42188,Anthony Garverick,"HP Fax Machine, High-Speed",Western Asia,238.512,-328.008
ID-2014-NC18625118-41949,Noah Childs,"Panasonic Receipt Printer, White",Eastern Asia,238.62,-176.58
IN-2016-AM10705144-42580,Anne McFarland,"Brother Wireless Fax, Laser",Southeastern Asia,238.6503,22.7103
IN-2017-FC1424527-42827,Frank Carlisle,"Konica Receipt Printer, Red",Eastern Asia,238.8,31.02
IN-2014-LH1715559-41698,Logan Haushalter,"Hon Swivel Stool, Red",Southeastern Asia,238.929,62.169
UZ-2017-MS7770142-42961,Maxwell Schwartz,"Enermax Note Cards, Premium",Central Asia,239.28,50.16
ID-2014-EB1370559-41648,Ed Braxton,"Motorola Signal Booster, Full Size",Southeastern Asia,239.7372,-11.6028
IN-2017-SC2005058-42914,Sample Company A,"Sharp Personal Copier, Laser",Southern Asia,240,88.8
IZ-2016-BD132061-42583,Bill Donatelli,"Okidata Receipt Printer, Red",Western Asia,240.12,40.8
ID-2015-TH21115102-42016,Thea Hudgings,"Dania Corner Shelving, Pine",Southeastern Asia,240.669,-26.001
IN-2017-RD1981027-42912,Ross DeVincentis,"Novimex Bag Chairs, Set of Two",Eastern Asia,241.05,79.5
IN-2015-KT1648058-42369,Kean Thornton,"Konica Receipt Printer, White",Southern Asia,241.32,82.02
IN-2017-AJ1078027-42874,Anthony Jacobs,"Cisco Office Telephone, with Caller ID",Eastern Asia,241.38,57.87
ID-2015-SC2023097-42295,Scot Coram,"Acme Box Cutter, Serrated",Southern Asia,241.5,-106.26
IN-2017-SC20260130-42763,Scott Cohen,"Tenex Clock, Durable",Southeastern Asia,241.6008,49.4508
IN-2014-JL15130130-41929,Jack Lebron,"SAFCO Swivel Stool, Black",Southeastern Asia,241.6446,69.5046
IN-2016-RA19915113-42412,Russell Applegate,"Cisco Office Telephone, VoIP",Southeastern Asia,241.65,21.69
IN-2017-EC1405027-42896,Erin Creighton,"Enermax Mouse, Bluetooth",Eastern Asia,241.74,106.2
ID-2016-AB10060102-42542,Adam Bellavance,"Acco 3-Hole Punch, Durable",Southeastern Asia,241.893,-39.987
ID-2014-RR1952559-41709,Rick Reed,"Fellowes Shelving, Industrial",Southeastern Asia,242.028,-5.922
ID-2014-GA1472559-41998,Guy Armstrong,"Hon Swivel Stool, Set of Two",Southeastern Asia,242.214,-19.926
IN-2014-LD1685559-41842,Lela Donovan,"Nokia Headset, with Caller ID",Southeastern Asia,242.7252,55.5252
SA-2017-BF975110-43078,Barbara Fisher,"Rogers Trays, Wire Frame",Western Asia,243,119.04
IN-2014-JG1516058-41993,James Galang,"Elite Shears, Easy Grip",Southern Asia,243.15,29.1
ID-2014-LS1723097-41928,Lycoris Saunders,"Safco Corner Shelving, Mobile",Southern Asia,243.168,-27.372
IN-2017-MC1757558-43021,Matt Collins,"Cameo Mailers, Security-Tint",Southern Asia,243.36,80.28
ID-2015-BD116051-42248,Brian Dahlen,"Acme Scissors, Easy Grip",Southern Asia,243.54,104.49
IZ-2017-PF916561-42975,Philip Fox,"HP Copy Machine, High-Speed",Western Asia,243.69,41.4
IN-2016-DK1309059-42533,Dave Kipp,"Novimex Swivel Stool, Adjustable",Southeastern Asia,243.747,-6.693
ID-2015-SW2045559-42252,Shaun Weien,"Wilson Jones Binding Machine, Economy",Southeastern Asia,243.8208,-44.1792
IN-2015-TG2164027-42275,Trudy Glocke,"Acco 3-Hole Punch, Recycled",Eastern Asia,243.84,68.16
ID-2017-RO1978059-42961,Rose O'Brian,"Belkin Memory Card, USB",Southeastern Asia,243.8424,-202.4376
IN-2017-HG1484558-42995,Harry Greene,"Avery Binding Machine, Economy",Southern Asia,244.2,34.05
ID-2014-MC17845130-41945,Michael Chen,"Sauder Library with Doors, Traditional",Southeastern Asia,244.2069,-116.3031
IN-2015-BW1111066-42350,Bart Watters,"Elite Box Cutter, High Speed",Eastern Asia,244.23,39.06
IN-2017-DK1309027-43081,Dave Kipp,"Eldon Shelving, Industrial",Eastern Asia,244.5,36.6
IN-2015-BE1141078-42072,Bobby Elias,"Smead Shelving, Blue",Southeastern Asia,244.65,107.55
IN-2015-MA1756058-42005,Matt Abelman,"Memorex Flash Drive, Erganomic",Southern Asia,244.89,65.88
IN-2015-TZ2144527-42160,Tom Zandusky,"Logitech Router, Erganomic",Eastern Asia,245.13,85.77
IN-2017-AW1084058-42814,Anthony Witt,"Logitech Router, Erganomic",Southern Asia,245.13,85.77
IN-2017-TB2125058-43098,Tim Brockman,"Breville Coffee Grinder, Black",Southern Asia,245.16,73.44
IN-2014-CM1223527-41978,Chris McAfee,"Logitech Flash Drive, USB",Eastern Asia,245.76,103.2
IN-2017-SC2038027-42814,Shahid Collister,"Avery Binding Machine, Recycled",Eastern Asia,246,81.15
IN-2016-BO1142527-42370,Bobby Odegard,"Ikea Corner Shelving, Traditional",Eastern Asia,246.12,66.42
UZ-2015-EB3750142-42244,Edward Becker,"Memorex Router, Bluetooth",Central Asia,246.21,93.54
ID-2014-DJ13630113-41921,Doug Jacobs,"Fiskars Shears, Easy Grip",Southeastern Asia,246.3,51.6
IN-2016-DK13090102-42729,Dave Kipp,"Canon Fax and Copier, High-Speed",Southeastern Asia,246.402,-102.378
IN-2017-JG15160118-42787,James Galang,"Harbour Creations Bag Chairs, Red",Eastern Asia,246.48,55.38
IR-2017-DE325560-42916,Deanra Eno,"Ibico 3-Hole Punch, Recycled",Southern Asia,246.48,68.88
ID-2016-BF11005102-42499,Barry Franz,"Bush Corner Shelving, Mobile",Southeastern Asia,246.6945,-125.2755
ID-2017-MO17800130-43021,Meg O'Connel,"Fellowes Shelving, Industrial",Southeastern Asia,247.2768,-149.4432
IN-2017-SV2078527-43009,Stewart Visinsky,"Logitech Router, Bluetooth",Eastern Asia,247.32,2.46
IN-2017-TG2164058-43003,Trudy Glocke,"Stanley Canvas, Blue",Southern Asia,247.35,56.85
IN-2016-AR10540102-42452,Andy Reiter,"HP Ink, High-Speed",Southeastern Asia,247.455,30.375
ID-2017-RF19735102-43099,Roland Fjeld,"Deflect-O Frame, Black",Southeastern Asia,247.59,39.6
IN-2017-BT1148566-42945,Brad Thomas,"HP Personal Copier, Digital",Eastern Asia,247.86,27.24
IN-2017-LD1700558-43016,Lisa DeCherney,"Ikea Stackable Bookrack, Pine",Southern Asia,247.86,59.46
IN-2015-RC19825102-42184,Roy Collins,"Tenex Clock, Durable",Southeastern Asia,248.22,56.07
IN-2016-BT1168027-42526,Brian Thompson,"Dania Stackable Bookrack, Pine",Eastern Asia,248.22,96.78
IN-2014-MJ1774027-41917,Max Jones,"Rogers Shelving, Blue",Eastern Asia,248.52,104.28
ID-2015-PK18910118-42218,Paul Knutson,"Rogers Trays, Industrial",Eastern Asia,248.64,-79.68
IN-2016-GM1444058-42714,Gary McGarr,"Rogers Trays, Industrial",Southern Asia,248.64,84.48
IN-2016-SC2069558-42497,Steve Chapman,"Rogers Shelving, Single Width",Southern Asia,248.64,109.32
SA-2017-JO5550110-42989,Jesus Ocampo,"Rogers Shelving, Single Width",Western Asia,248.64,19.8
IN-2017-KW1657027-42917,Kelly Williams,"Sharp Ink, Laser",Eastern Asia,248.82,4.92
IN-2017-PL1892527-43010,Paul Lucas,"Ikea Corner Shelving, Pine",Eastern Asia,248.82,59.7
IN-2014-JS16030144-41823,Joy Smith,"Jiffy Interoffice Envelope, with clear poly window",Southeastern Asia,248.9004,35.9604
IN-2014-TS2134058-41891,Toby Swindell,"Apple Speaker Phone, Full Size",Southern Asia,249.18,59.76
IN-2016-PF1916558-42692,Philip Fox,"Apple Speaker Phone, Full Size",Southern Asia,249.18,59.76
IN-2017-AG1027027-43035,Alejandro Grove,"Apple Speaker Phone, Full Size",Eastern Asia,249.18,59.76
IN-2015-AF10870144-42272,Art Ferguson,"Tenex Photo Frame, Durable",Southeastern Asia,249.7257,51.2757
ID-2016-DO13435102-42616,Denny Ordway,"SAFCO Steel Folding Chair, Black",Southeastern Asia,249.84,69.84
IN-2015-LH1690058-42180,Lena Hernandez,"Jiffy Interoffice Envelope, with clear poly window",Southern Asia,249.9,72.45
IN-2017-GM1469558-42990,Greg Maxwell,"Cisco Office Telephone, Cordless",Southern Asia,249.93,59.94
ID-2014-PG1882059-41965,Patrick Gardner,"Office Star Swivel Stool, Black",Southeastern Asia,250.4046,47.9646
IZ-2017-BP115561-42839,Becky Pak,"Stanley Pencil Sharpener, Water Color",Western Asia,250.5,15
IN-2016-SG2047027-42617,Sheri Gordon,"Hon Steel Folding Chair, Set of Two",Eastern Asia,251.01,122.94
IN-2017-NL1831078-42955,Nancy Lomonaco,"Tenex Clock, Black",Southeastern Asia,251.25,42.6
IN-2014-AS10045113-41954,Aaron Smayling,"Green Bar Message Books, 8.5 x 11",Southeastern Asia,251.37,27.54
IN-2015-RW1954027-42066,Rick Wilson,"Deflect-O Clock, Black",Eastern Asia,251.55,17.55
IN-2016-KT1646558-42633,Kean Takahito,"Tenex Clock, Duo Pack",Southern Asia,251.55,98.1
IN-2017-RH1951058-42864,Rick Huthwaite,"Deflect-O Clock, Black",Southern Asia,251.55,17.55
IN-2014-SN2056058-41862,Skye Norling,"Belkin Flash Drive, Bluetooth",Southern Asia,251.64,72.9
IN-2016-BG11035113-42657,Barry Gonzalez,"Belkin Keyboard, Bluetooth",Southeastern Asia,251.64,12.51
IN-2014-Co1264066-41911,Corey-Lock,"Hon Steel Folding Chair, Adjustable",Eastern Asia,251.73,123.3
IN-2014-LT1711059-41677,Liz Thompson,"Cisco Signal Booster, with Caller ID",Southeastern Asia,252.0378,6.0378
IN-2017-ME1732027-43014,Maria Etezadi,"Sauder 3-Shelf Cabinet, Pine",Eastern Asia,252.045,-191.565
IS-2015-DV304563-42157,Darrin Van Huff,"Apple Speaker Phone, Cordless",Western Asia,252.3,55.5
IN-2015-MP1817511-42192,Mike Pelletier,"Eldon Stacking Tray, Duo Pack",Southern Asia,252.48,20.16
IN-2017-MC1757558-42919,Matt Collins,"SanDisk Mouse, Erganomic",Southern Asia,252.84,68.25
IN-2015-MM1726058-42027,Magdelene Morse,"Bush Corner Shelving, Mobile",Southern Asia,253.02,5.04
ID-2017-AH1019597-42887,Alan Haines,"StarTech Printer, Red",Southern Asia,253.32,-233.1
IN-2014-JF15565102-41851,Jill Fjeld,"Safco Library with Doors, Traditional",Southeastern Asia,253.3635,-35.0865
IN-2016-CL1270027-42651,Craig Leslie,"Fiskars Trimmer, High Speed",Eastern Asia,253.8,73.44
IN-2017-HJ1487527-43064,Heather Jas,"Eldon File Cart, Blue",Eastern Asia,253.92,68.52
IN-2014-TG2131027-41684,Toby Gnade,"Sanford Canvas, Easy-Erase",Eastern Asia,253.95,76.05
AJ-2015-SG108909-42310,Susan Gilcrest,"SanDisk Router, Erganomic",Western Asia,254.16,101.64
IN-2017-RC1996027-42958,Ryan Crowe,"SanDisk Router, Erganomic",Eastern Asia,254.16,40.65
IZ-2017-VD1167061-43040,Valerie Dominguez,"SanDisk Router, Erganomic",Western Asia,254.16,101.64
IN-2014-SC2077058-41986,Stewart Carmichael,"Cardinal 3-Hole Punch, Clear",Southern Asia,254.34,106.65
TU-2016-PK9075134-42553,Pete Kriz,"Samsung Smart Phone, VoIP",Western Asia,254.496,-362.664
ID-2014-DK13090130-41985,Dave Kipp,"Breville Toaster, Red",Southeastern Asia,254.6772,-30.8028
IN-2014-DR1288027-41872,Dan Reichenbach,"Panasonic Phone, Durable",Eastern Asia,254.88,40.77
IZ-2016-MS771061-42687,Maurice Satty,"Smead File Cart, Blue",Western Asia,254.94,2.52
TU-2017-GM4455134-42892,Gary Mitchum,"Nokia Smart Phone, Full Size",Western Asia,254.94,-312.33
IN-2017-SC2002027-42974,Sam Craven,"Deflect-O Door Stop, Erganomic",Eastern Asia,255.42,119.88
TU-2015-JF5355134-42240,Jay Fein,"Nokia Smart Phone, with Caller ID",Western Asia,255.564,-153.366
IZ-2017-LC714061-43084,Logan Currie,"Eldon File Cart, Industrial",Western Asia,255.78,30.66
SA-2016-Dl3600110-42634,Dorris liebe,"Eldon File Cart, Single Width",Western Asia,255.84,46.02
IR-2014-BT153060-41665,Bradley Talbott,"Enermax Router, Erganomic",Southern Asia,256.14,102.45
UZ-2017-NF8475142-42986,Neil Französisch,"Enermax Router, Erganomic",Central Asia,256.14,102.45
IN-2014-KL1655527-41931,Kelly Lampkin,"Stiletto Trimmer, High Speed",Eastern Asia,256.5,48.6
LE-2016-PT909071-42519,Pete Takahito,"SanDisk Router, USB",Western Asia,256.56,107.73
IN-2017-DK1289559-43015,Dana Kaydos,"Breville Coffee Grinder, Red",Southeastern Asia,256.719,46.269
ID-2014-DR12940118-41679,Daniel Raglin,"Eldon File Cart, Single Width",Eastern Asia,256.74,-205.5
IR-2015-LH675060-42243,Larry Hughes,"Smead File Cart, Industrial",Southern Asia,256.8,71.88
TU-2014-CG2040134-41834,Catherine Glotzbach,"Motorola Smart Phone, Full Size",Western Asia,257.076,-141.414
IN-2015-JO1555027-42301,Jesus Ocampo,"Acco Binding Machine, Recycled",Eastern Asia,257.25,69.45
IN-2015-SC2023058-42245,Scot Coram,"Acco Binding Machine, Recycled",Southern Asia,257.25,69.45
ID-2016-CT11995118-42541,Carol Triggs,"Smead File Cart, Single Width",Eastern Asia,257.76,-149.52
ID-2014-CM12160118-41688,Charles McCrossin,"SanDisk Router, Programmable",Eastern Asia,257.85,-165.03
IN-2014-SC20095127-41770,Sanjit Chand,"Advantus Photo Frame, Erganomic",Eastern Asia,258,110.85
IN-2017-BS1136558-43100,Bill Shonely,"Kleencut Letter Opener, Easy Grip",Southern Asia,258.12,92.88
ID-2015-SH20395102-42301,Shahid Hopkins,"Enermax Numeric Keypad, Erganomic",Southeastern Asia,258.852,-0.108
IZ-2017-BF127561-42972,Beth Fritzler,"Belkin Router, USB",Western Asia,258.96,121.71
IN-2017-BD1177027-42991,Bryan Davis,"Rubbermaid Photo Frame, Duo Pack",Eastern Asia,259.05,124.2
IN-2016-SP20920130-42708,Susan Pistek,"Harbour Creations Swivel Stool, Black",Southeastern Asia,259.4274,74.6274
IN-2015-MH18115102-42171,Mick Hernandez,"Okidata Card Printer, Red",Southeastern Asia,259.47,34.59
ID-2017-DN1369059-43028,Duane Noonan,"Stanley Sketch Pad, Blue",Southeastern Asia,259.4712,49.7112
ID-2015-TG21640102-42238,Trudy Glocke,"Office Star Bag Chairs, Set of Two",Southeastern Asia,259.605,72.585
ID-2017-EK1379588-42890,Eileen Kiefer,"Dania Classic Bookcase, Mobile",Southeastern Asia,260.3664,-132.2736
IN-2016-GH14665127-42625,Greg Hansen,"Acme Box Cutter, Steel",Eastern Asia,260.4,31.08
ID-2017-SG2089097-42816,Susan Gilcrest,"Samsung Headset, Full Size",Southern Asia,260.715,-177.345
IN-2014-PR1888058-41743,Patrick Ryan,"Hon Rocking Chair, Red",Southern Asia,261.24,101.88
IN-2015-CS1213066-42231,Chad Sievert,"Motorola Speaker Phone, Full Size",Eastern Asia,262.14,73.38
IR-2015-LW699060-42306,Lindsay Williams,"Canon Copy Machine, Laser",Southern Asia,262.14,23.58
IN-2016-CJ1187559-42715,Carl Jackson,"Brother Personal Copier, High-Speed",Southeastern Asia,262.4274,101.5674
IN-2014-MH1744058-41776,Mark Haberlin,"Green Bar Cards & Envelopes, 8.5 x 11",Southern Asia,262.65,31.5
IN-2016-FP1432027-42422,Frank Preis,"Novimex Rocking Chair, Red",Eastern Asia,262.86,21
ID-2014-VF21715102-41852,Vicky Freymann,"Konica Card Printer, Durable",Southeastern Asia,262.935,-66.645
IN-2014-NC1841527-41896,Nathan Cano,"Fiskars Trimmer, Easy Grip",Eastern Asia,263.52,60.48
IS-2016-HA492063-42735,Helen Andreada,"Canon Copy Machine, Color",Western Asia,263.58,65.88
ID-2017-VP2176088-42813,Victoria Pisteka,"Hon Bag Chairs, Red",Southeastern Asia,263.676,57.756
ID-2017-HL1504097-42863,Hunter Lopez,"Brother Copy Machine, Color",Southern Asia,263.73,-179.37
SA-2017-TT11220110-42809,Thomas Thornton,"Brother Copy Machine, Color",Western Asia,263.73,113.4
ID-2017-SR20425118-42966,Sharelle Roach,"Rubbermaid Frame, Black",Eastern Asia,263.736,23.076
ID-2017-TB2152059-42965,Tracy Blumstein,"Boston Sketch Pad, Water Color",Southeastern Asia,264.5958,-58.1742
IN-2016-TS2165527-42664,Trudy Schmidt,"Advantus Photo Frame, Black",Eastern Asia,264.9,113.85
IR-2016-JP546060-42659,Jennifer Patt,"Panasonic Printer, White",Southern Asia,264.9,58.26
IN-2016-AC1045059-42519,Amy Cox,"Ikea 3-Shelf Cabinet, Traditional",Southeastern Asia,264.9384,99.6984
IN-2016-PM1913527-42527,Peter McVee,"SAFCO Rocking Chair, Black",Eastern Asia,264.96,10.56
IN-2017-AP1091558-43024,Arthur Prichep,"SAFCO Rocking Chair, Black",Southern Asia,264.96,10.56
IN-2014-BW1120059-41886,Ben Wallace,"Hewlett Personal Copier, High-Speed",Southeastern Asia,264.9942,-17.1258
IN-2014-RE1945058-41806,Richard Eichhorn,"Motorola Speaker Phone, Cordless",Southern Asia,265.26,13.26
IN-2015-SC2005066-42147,Sample Company A,"Motorola Speaker Phone, Cordless",Eastern Asia,265.26,13.26
IR-2016-JG516060-42451,James Galang,"Hon Rocking Chair, Set of Two",Southern Asia,265.74,77.04
IZ-2014-CV229561-41858,Christina VanderZanden,"Hon Rocking Chair, Set of Two",Western Asia,265.74,77.04
IN-2017-DW1348058-43035,Dianna Wilson,"Hon Rocking Chair, Adjustable",Southern Asia,266.22,69.18
IN-2017-LC1714058-43087,Logan Currie,"Hon Rocking Chair, Adjustable",Southern Asia,266.22,69.18
IN-2014-BS11755113-41791,Bruce Stewart,"Tenex File Cart, Blue",Southeastern Asia,266.4,122.52
IS-2017-DK283563-42764,Damala Kotsonis,"Tenex File Cart, Blue",Western Asia,266.4,47.94
SA-2017-DK3225110-42850,Dean Katz,"Tenex File Cart, Blue",Western Asia,266.4,47.94
IR-2014-EH394560-41914,Eric Hoffmann,"Stanley Sketch Pad, Blue",Southern Asia,266.58,87.84
ID-2017-CJ1187597-42878,Carl Jackson,"Sauder 3-Shelf Cabinet, Traditional",Southern Asia,266.688,-30.012
IN-2015-MB1808527-42313,Mick Brown,"Novimex Rocking Chair, Set of Two",Eastern Asia,267.36,117.6
TU-2014-PR8880134-41835,Patrick Ryan,"Hon Training Table, Adjustable Height",Western Asia,267.912,-127.308
IN-2017-DS1303058-42965,Darrin Sayre,"Cuisinart Blender, Red",Southern Asia,267.96,48.12
SA-2017-CK2325110-42904,Christine Kargatis,"Konica Printer, Durable",Western Asia,267.96,77.7
IN-2017-BF1102059-42988,Barry Französisch,"Canon Personal Copier, Color",Southeastern Asia,268.1748,17.2548
IR-2016-EB417060-42395,Evan Bailliet,"Tenex File Cart, Single Width",Southern Asia,268.32,24.12
TU-2017-DV3045134-43067,Darrin Van Huff,"Eldon Trays, Single Width",Western Asia,268.8,-181.44
TU-2015-SV10815134-42313,Stuart Van,"Nokia Audio Dock, Full Size",Western Asia,268.848,-289.032
IN-2015-KC1654027-42164,Kelly Collister,"Tenex File Cart, Single Width",Eastern Asia,269.22,78.06
IR-2016-KD649560-42387,Keith Dawkins,"Tenex File Cart, Single Width",Southern Asia,269.22,126.48
SA-2015-AR345110-42358,Alex Russell,"Tenex File Cart, Single Width",Western Asia,269.22,126.48
TU-2017-MP8175134-42850,Mike Pelletier,"SanDisk Memory Card, Bluetooth",Western Asia,269.784,-317.016
IN-2015-MG1765027-42188,Matthew Grinstein,"SAFCO Rocking Chair, Red",Eastern Asia,269.82,78.24
TU-2014-CS1845134-41965,Cari Sayre,"Safco 3-Shelf Cabinet, Traditional",Western Asia,270.144,-209.376
IN-2017-BN1151558-43025,Bradley Nguyen,"Lesro Training Table, Fully Assembled",Southern Asia,270.27,10.8
TU-2016-TB11250134-42580,Tim Brockman,"Belkin Memory Card, Erganomic",Western Asia,270.288,-67.572
IN-2016-SR2074027-42498,Steven Roelle,"Cuisinart Blender, Silver",Eastern Asia,270.96,62.28
IN-2014-HF1499559-41981,Herbert Flentye,"Bush 3-Shelf Cabinet, Mobile",Southeastern Asia,271.3554,17.4954
IN-2015-RM1937558-42017,Raymond Messe,"Green Bar Note Cards, Multicolor",Southern Asia,271.44,62.4
ID-2016-CS1184559-42525,Cari Sayre,"SanDisk Router, Bluetooth",Southeastern Asia,271.731,-61.569
IZ-2017-DO364561-43059,Doug O'Connell,"Samsung Office Telephone, Cordless",Western Asia,272.28,40.8
IR-2017-LW699060-42996,Lindsay Williams,"Kleencut Box Cutter, Steel",Southern Asia,272.4,43.44
IN-2015-JF1549058-42289,Jeremy Farry,"Apple Office Telephone, Cordless",Southern Asia,272.52,128.04
IN-2014-MM18280102-41817,Muhammed MacIntyre,"Deflect-O Photo Frame, Duo Pack",Southeastern Asia,272.79,32.55
ID-2015-GR1456059-42050,Georgia Rosenberg,"Hewlett Ink, High-Speed",Southeastern Asia,273.1968,-14.7432
ID-2016-JS1603058-42714,Joy Smith,"Harbour Creations Swivel Stool, Adjustable",Southern Asia,273.915,-241.065
IN-2017-MK1816059-42905,Mike Kennedy,"BIC Canvas, Blue",Southeastern Asia,274.407,-94.143
ID-2015-MC1760559-42112,Matt Connell,"Bevis Round Table, with Bottom Storage",Southeastern Asia,274.6407,-207.2793
IN-2014-AY1055558-41802,Andy Yotov,"Fellowes File Cart, Single Width",Southern Asia,274.68,137.34
IZ-2015-RM975061-42251,Roland Murray,"SAFCO Rocking Chair, Adjustable",Western Asia,274.8,98.88
IN-2017-BK1126059-43053,Berenike Kampe,"Sharp Fax Machine, Laser",Southeastern Asia,274.9545,-0.0255
IN-2017-DJ1363027-42856,Doug Jacobs,"Office Star Steel Folding Chair, Red",Eastern Asia,275.13,16.47
ID-2014-TB2140059-41988,Tom Boeckenhauer,"Enermax Router, Programmable",Southeastern Asia,275.4198,-93.5802
ID-2014-DS1303097-41747,Darrin Sayre,"Fellowes File Cart, Industrial",Southern Asia,275.58,-231.54
TU-2017-AD180134-43095,Alan Dominguez,"Konica Card Printer, Red",Western Asia,275.712,-255.048
IN-2016-JS16030130-42653,Joy Smith,"Sauder Classic Bookcase, Mobile",Southeastern Asia,276.2613,-109.6287
IN-2017-GR1456088-42816,Georgia Rosenberg,"Eldon Stacking Tray, Duo Pack",Southeastern Asia,276.4656,-72.0144
IN-2015-SC2069559-42263,Steve Chapman,"Sauder Corner Shelving, Pine",Southeastern Asia,276.489,32.649
ID-2017-BT1168059-42745,Brian Thompson,"Nokia Audio Dock, VoIP",Southeastern Asia,276.9378,46.6578
SA-2017-TM11490110-43045,Tony Molinari,"Cisco Speaker Phone, with Caller ID",Western Asia,276.96,11.04
IN-2014-DK13090130-41989,Dave Kipp,"Apple Audio Dock, with Caller ID",Southeastern Asia,277.0374,19.9974
TU-2014-BM1140134-41875,Becky Martin,"Epson Receipt Printer, White",Western Asia,277.056,-117.864
IN-2016-AB1016558-42711,Alan Barnes,"Cameo Interoffice Envelope, Recycled",Southern Asia,277.38,102.6
IN-2017-BT1148558-42860,Brad Thomas,"SanDisk Numeric Keypad, Bluetooth",Southern Asia,277.8,130.5
IN-2014-TC2114527-41908,Theresa Coyne,"GlobeWeis Peel and Seal, Set of 50",Eastern Asia,278.07,74.88
IN-2014-DB1366027-41677,Duane Benoit,"Hoover Coffee Grinder, Silver",Eastern Asia,278.16,133.44
TU-2016-JF5565134-42549,Jill Fjeld,"Panasonic Card Printer, Durable",Western Asia,278.304,-278.376
IN-2014-PW1903088-41658,Pauline Webber,"Brother Ink, Laser",Southeastern Asia,278.397,-106.083
IS-2017-MO780063-43086,Meg O'Connel,"Cuisinart Microwave, Red",Western Asia,278.46,75.18
ID-2017-KB1624078-42795,Karen Bern,"Jiffy Interoffice Envelope, Set of 50",Southeastern Asia,278.64,55.62
IN-2016-TR2132558-42535,Toby Ritter,"Jiffy Interoffice Envelope, Set of 50",Southern Asia,278.64,55.62
IN-2014-VD2167059-41999,Valerie Dominguez,"Sauder Corner Shelving, Mobile",Southeastern Asia,278.6652,-12.0348
IN-2015-LS1720058-42016,Luke Schmidt,"Nokia Signal Booster, Cordless",Southern Asia,278.7,52.92
IZ-2015-JP546061-42174,Jennifer Patt,"Nokia Signal Booster, Cordless",Western Asia,278.7,83.58
ID-2014-AA10315102-41823,Alex Avila,"Fiskars Trimmer, Serrated",Southeastern Asia,278.85,-141.96
IN-2016-SR2074059-42541,Steven Roelle,"Nokia Audio Dock, Full Size",Southeastern Asia,278.9298,47.0298
IN-2015-DS13030102-42188,Darrin Sayre,"Harbour Creations Chairmat, Adjustable",Southeastern Asia,279.3375,70.6875
IN-2015-SH1997527-42295,Sally Hughsby,"Eaton Cards & Envelopes, Multicolor",Eastern Asia,279.54,69.84
IN-2016-FA1423058-42538,Frank Atkinson,"Cisco Speaker Phone, Full Size",Southern Asia,279.54,58.68
SA-2017-DL2925110-42945,Daniel Lacy,"Cisco Speaker Phone, Full Size",Western Asia,279.54,95.04
ID-2014-SV20935102-41995,Susan Vittorini,"SanDisk Router, Erganomic",Southeastern Asia,279.576,-147.444
IN-2015-JH1618058-42338,Justin Hirsh,"Memorex Numeric Keypad, Erganomic",Southern Asia,280.26,128.88
IN-2015-JF1541559-42217,Jennifer Ferguson,"HP Fax Machine, Color",Southeastern Asia,280.2834,72.3234
ID-2017-LS1720059-43039,Luke Schmidt,"Hon Rocking Chair, Black",Southeastern Asia,280.7361,-15.4539
ID-2017-CD11920102-43016,Carlos Daly,"Canon Personal Copier, Color",Southeastern Asia,281.151,-95.229
IN-2017-DS1318027-42982,David Smith,"Rogers File Cart, Blue",Eastern Asia,281.34,104.04
IN-2017-FA14230113-43078,Frank Atkinson,"Rogers File Cart, Blue",Southeastern Asia,281.34,104.04
IN-2017-MM1792058-43030,Michael Moore,"Dania 3-Shelf Cabinet, Metal",Southern Asia,281.82,98.58
IZ-2015-LC687061-42185,Lena Cacioppo,"Hamilton Beach Microwave, Black",Western Asia,281.94,28.17
ID-2015-EM1396059-42078,Eric Murdock,"Panasonic Phone, Durable",Southeastern Asia,282.0672,-3.4128
IN-2015-RS1987027-42093,Roy Skaria,"Brother Personal Copier, High-Speed",Eastern Asia,282.18,121.32
IN-2014-SB2018559-41887,Sarah Brown,"Novimex Bag Chairs, Adjustable",Southeastern Asia,282.948,61.908
UZ-2016-NR8550142-42554,Nick Radford,"Rogers File Cart, Industrial",Central Asia,283.2,48.12
ID-2014-MK18160118-41943,Mike Kennedy,"Rogers File Cart, Single Width",Eastern Asia,283.26,-181.38
IN-2017-CY1274527-42917,Craig Yedwab,"Hamilton Beach Microwave, Silver",Eastern Asia,283.26,113.28
IN-2016-JM1526527-42716,Janet Molinari,"Tenex Clock, Durable",Eastern Asia,283.68,118.98
IN-2017-PS1876058-43071,Pamela Stobb,"Stiletto Shears, Steel",Southern Asia,284.94,28.44
ID-2017-AG1049597-42924,Andrew Gjertsen,"KitchenAid Stove, Red",Southern Asia,285.075,-159.645
IN-2014-PO1886511-41671,Patrick O'Donnell,"Brother Personal Copier, Laser",Southern Asia,285.78,71.4
IN-2016-TC2147558-42484,Tony Chapman,"Motorola Signal Booster, with Caller ID",Southern Asia,286.26,19.98
ID-2015-HM14860102-42278,Harry Marie,"Sauder Stackable Bookrack, Mobile",Southeastern Asia,286.299,-83.691
IN-2016-ER1385527-42674,Elpida Rittenbach,"Office Star Rocking Chair, Set of Two",Eastern Asia,286.32,57.24
IN-2017-SB2029058-42916,Sean Braxton,"Office Star Rocking Chair, Set of Two",Southern Asia,286.32,57.24
IN-2016-LH1690058-42612,Lena Hernandez,"Acme Letter Opener, Easy Grip",Southern Asia,286.47,117.45
ID-2016-NC1834097-42710,Nat Carroll,"Enermax Memory Card, USB",Southern Asia,286.5,-194.85
ID-2017-GT14635118-42814,Grant Thornton,"Hewlett Fax and Copier, High-Speed",Eastern Asia,286.605,-68.805
IN-2014-PG1889527-41972,Paul Gonzalez,"Ames Mailers, Set of 50",Eastern Asia,286.8,137.52
IN-2017-CS1225078-43025,Chris Selesnick,"Fellowes Trays, Single Width",Southeastern Asia,287.1,129.15
IN-2017-PG1882027-42830,Patrick Gardner,"SanDisk Flash Drive, Programmable",Eastern Asia,287.28,48.72
ID-2014-MD1786059-41696,Michael Dominguez,"Epson Receipt Printer, White",Southeastern Asia,287.4456,-45.1044
IN-2016-DL1333066-42501,Denise Leinenbach,"Elite Trimmer, Steel",Eastern Asia,287.49,114.87
IR-2016-JP546060-42681,Jennifer Patt,"Rogers Box, Blue",Southern Asia,287.64,5.4
IN-2015-SV2081558-42092,Stuart Van,"Dania 3-Shelf Cabinet, Mobile",Southern Asia,287.94,0
IN-2017-DB1361558-42955,Doug Bickford,"Dania 3-Shelf Cabinet, Mobile",Southern Asia,287.94,0
IR-2016-EJ372060-42638,Ed Jacobs,"Dania 3-Shelf Cabinet, Mobile",Southern Asia,287.94,20.1
IN-2016-VF2171566-42610,Vicky Freymann,"Eldon Trays, Single Width",Eastern Asia,288,20.16
IZ-2014-SH997561-41803,Sally Hughsby,"Canon Personal Copier, Color",Western Asia,288.36,14.4
IN-2017-ML1775511-42738,Max Ludwig,"Hewlett Personal Copier, Laser",Southern Asia,288.54,11.52
IN-2017-PN1877558-42959,Parhena Norris,"Motorola Signal Booster, Full Size",Southern Asia,288.84,37.5
IN-2016-SG2047058-42717,Sheri Gordon,"Hon Chairmat, Set of Two",Southern Asia,288.9,127.05
IN-2015-MY1738058-42275,Maribeth Yedwab,"Harbour Creations Rocking Chair, Black",Southern Asia,289.32,49.14
IN-2017-JO1514558-42954,Jack O'Briant,"Harbour Creations Rocking Chair, Black",Southern Asia,289.32,49.14
IN-2017-LA1678027-42956,Laura Armstrong,"Fellowes Trays, Industrial",Eastern Asia,289.35,54.9
IN-2017-SJ2021527-42769,Sarah Jordon,"Ikea 3-Shelf Cabinet, Mobile",Eastern Asia,289.92,40.56
IN-2017-MF1825027-42890,Monica Federle,"Smead Trays, Single Width",Eastern Asia,291.06,52.38
IR-2016-BD163560-42702,Brian Derr,"Smead Trays, Single Width",Southern Asia,291.06,93.06
IN-2015-MM1828058-42273,Muhammed MacIntyre,"Hewlett Personal Copier, Color",Southern Asia,291.42,131.1
TU-2015-RH9510134-42133,Rick Huthwaite,"Ikea Library with Doors, Pine",Western Asia,291.792,-196.968
ID-2017-MZ1751578-43056,Mary Zewe,"Motorola Office Telephone, Full Size",Southeastern Asia,292.2,119.76
IN-2015-EL1373558-42139,Ed Ludwig,"Motorola Office Telephone, Full Size",Southern Asia,292.2,119.76
ID-2017-NM18445118-42804,Nathan Mautz,"Nokia Headset, with Caller ID",Eastern Asia,292.44,-81.96
IN-2016-TS2143059-42632,Tom Stivers,"Motorola Audio Dock, Cordless",Southeastern Asia,292.5252,14.0652
ID-2016-KS16300102-42660,Karen Seio,"Hewlett Ink, Color",Southeastern Asia,292.734,-135.126
IN-2017-EM1396059-42879,Eric Murdock,"Novimex Rocking Chair, Set of Two",Southeastern Asia,292.7592,68.1192
IN-2015-TP2156527-42306,Tracy Poddar,"Apple Headset, with Caller ID",Eastern Asia,293.04,40.92
IN-2017-AJ1079558-43038,Anthony Johnson,"Apple Headset, VoIP",Southern Asia,293.4,8.76
SA-2015-JP5460110-42197,Jennifer Patt,"Eldon Shelving, Industrial",Western Asia,293.4,8.64
IN-2016-EP1391527-42631,Emily Phan,"Sauder Corner Shelving, Metal",Eastern Asia,293.52,129.12
IN-2017-KM1666078-43052,Khloe Miller,"Smead Shelving, Blue",Southeastern Asia,293.58,129.06
IN-2017-MH1778559-43100,Maya Herman,"Cisco Headset, with Caller ID",Southeastern Asia,293.6208,88.4208
IN-2016-KN1645027-42461,Kean Nguyen,"Brother Ink, Digital",Eastern Asia,293.88,144
ID-2015-GZ14470102-42229,Gary Zandusky,"Safco Corner Shelving, Pine",Southeastern Asia,294.0795,-85.9905
IN-2016-RS1942090-42562,Ricardo Sperren,"Harbour Creations Rocking Chair, Red",Southern Asia,294.18,76.44
IN-2017-JW1607558-42744,Julia West,"Canon Ink, Laser",Southern Asia,294.3,135.36
IN-2017-PF1922527-43098,Phillip Flathmann,"Canon Ink, Laser",Eastern Asia,294.3,135.36
TX-2016-BT1485135-42708,Brad Thomas,"Hon Swivel Stool, Red",Central Asia,294.57,-540.09
IN-2015-Co1264027-42238,Corey-Lock,"Sauder Corner Shelving, Traditional",Eastern Asia,294.6,106.02
IZ-2017-KB660061-43037,Ken Brennan,"Xerox Cards & Envelopes, 8.5 x 11",Western Asia,294.66,46.98
IN-2017-DK1289578-43029,Dana Kaydos,"Stiletto Trimmer, Steel",Southeastern Asia,295.05,123.9
ID-2015-DK1283597-42168,Damala Kotsonis,"Eldon Lockers, Wire Frame",Southern Asia,295.47,-41.4
IR-2016-HJ487560-42500,Heather Jas,"Sharp Fax Machine, Laser",Southern Asia,295.65,26.58
TU-2016-MG7680134-42637,Maureen Gastineau,"Nokia Speaker Phone, VoIP",Western Asia,295.776,-421.524
TU-2015-LS6945134-42190,Linda Southworth,"Apple Speaker Phone, with Caller ID",Western Asia,295.92,-259.02
IN-2015-JW1522066-42140,Jane Waco,"Harbour Creations Bag Chairs, Black",Eastern Asia,295.95,144.9
IN-2016-KT1646527-42542,Kean Takahito,"Harbour Creations Bag Chairs, Black",Eastern Asia,295.95,144.9
IN-2017-GT1475558-42759,Guy Thornton,"Sauder Stackable Bookrack, Pine",Southern Asia,296.34,142.2
IR-2016-EL373560-42665,Ed Ludwig,"Sauder Stackable Bookrack, Pine",Southern Asia,296.34,106.68
ID-2017-CL1189097-42973,Carl Ludwig,"Hewlett Ink, Digital",Southern Asia,296.64,-59.4
SA-2014-MH8115110-41908,Mick Hernandez,"Stanley Canvas, Blue",Western Asia,296.82,47.34
IN-2014-EA1403527-41691,Erin Ashbrook,"Canon Ink, Color",Eastern Asia,297.18,56.46
ID-2016-EH1418559-42713,Evan Henry,"Hon Steel Folding Chair, Red",Southeastern Asia,297.183,44.733
ID-2017-TH2123597-42874,Tiffany House,"Enermax Keyboard, Programmable",Southern Asia,297.36,-119.07
IN-2017-LS1697558-42850,Lindsay Shagiari,"Nokia Headset, Full Size",Southern Asia,297.6,92.16
IN-2017-PS1897058-42848,Paul Stevenson,"Apple Headset, Full Size",Southern Asia,298.2,116.28
ID-2017-KE1642078-42874,Katrina Edelman,"StarTech Phone, Durable",Southeastern Asia,298.56,14.88
IN-2014-GH1442527-41756,Gary Hwang,"Hamilton Beach Coffee Grinder, Red",Eastern Asia,298.62,44.73
IN-2014-JK16090113-41960,Juliana Krohn,"Hamilton Beach Coffee Grinder, Red",Southeastern Asia,298.62,44.73
IR-2016-SP1065060-42615,Stephanie Phelps,"Cardinal Binding Machine, Economy",Southern Asia,298.62,83.52
IZ-2015-PB915061-42294,Philip Brown,"Sauder Stackable Bookrack, Pine",Western Asia,298.68,113.46
IN-2014-GG1465027-41853,Greg Guthrie,"Green Bar Cards & Envelopes, Multicolor",Eastern Asia,298.8,26.82
IZ-2015-BS138061-42195,Bill Stewart,"Green Bar Cards & Envelopes, Multicolor",Western Asia,298.8,35.82
IN-2017-DB1336078-42857,Dennis Bolton,"Hon Bag Chairs, Black",Southeastern Asia,299.04,2.94
IN-2017-MG1769527-43100,Maureen Gnade,"Memorex Memory Card, Erganomic",Eastern Asia,300.24,84.06
IN-2014-RD1990058-41688,Ruben Dartt,"Harbour Creations Steel Folding Chair, Set of Two",Southern Asia,300.42,18
ID-2014-DV1346559-41993,Dianna Vittorini,"Panasonic Receipt Printer, Wireless",Southeastern Asia,301.041,-39.969
IN-2017-SS2059058-42846,Sonia Sunley,"StarTech Inkjet, Wireless",Southern Asia,301.89,3
IN-2017-TB2159527-43017,Troy Blackwell,"Dania Stackable Bookrack, Traditional",Eastern Asia,302.625,-36.375
IN-2016-JC1538558-42546,Jenna Caffey,"Safco Stackable Bookrack, Pine",Southern Asia,303,60.6
IN-2015-BT11680144-42176,Brian Thompson,"Office Star Rocking Chair, Black",Southeastern Asia,303.2712,37.3212
IN-2014-KM1637566-41936,Katherine Murray,"Cisco Signal Booster, with Caller ID",Eastern Asia,303.66,57.66
IZ-2015-CP234061-42020,Christine Phan,"Cisco Signal Booster, VoIP",Western Asia,303.84,18.18
IR-2015-AH58560-42321,Angele Hood,"Breville Toaster, Black",Southern Asia,304.56,88.32
IN-2014-FO1430578-41680,Frank Olsen,"Novimex Bag Chairs, Black",Southeastern Asia,304.71,2.94
IN-2017-Co1264027-43065,Corey-Lock,"Novimex Bag Chairs, Black",Eastern Asia,304.71,2.94
IN-2016-LH1690059-42489,Lena Hernandez,"Rogers Shelving, Wire Frame",Southeastern Asia,304.776,43.956
IN-2017-KD1634578-42891,Katherine Ducich,"Enermax Mouse, Erganomic",Southeastern Asia,304.8,103.44
IN-2017-SP20620102-42750,Stefania Perrino,"Eldon Photo Frame, Duo Pack",Southeastern Asia,305.3925,8.0325
TU-2016-RM9675134-42388,Robert Marley,"Eldon File Cart, Single Width",Western Asia,307.008,-322.452
IN-2016-AH10585130-42496,Angele Hood,"HP Copy Machine, High-Speed",Southeastern Asia,307.0494,-73.1106
IN-2016-HJ1487527-42624,Heather Jas,"Memorex Memory Card, USB",Eastern Asia,307.44,129.06
ID-2016-CK12205102-42681,Chloris Kastensmidt,"Panasonic Phone, Red",Southeastern Asia,307.4625,12.2625
TU-2017-TD10995134-42799,Tamara Dahlen,"Hon Rocking Chair, Black",Western Asia,307.656,-169.344
ID-2016-TC21295102-42640,Toby Carlisle,"Advantus Clock, Duo Pack",Southeastern Asia,308.7,-41.22
IR-2017-SW1045560-42794,Shaun Weien,"Acco Binding Machine, Recycled",Southern Asia,308.7,77.04
ID-2017-CM12160118-42973,Charles McCrossin,"Cisco Headset, with Caller ID",Eastern Asia,309.54,-49.56
IR-2014-PO885060-41671,Patrick O'Brill,"Advantus Photo Frame, Erganomic",Southern Asia,309.6,148.5
IN-2017-HG1502527-43010,Hunter Glantz,"Logitech Memory Card, Bluetooth",Eastern Asia,310.14,43.38
IN-2017-LR1691527-42857,Lena Radford,"Rubbermaid Photo Frame, Black",Eastern Asia,310.5,49.68
IR-2016-DK337560-42528,Dennis Kane,"Okidata Inkjet, White",Southern Asia,311.25,40.44
ID-2017-SV1093559-43089,Susan Vittorini,"Safco Library with Doors, Metal",Southeastern Asia,311.4,-31.14
IN-2017-DW1319558-42967,David Wiener,"Tenex Photo Frame, Duo Pack",Southern Asia,311.4,111.96
IN-2015-GM14695102-42316,Greg Maxwell,"Office Star Rocking Chair, Black",Southeastern Asia,311.58,45.63
IN-2016-TB2162558-42455,Trudy Brown,"Deflect-O Photo Frame, Duo Pack",Southern Asia,311.76,105.84
ID-2017-CC12430102-43053,Chuck Clark,"Cisco Speaker Phone, VoIP",Southeastern Asia,311.7825,-45.7875
IZ-2015-CS246061-42063,Chuck Sachs,"Panasonic Inkjet, Wireless",Western Asia,312.09,21.84
ID-2017-AS1009058-43047,Adam Shillingsburg,"Bush Stackable Bookrack, Pine",Southern Asia,312.15,-87.45
ID-2014-SA20830118-41979,Sue Ann Reed,"Bevis Round Table, Adjustable Height",Eastern Asia,312.228,-780.642
IN-2015-AM1036059-42139,Alice McCarthy,"Binney & Smith Sketch Pad, Fluorescent",Southeastern Asia,312.6006,4.2606
TU-2014-MO7800134-41965,Meg O'Connel,"Safco Library with Doors, Pine",Western Asia,312.912,-78.228
ID-2016-SJ2021559-42470,Sarah Jordon,"Nokia Speaker Phone, Cordless",Southeastern Asia,313.74,15.12
IN-2014-YC2189559-41985,Yoseph Carroll,"Samsung Speaker Phone, Cordless",Southeastern Asia,313.9641,86.9841
IN-2015-CV1229559-42252,Christina VanderZanden,"Samsung Speaker Phone, Cordless",Southeastern Asia,313.9641,86.9841
IN-2014-AR10345144-41799,Alex Russell,"Sauder 3-Shelf Cabinet, Metal",Southeastern Asia,314.0046,39.8646
IN-2016-RB1943558-42574,Richard Bierner,"Xerox Cards & Envelopes, Recycled",Southern Asia,314.16,94.08
TX-2017-KT6480135-42884,Kean Thornton,"Hoover Refrigerator, White",Central Asia,314.64,-524.4
IN-2016-PS19045144-42520,Penelope Sewall,"Tenex Trays, Blue",Southeastern Asia,314.9601,102.4401
IN-2016-EH1418559-42555,Evan Henry,"Dania Floating Shelf Set, Traditional",Southeastern Asia,314.991,125.271
IN-2016-TN2104058-42686,Tanja Norvell,"SanDisk Cards & Envelopes, 8.5 x 11",Southern Asia,315.36,15.66
ID-2015-TS21160102-42195,Theresa Swint,"Belkin Memory Card, USB",Southeastern Asia,316.305,-241.545
IN-2017-SS2051527-42766,Shirley Schmidt,"Advantus Stacking Tray, Durable",Eastern Asia,316.44,117
IN-2015-TD20995130-42339,Tamara Dahlen,"Rubbermaid Frame, Erganomic",Southeastern Asia,316.8492,13.0092
IS-2014-TG1164063-41901,Trudy Glocke,"Hon Coffee Table, Fully Assembled",Western Asia,317.37,107.88
ID-2015-BS1175559-42057,Bruce Stewart,"Smead File Cart, Blue",Southeastern Asia,317.4003,45.8703
TU-2014-VD11670134-41989,Valerie Dominguez,"Smead Lockers, Single Width",Western Asia,317.52,-119.16
IN-2017-BT1153027-43043,Bradley Talbott,"Memorex Numeric Keypad, Bluetooth",Eastern Asia,317.94,88.83
IN-2014-CR12625102-41816,Corey Roper,"Cisco Speaker Phone, Cordless",Southeastern Asia,317.9925,16.9425
IR-2014-AR51060-41887,Andrew Roberts,"Canon Fax Machine, Digital",Southern Asia,318.03,73.14
IR-2014-JK520560-41982,Jamie Kunitz,"Barricks Training Table, with Bottom Storage",Southern Asia,318.3,130.5
IR-2016-RW969060-42463,Robert Waldorf,"Barricks Training Table, with Bottom Storage",Southern Asia,318.3,130.5
IN-2017-BG1169559-43032,Brooke Gillingham,"Bush Floating Shelf Set, Traditional",Southeastern Asia,318.5622,68.4822
ID-2016-SV2078559-42562,Stewart Visinsky,"Memorex Numeric Keypad, USB",Southeastern Asia,319.2084,-186.8916
ID-2016-TH2155066-42646,Tracy Hopkins,"Stanley Sketch Pad, Fluorescent",Eastern Asia,319.83,131.04
ID-2017-JW1607578-42985,Julia West,"Tenex Frame, Durable",Southeastern Asia,321.03,73.8
IN-2017-KB1640559-43070,Katrina Bavinger,"Eldon Shelving, Blue",Southeastern Asia,321.5088,116.0688
ID-2017-TP21130130-42952,Theone Pippenger,"Safco 3-Shelf Cabinet, Pine",Southeastern Asia,321.6591,-132.7509
IN-2017-JS1559527-42942,Jill Stevenson,"Novimex Bag Chairs, Red",Eastern Asia,321.72,25.62
TX-2015-TM11490135-42323,Tony Molinari,"Cuisinart Stove, White",Central Asia,321.858,-568.662
ID-2016-RH19495144-42586,Rick Hansen,"Ikea Floating Shelf Set, Traditional",Southeastern Asia,321.9426,-168.6474
ID-2017-KC1654059-43023,Kelly Collister,"Harbour Creations Rocking Chair, Red",Southeastern Asia,322.1271,-4.4829
IZ-2016-MV819061-42427,Mike Vittorini,"BIC Canvas, Blue",Western Asia,322.2,25.74
SA-2017-LH7155110-42797,Logan Haushalter,"Hon Swivel Stool, Black",Western Asia,322.44,90.24
IN-2014-AS1028527-41764,Alejandro Savely,"StarTech Receipt Printer, Red",Eastern Asia,323.19,6.39
IN-2014-BD1163558-41943,Brian Derr,"Novimex Chairmat, Black",Southern Asia,323.46,138.96
IN-2017-FC1424527-42781,Frank Carlisle,"Boston Canvas, Easy-Erase",Eastern Asia,323.46,61.38
IZ-2017-SL1015561-42934,Sara Luxemburg,"Boston Canvas, Easy-Erase",Western Asia,323.46,74.34
IR-2016-BN151560-42611,Bradley Nguyen,"Cameo Manila Envelope, Set of 50",Southern Asia,324,29.16
IN-2014-ZD2192511-41977,Zuschuss Donatelli,"Advantus Frame, Durable",Southern Asia,324.45,68.13
KZ-2017-FM438068-42909,Fred McMath,"Hamilton Beach Stove, Black",Central Asia,325.062,-357.618
IR-2014-PM894060-42002,Paul MacIntyre,"Sanford Pencil Sharpener, Easy-Erase",Southern Asia,325.08,162.36
ID-2014-SC20380130-41924,Shahid Collister,"Tenex Lockers, Industrial",Southeastern Asia,325.3617,-135.0783
IN-2016-LS1723027-42700,Lycoris Saunders,"Tenex Frame, Erganomic",Eastern Asia,325.8,48.87
IN-2017-AT1073527-43023,Annie Thurman,"SanDisk Keyboard, Bluetooth",Eastern Asia,325.92,78.12
IN-2017-GH1466511-42914,Greg Hansen,"SanDisk Keyboard, Bluetooth",Southern Asia,325.92,78.12
ID-2015-KL1655559-42023,Kelly Lampkin,"Motorola Speaker Phone, Full Size",Southeastern Asia,326.3643,43.2243
IN-2017-TT2146058-42953,Tonja Turnell,"Samsung Office Telephone, VoIP",Southern Asia,326.55,146.85
IR-2017-MC810060-42996,Mick Crebagga,"StarTech Card Printer, Wireless",Southern Asia,327,88.26
IN-2017-JH1618058-42903,Justin Hirsh,"Hon Swivel Stool, Red",Southern Asia,327.3,150.54
TU-2015-DP3105134-42238,Dave Poirier,"Fellowes File Cart, Wire Frame",Western Asia,327.312,-319.248
TU-2016-HF4995134-42526,Herbert Flentye,"Tenex Lockers, Industrial",Western Asia,327.408,-262.032
IN-2015-MK17905144-42281,Michael Kennedy,"Fiskars Trimmer, Easy Grip",Southeastern Asia,328.0824,23.5224
ID-2015-GZ1454559-42099,George Zrebassa,"Eldon Lockers, Blue",Southeastern Asia,328.5306,-59.4294
TU-2016-JJ5445134-42707,Jennifer Jackson,"Dania Classic Bookcase, Traditional",Western Asia,328.608,-139.692
IN-2016-KD1661527-42657,Ken Dana,"Office Star Chairmat, Red",Eastern Asia,329.1,161.25
ID-2015-DV1346559-42091,Dianna Vittorini,"Smead Lockers, Blue",Southeastern Asia,329.3772,-7.9428
IN-2016-RD1958578-42626,Rob Dowd,"Boston Canvas, Fluorescent",Southeastern Asia,329.4,131.76
IN-2017-SW20455118-43035,Shaun Weien,"Bush Classic Bookcase, Metal",Eastern Asia,329.712,94.782
IN-2015-GB1457558-42335,Giulietta Baptist,"Tenex Frame, Black",Southern Asia,329.94,13.14
ID-2015-JD15790144-42049,John Dryer,"Memorex Memory Card, Programmable",Southeastern Asia,329.9886,-205.5114
IN-2016-CM1183059-42494,Cari MacIntyre,"Tenex Clock, Duo Pack",Southeastern Asia,330.5367,54.3267
TU-2016-MS7530134-42585,MaryBeth Skach,"Fellowes File Cart, Industrial",Western Asia,330.696,-388.584
TU-2015-RB9435134-42336,Richard Bierner,"Fellowes Lockers, Blue",Western Asia,331.728,-282.072
TU-2016-SV10815134-42426,Stuart Van,"Fellowes Lockers, Blue",Western Asia,331.728,-282.072
TU-2016-PF9225134-42617,Phillip Flathmann,"Fellowes Lockers, Single Width",Western Asia,331.776,-356.664
IN-2016-GT1463558-42667,Grant Thornton,"Hon Swivel Stool, Set of Two",Southern Asia,331.8,69.66
ID-2015-SC20575113-42152,Sonia Cooley,"Hon Swivel Stool, Adjustable",Southeastern Asia,332.28,29.88
IN-2014-JW1595558-41964,Joni Wasserman,"Sauder 3-Shelf Cabinet, Metal",Southern Asia,332.28,149.52
SA-2017-RB9705110-42761,Roger Barcio,"Hon Swivel Stool, Adjustable",Western Asia,332.28,43.14
IN-2015-JK1562527-42259,Jim Karlsson,"Stiletto Shears, Steel",Eastern Asia,332.43,33.18
IN-2014-RB1970559-41802,Roger Barcio,"Novimex Executive Leather Armchair, Adjustable",Southeastern Asia,332.5296,18.2196
IN-2016-CS118451-42387,Cari Sayre,"Smead Trays, Wire Frame",Southern Asia,332.85,59.85
IN-2017-SC2030558-43014,Sean Christensen,"Cisco Office Telephone, Cordless",Southern Asia,333.24,79.92
IN-2016-DV1304558-42596,Darrin Van Huff,"Nokia Audio Dock, with Caller ID",Southern Asia,333.48,126.72
IN-2017-BP1115527-42762,Becky Pak,"Fiskars Shears, High Speed",Eastern Asia,333.48,110.04
MG-2016-VB1174584-42718,Victoria Brennan,"Nokia Audio Dock, with Caller ID",Eastern Asia,333.48,49.98
IN-2016-JM1553527-42491,Jessica Myrick,"Sharp Fax and Copier, High-Speed",Eastern Asia,333.6,19.98
ID-2017-GM14680102-43099,Greg Matthias,"HP Fax and Copier, High-Speed",Southeastern Asia,333.6255,-56.5245
IN-2014-SA2083027-41859,Sue Ann Reed,"KitchenAid Toaster, White",Eastern Asia,333.84,56.64
IN-2014-TR2132527-41918,Toby Ritter,"Novimex Swivel Stool, Adjustable",Eastern Asia,333.9,83.46
ID-2014-GD14590130-41672,Giulietta Dortch,"Novimex Executive Leather Armchair, Black",Southeastern Asia,334.3035,-109.9365
ID-2014-HK1489059-41665,Heather Kirkland,"Novimex Executive Leather Armchair, Black",Southeastern Asia,334.3035,-109.9365
IR-2017-DO343560-43029,Denny Ordway,"Enermax Keyboard, USB",Southern Asia,334.68,110.4
IN-2016-PF19225102-42531,Phillip Flathmann,"Dania Floating Shelf Set, Mobile",Southeastern Asia,335.1465,10.2465
IN-2015-JC1577558-42210,John Castell,"Eldon Trays, Single Width",Southern Asia,336,23.52
IN-2016-AH1012027-42629,Adrian Hane,"Eldon Trays, Single Width",Eastern Asia,336,23.52
IZ-2015-BP109561-42222,Bart Pistole,"Sauder 3-Shelf Cabinet, Pine",Western Asia,336.06,77.28
IN-2014-RM1975027-41728,Roland Murray,"Samsung Audio Dock, Full Size",Eastern Asia,336.24,127.74
IN-2017-MS1777058-42949,Maxwell Schwartz,"Apple Audio Dock, Full Size",Southern Asia,336.36,117.72
IN-2015-MH1744027-42357,Mark Haberlin,"Dania Floating Shelf Set, Metal",Eastern Asia,337.62,67.5
IN-2014-LB16735102-41642,Larry Blacks,"Tenex Lockers, Industrial",Southeastern Asia,337.6395,-122.8005
IN-2014-SS2041058-41958,Shahid Shariari,"Safco 3-Shelf Cabinet, Traditional",Southern Asia,337.68,64.14
ID-2017-TB2119059-42958,Thomas Brumley,"Bush Library with Doors, Metal",Southeastern Asia,338.3154,3.6354
IN-2017-MC1763558-43065,Matthew Clasen,"Dania Floating Shelf Set, Traditional",Southern Asia,338.7,148.98
SA-2015-SV10365110-42346,Seth Vernon,"Dania Floating Shelf Set, Traditional",Western Asia,338.7,30.48
ID-2015-CC1268558-42313,Craig Carroll,"Eldon Shelving, Single Width",Southern Asia,339.15,-305.55
ID-2017-JE1561097-42924,Jim Epp,"Nokia Audio Dock, Cordless",Southern Asia,339.18,-122.22
IN-2017-MR17545113-43003,Mathew Reese,"Nokia Audio Dock, Cordless",Southeastern Asia,339.18,108.48
IS-2017-DD357063-42800,Dorothy Dickinson,"Samsung Audio Dock, Cordless",Western Asia,339.36,61.08
ID-2014-EM1382597-41893,Elizabeth Moffitt,"Dania 3-Shelf Cabinet, Traditional",Southern Asia,339.48,-59.49
IN-2015-TB2152058-42160,Tracy Blumstein,"Apple Audio Dock, Cordless",Southern Asia,339.48,27.12
IN-2017-ON1871527-42912,Odella Nelson,"Apple Audio Dock, Cordless",Eastern Asia,339.48,27.12
IN-2014-TS2143027-41995,Tom Stivers,"Ikea Floating Shelf Set, Metal",Eastern Asia,339.6,3.36
ID-2016-VW2177559-42732,Victoria Wilson,"Tenex Lockers, Industrial",Southeastern Asia,339.6858,32.7258
ID-2016-EB1411027-42546,Eugene Barchas,"Eldon Frame, Durable",Eastern Asia,339.84,37.35
ID-2014-BD11770144-41956,Bryan Davis,"Nokia Signal Booster, with Caller ID",Southeastern Asia,339.885,-24.615
ID-2017-BT1153059-43009,Bradley Talbott,"Nokia Signal Booster, with Caller ID",Southeastern Asia,339.885,-24.615
IN-2014-GM1444058-41930,Gary McGarr,"Sharp Fax and Copier, Color",Southern Asia,340.08,33.96
IN-2015-BE1133527-42182,Bill Eplett,"Sharp Fax and Copier, Color",Eastern Asia,340.08,33.96
IN-2017-TS2134066-42967,Toby Swindell,"Sharp Fax and Copier, Color",Eastern Asia,340.08,33.96
IR-2016-LL684060-42565,Lauren Leatherbury,"Sharp Fax and Copier, Color",Southern Asia,340.08,166.62
IN-2017-BT1148559-42773,Brad Thomas,"Apple Signal Booster, VoIP",Southeastern Asia,340.4826,12.2526
IN-2017-AG1027027-42955,Alejandro Grove,"Sanford Sketch Pad, Water Color",Eastern Asia,340.62,74.76
IN-2016-CR1282011-42567,Cyra Reiten,"SAFCO Swivel Stool, Adjustable",Southern Asia,340.86,122.7
IN-2017-MG1768011-42743,Maureen Gastineau,"SAFCO Swivel Stool, Adjustable",Southern Asia,340.86,122.7
IR-2016-RP939060-42584,Resi Pölking,"SAFCO Swivel Stool, Adjustable",Southern Asia,340.86,163.56
IN-2017-SC2038027-43037,Shahid Collister,"Rubbermaid Photo Frame, Durable",Eastern Asia,341.46,160.44
IN-2017-GH1442558-42881,Gary Hwang,"Office Star Chairmat, Adjustable",Southern Asia,341.55,30.6
IN-2016-JH1598559-42678,Joseph Holt,"Fellowes File Cart, Single Width",Southeastern Asia,341.9766,135.9666
IN-2017-JK1537059-42785,Jay Kimmel,"Ikea Stackable Bookrack, Traditional",Southeastern Asia,341.9982,80.8182
IN-2017-HD1478558-42960,Harold Dahlen,"HP Fax and Copier, High-Speed",Southern Asia,342.18,82.08
IN-2015-EM1396027-42229,Eric Murdock,"Eldon Shelving, Industrial",Eastern Asia,342.3,51.24
ID-2017-JB16000102-42886,Joy Bell-,"Apple Headset, Cordless",Southeastern Asia,342.495,27.315
IN-2014-AA1064558-41665,Anna Andreadi,"BIC Sketch Pad, Easy-Erase",Southern Asia,342.51,54.6
SA-2014-CP2085110-41816,Cathy Prescott,"Bush Floating Shelf Set, Traditional",Western Asia,342.54,61.62
ID-2016-SC20680144-42410,Steve Carroll,"Acme Trimmer, Serrated",Southeastern Asia,342.624,36.924
IN-2017-SS2059059-43095,Sonia Sunley,"Fellowes Lockers, Wire Frame",Southeastern Asia,342.624,61.884
IN-2017-JC1610527-42945,Julie Creighton,"Smead Shelving, Single Width",Eastern Asia,342.72,13.65
IR-2015-EC405060-42156,Erin Creighton,"Office Star Swivel Stool, Black",Southern Asia,343.02,116.58
ID-2017-JG15310130-42864,Jason Gross,"Nokia Signal Booster, Full Size",Southeastern Asia,343.0971,45.4671
IN-2015-AS1024058-42310,Alan Shonely,"Xerox Cards & Envelopes, 8.5 x 11",Southern Asia,343.77,120.12
IN-2015-RM19375130-42313,Raymond Messe,"Office Star Steel Folding Chair, Adjustable",Southeastern Asia,343.83,89.43
IN-2015-LP1709558-42339,Liz Preis,"Enermax Flash Drive, Programmable",Southern Asia,344.16,13.68
IN-2016-ME1801021-42666,Michelle Ellison,"SAFCO Chairmat, Black",Southeastern Asia,344.34,58.5
ID-2016-RH1951058-42381,Rick Huthwaite,"HP Fax and Copier, Digital",Southern Asia,345.06,-20.82
ID-2016-TS21610118-42508,Troy Staebel,"Ikea 3-Shelf Cabinet, Pine",Eastern Asia,345.096,4.266
TU-2016-PK8910134-42529,Paul Knutson,"Hewlett Personal Copier, Digital",Western Asia,345.384,-362.736
IN-2014-AR1051056-41691,Andrew Roberts,"Ikea Floating Shelf Set, Mobile",Eastern Asia,345.72,114.06
MG-2017-GG465084-42806,Greg Guthrie,"Office Star Bag Chairs, Set of Two",Eastern Asia,346.14,17.28
IN-2014-RB1936059-41868,Raymond Buch,"Belkin Keyboard, Erganomic",Southeastern Asia,346.3656,6.5256
IN-2017-TC21475130-42862,Tony Chapman,"Logitech Keyboard, USB",Southeastern Asia,346.5882,-104.8518
IN-2015-CL1189027-42155,Carl Ludwig,"Motorola Audio Dock, with Caller ID",Eastern Asia,346.74,-20.82
ID-2014-MG1768058-41949,Maureen Gastineau,"Motorola Audio Dock, VoIP",Southern Asia,346.92,-152.76
ID-2015-JH1543059-42159,Jennifer Halladay,"Samsung Signal Booster, Cordless",Southeastern Asia,347.2056,8.3556
IR-2017-AH58560-43025,Angele Hood,"Fellowes Trays, Industrial",Southern Asia,347.22,83.16
ID-2016-SP20620102-42610,Stefania Perrino,"Advantus Clock, Duo Pack",Southeastern Asia,347.2875,-46.3725
ID-2015-RA1991559-42107,Russell Applegate,"Harbour Creations Executive Leather Armchair, Adjustable",Southeastern Asia,347.553,-23.817
IN-2015-CM1265559-42265,Corinna Mitchell,"Office Star Chairmat, Set of Two",Southeastern Asia,347.8377,47.5377
IN-2015-ON1871558-42366,Odella Nelson,"Panasonic Card Printer, Durable",Southern Asia,347.88,163.5
IN-2015-DK1298559-42223,Darren Koutras,"Cisco Speaker Phone, Full Size",Southeastern Asia,348.0273,16.7373
ID-2016-AR1034559-42591,Alex Russell,"Harbour Creations Steel Folding Chair, Black",Southeastern Asia,348.429,-28.671
IN-2014-NF1847527-41746,Neil Französisch,"SanDisk Cards & Envelopes, Multicolor",Eastern Asia,348.81,24.36
IN-2017-HJ1487578-43022,Heather Jas,"Cameo Interoffice Envelope, Security-Tint",Southeastern Asia,348.81,156.87
TU-2014-CB2415134-41796,Christy Brittain,"Chromcraft Conference Table, with Bottom Storage",Western Asia,349.068,-462.522
SA-2016-LW7215110-42632,Luke Weiss,"Motorola Audio Dock, Full Size",Western Asia,349.32,104.76
IN-2016-KH1651058-42724,Keith Herrera,"Acme Shears, High Speed",Southern Asia,349.44,122.22
IN-2014-BF1121559-41915,Benjamin Farhat,"Bush Corner Shelving, Pine",Southeastern Asia,349.6986,142.8786
ID-2015-DR12940102-42174,Daniel Raglin,"Rogers Lockers, Industrial",Southeastern Asia,349.965,-280.035
IN-2017-PF1922559-42904,Phillip Flathmann,"Brother Wireless Fax, High-Speed",Southeastern Asia,350.6193,82.9293
IN-2015-EN1378097-42323,Edward Nazzal,"Rubbermaid Photo Frame, Durable",Southern Asia,351.216,118.476
ID-2015-PP1895559-42324,Paul Prost,"Rogers Lockers, Blue",Southeastern Asia,351.2892,-50.8308
IN-2017-JH1582059-43059,John Huston,"Rogers Lockers, Single Width",Southeastern Asia,351.339,114.279
IN-2014-RF1934566-41698,Randy Ferguson,"Tenex Clock, Black",Eastern Asia,351.75,59.64
IN-2017-MZ1751566-42992,Mary Zewe,"SAFCO Steel Folding Chair, Set of Two",Eastern Asia,351.84,147.72
ID-2016-SP2062097-42694,Stefania Perrino,"Tenex Frame, Black",Southern Asia,351.936,-70.464
IN-2014-DK1315027-41671,David Kendrick,"KitchenAid Coffee Grinder, Red",Eastern Asia,352.35,137.4
TU-2015-AI855134-42248,Arianne Irving,"Safco Classic Bookcase, Mobile",Western Asia,352.536,-193.944
ID-2017-MT1807059-42891,Michelle Tran,"Rogers File Cart, Industrial",Southeastern Asia,352.584,29.664
IN-2014-SC2077058-41883,Stewart Carmichael,"Deflect-O Clock, Duo Pack",Southern Asia,352.59,158.55
IN-2017-RW1963066-42779,Rob Williams,"SAFCO Steel Folding Chair, Adjustable",Eastern Asia,352.8,165.72
IZ-2017-JC538561-43085,Jenna Caffey,"Office Star Swivel Stool, Adjustable",Western Asia,352.86,35.28
ID-2014-VG2180559-41967,Vivek Grady,"Rogers Trays, Wire Frame",Southeastern Asia,352.9575,102.0075
IN-2014-JE1547527-41967,Jeremy Ellison,"Enermax Numeric Keypad, Erganomic",Eastern Asia,352.98,158.76
JO-2016-GA472567-42384,Guy Armstrong,"Enermax Numeric Keypad, Erganomic",Western Asia,352.98,38.7
IN-2014-CL1189027-41825,Carl Ludwig,"Wilson Jones Binding Machine, Durable",Eastern Asia,353.22,158.76
SA-2015-JD6150110-42330,Justin Deggeller,"Cisco Headset, with Caller ID",Western Asia,353.76,141.48
SA-2017-TS11085110-42865,Thais Sissman,"Cisco Headset, VoIP",Western Asia,354.12,14.16
IN-2017-RH1951011-42771,Rick Huthwaite,"Panasonic Receipt Printer, Red",Southern Asia,354.15,109.71
YM-2017-KF6285145-43066,Karen Ferguson,"Eldon Lockers, Wire Frame",Western Asia,354.564,-590.976
IN-2016-AS1013527-42718,Adrian Shami,"Office Star Steel Folding Chair, Black",Eastern Asia,357.12,21.36
IZ-2016-AW93061-42696,Arthur Wiediger,"Office Star Steel Folding Chair, Black",Western Asia,357.12,0
IZ-2015-MC813061-42344,Mike Caudle,"Sharp Wireless Fax, Color",Western Asia,357.36,117.9
IN-2017-KW1657027-42984,Kelly Williams,"Breville Blender, Black",Eastern Asia,358.68,14.28
ID-2017-CS1195059-42977,Carlos Soltero,"Brother Fax and Copier, Color",Southeastern Asia,358.8498,57.8298
IN-2017-BO1142527-43073,Bobby Odegard,"Xerox Cards & Envelopes, Recycled",Eastern Asia,359.04,107.52
IN-2014-MZ1733527-41846,Maria Zettner,"HP Wireless Fax, Digital",Eastern Asia,359.85,79.14
IN-2016-CM1183027-42430,Cari MacIntyre,"Sharp Personal Copier, Laser",Eastern Asia,360,133.2
IN-2017-JK1609027-43051,Juliana Krohn,"Harbour Creations Chairmat, Red",Eastern Asia,360,169.2
IN-2016-AH1003058-42454,Aaron Hawkins,"Harbour Creations Swivel Stool, Red",Southern Asia,360.24,10.8
IS-2014-JL517563-41853,James Lanier,"Ames Interoffice Envelope, Set of 50",Western Asia,360.96,140.64
IN-2014-ME1772558-41896,Max Engle,"Advantus Photo Frame, Erganomic",Southern Asia,361.2,155.19
IN-2016-MG17650113-42507,Matthew Grinstein,"Eaton Cards & Envelopes, Premium",Southeastern Asia,361.44,79.44
IN-2017-KH1633027-43084,Katharine Harms,"Dania Library with Doors, Metal",Eastern Asia,361.86,10.83
SA-2017-JL5235110-43002,Janet Lee,"Dania Library with Doors, Traditional",Western Asia,362.4,39.84
IN-2017-JK1532558-42966,Jason Klamczynski,"Ibico Binding Machine, Recycled",Southern Asia,362.46,36.12
IN-2014-JB1592559-41975,Joni Blumstein,"Safco Library with Doors, Traditional",Southeastern Asia,362.5047,74.0547
IZ-2015-VG1180561-42167,Vivek Grady,"Ikea Library with Doors, Metal",Western Asia,362.85,130.62
IN-2014-GH1442527-41988,Gary Hwang,"BIC Sketch Pad, Water Color",Eastern Asia,362.88,166.74
IN-2016-GH1441058-42596,Gary Hansen,"Panasonic Receipt Printer, Durable",Southern Asia,363.06,32.67
KZ-2017-IM507068-42974,Irene Maddox,"Panasonic Receipt Printer, Durable",Central Asia,363.06,-314.94
IN-2014-TS2150559-41720,Tony Sayre,"Motorola Signal Booster, Cordless",Southeastern Asia,363.4902,87.5502
IN-2017-LH16900130-42926,Lena Hernandez,"Hon Swivel Stool, Adjustable",Southeastern Asia,363.8466,-89.7534
SA-2017-HL5040110-42912,Hunter Lopez,"Cisco Audio Dock, with Caller ID",Western Asia,364.14,80.1
IN-2016-DK1309058-42685,Dave Kipp,"Cisco Audio Dock, VoIP",Southern Asia,364.32,112.92
IN-2017-VP21760113-43001,Victoria Pisteka,"Bush Library with Doors, Traditional",Southeastern Asia,364.32,131.13
IR-2016-JS594060-42672,Joni Sundaresam,"Cisco Audio Dock, VoIP",Southern Asia,364.32,142.08
IN-2016-DB1321027-42630,Dean Braden,"Dania Corner Shelving, Metal",Eastern Asia,364.59,153.09
IN-2014-LT1711027-41956,Liz Thompson,"Dania Library with Doors, Mobile",Eastern Asia,364.92,62.01
IN-2015-ME1772558-42344,Max Engle,"Dania Library with Doors, Mobile",Southern Asia,364.92,62.01
ID-2017-FH1436559-43001,Fred Hopkins,"Safco Floating Shelf Set, Metal",Southeastern Asia,364.932,51.012
IN-2014-KM1666027-41858,Khloe Miller,"Harbour Creations Swivel Stool, Adjustable",Eastern Asia,365.22,21.9
IN-2016-TG2131066-42534,Toby Gnade,"Harbour Creations Swivel Stool, Adjustable",Eastern Asia,365.22,21.9
ID-2016-DB13210144-42596,Dean Braden,"Apple Headset, VoIP",Southeastern Asia,365.283,-61.677
IS-2014-RM937563-41853,Raymond Messe,"Ikea Library with Doors, Mobile",Western Asia,365.91,18.27
IN-2014-DB1340559-41782,Denny Blanton,"Tenex Shelving, Industrial",Southeastern Asia,366.1296,61.5696
IN-2015-ML1804078-42164,Michelle Lonsdale,"Dania Corner Shelving, Traditional",Southeastern Asia,366.21,36.54
IN-2016-CS1217566-42535,Charles Sheldon,"Konica Receipt Printer, Wireless",Eastern Asia,366.75,29.34
IN-2016-SF2020058-42650,Sarah Foster,"Office Star Steel Folding Chair, Red",Southern Asia,366.84,21.96
IN-2016-TC2153527-42691,Tracy Collins,"Bush Library with Doors, Mobile",Eastern Asia,366.84,157.74
IZ-2015-JM619561-42254,Justin MacKendrick,"Bush Library with Doors, Mobile",Western Asia,366.84,117.36
IN-2014-KN1645027-41666,Kean Nguyen,"Okidata Calculator, Durable",Eastern Asia,366.87,106.26
IN-2015-NC1834027-42160,Nat Carroll,"Kleencut Trimmer, Steel",Eastern Asia,367.47,14.58
GG-2015-BM165047-42244,Brian Moss,"Breville Coffee Grinder, Black",Western Asia,367.74,128.7
IR-2016-CK259560-42485,Clytie Kelty,"Breville Coffee Grinder, Black",Southern Asia,367.74,128.7
IN-2015-TS2150558-42230,Tony Sayre,"Sharp Ink, High-Speed",Southern Asia,367.83,47.79
ID-2017-RM19375130-42911,Raymond Messe,"Enermax Memory Card, Programmable",Southeastern Asia,368.5302,-55.7298
IN-2015-PK1891058-42297,Paul Knutson,"Nokia Speaker Phone, with Caller ID",Southern Asia,369.45,84.96
IN-2016-EB1417027-42698,Evan Bailliet,"Nokia Speaker Phone, with Caller ID",Eastern Asia,369.45,84.96
IN-2016-TP2141558-42371,Tom Prescott,"Nokia Speaker Phone, with Caller ID",Southern Asia,369.45,84.96
ID-2016-PR1888058-42695,Patrick Ryan,"Nokia Speaker Phone, VoIP",Southern Asia,369.72,-140.58
IN-2015-PO1885058-42230,Patrick O'Brill,"Samsung Speaker Phone, with Caller ID",Southern Asia,369.72,166.32
IN-2017-TC2153566-43052,Tracy Collins,"Samsung Speaker Phone, VoIP",Eastern Asia,369.99,129.42
YM-2015-DW3540145-42180,Don Weiss,"Epson Inkjet, Wireless",Western Asia,370.008,-727.752
IN-2017-PB19210130-42925,Phillip Breyer,"Sharp Fax Machine, High-Speed",Southeastern Asia,370.251,29.331
IN-2016-SC2057527-42689,Sonia Cooley,"Rogers Trays, Single Width",Eastern Asia,370.26,55.44
IN-2015-SG20080113-42173,Sandra Glassco,"Bush Corner Shelving, Metal",Southeastern Asia,370.35,151.83
IN-2014-JP1613527-41979,Julie Prescott,"Bush Stackable Bookrack, Mobile",Eastern Asia,370.53,103.68
IN-2017-HG1496527-43039,Henry Goldwyn,"Office Star Bag Chairs, Black",Eastern Asia,371.07,33.39
IN-2015-TP2156527-42266,Tracy Poddar,"Advantus Photo Frame, Duo Pack",Eastern Asia,371.28,140.91
IN-2016-HG1496559-42563,Henry Goldwyn,"Eldon Clock, Black",Southeastern Asia,371.3364,35.4564
IN-2017-DG1330056-42751,Deirdre Greer,"SanDisk Numeric Keypad, USB",Eastern Asia,372.12,107.73
ID-2017-AB1001559-42909,Aaron Bergman,"Deflect-O Door Stop, Erganomic",Southeastern Asia,372.9132,101.8332
IN-2016-EB1384027-42622,Ellis Ballard,"Tenex Trays, Wire Frame",Eastern Asia,372.96,167.79
IN-2016-RK1930027-42553,Ralph Kennedy,"Samsung Speaker Phone, Full Size",Eastern Asia,373.59,18.63
IN-2017-EG1390011-42863,Emily Grady,"Eldon Clock, Durable",Southern Asia,374.85,123.69
ID-2014-BG1174097-41881,Bruce Geld,"Chromcraft Round Table, Fully Assembled",Southern Asia,374.856,-1218.384
ID-2016-EM1406559-42461,Erin Mull,"SAFCO Steel Folding Chair, Red",Southeastern Asia,375.4098,-36.0702
IN-2015-RR1931559-42274,Ralph Ritter,"Office Star Swivel Stool, Black",Southeastern Asia,375.6069,71.9469
TU-2017-MZ7335134-42988,Maria Zettner,"Office Star Executive Leather Armchair, Red",Western Asia,375.744,-197.316
IN-2014-MV1748597-41945,Mark Van Huff,"Office Star Steel Folding Chair, Set of Two",Southern Asia,375.84,107.94
IN-2017-JL1523558-43009,Janet Lee,"BIC Canvas, Blue",Southern Asia,375.9,7.35
IR-2017-EM406560-43048,Erin Mull,"Brother Wireless Fax, High-Speed",Southern Asia,377.01,82.92
IN-2014-PJ1883527-41809,Patrick Jones,"Novimex Chairmat, Black",Eastern Asia,377.37,162.12
ID-2017-NF18385102-42938,Natalie Fritzler,"Nokia Speaker Phone, Cordless",Southeastern Asia,378,-20.16
IN-2017-CH12070102-42867,Cathy Hwang,"Samsung Speaker Phone, Cordless",Southeastern Asia,378.27,75.63
IN-2015-MV1748521-42366,Mark Van Huff,"Hewlett Wireless Fax, High-Speed",Southeastern Asia,378.39,151.35
SY-2017-BP1095126-43089,Bart Pistole,"Hewlett Wireless Fax, High-Speed",Western Asia,378.39,185.4
SY-2017-EK3795126-42888,Eileen Kiefer,"Brother Wireless Fax, Digital",Western Asia,378.45,34.05
IR-2017-RF973560-42982,Roland Fjeld,"Canon Wireless Fax, Laser",Southern Asia,378.66,185.52
ID-2016-AH10030102-42690,Aaron Hawkins,"Hewlett Fax and Copier, Color",Southeastern Asia,378.9045,69.9345
IN-2016-KE1642027-42404,Katrina Edelman,"Canon Fax and Copier, High-Speed",Eastern Asia,379.08,30.3
IN-2015-EM14140102-42275,Eugene Moren,"Bush 3-Shelf Cabinet, Mobile",Southeastern Asia,379.314,-128.406
IN-2017-SC2023027-42771,Scot Coram,"Brother Fax and Copier, High-Speed",Eastern Asia,379.38,125.16
IN-2015-AR1034527-42228,Alex Russell,"Tenex Trays, Single Width",Eastern Asia,379.68,159.39
ID-2015-JK16090130-42168,Juliana Krohn,"HP Fax Machine, Color",Southeastern Asia,379.7388,-36.1812
IN-2014-DK1309027-41712,Dave Kipp,"Belkin Mouse, Programmable",Eastern Asia,379.89,52.92
ID-2014-EB1387059-41930,Emily Burns,"Ibico Binding Machine, Clear",Southeastern Asia,380.0736,-77.8464
IN-2016-HW1493527-42430,Helen Wasserman,"Hewlett Wireless Fax, Color",Eastern Asia,381.63,183.18
IN-2016-CS12355102-42540,Christine Sundaresam,"Samsung Audio Dock, Cordless",Southeastern Asia,381.78,91.62
IN-2015-CA12265113-42240,Christina Anderson,"Canon Fax and Copier, Digital",Southeastern Asia,381.96,190.98
IZ-2017-MM792061-43072,Michael Moore,"Canon Fax and Copier, Digital",Western Asia,381.96,42
ID-2017-KD1627059-43004,Karen Daniels,"Ikea Classic Bookcase, Metal",Southeastern Asia,382.4253,32.8953
IN-2014-AH1046558-41789,Amy Hunt,"Logitech Numeric Keypad, Programmable",Southern Asia,382.56,68.64
IN-2014-TS2161058-41880,Troy Staebel,"Eldon File Cart, Single Width",Southern Asia,383.76,22.95
KZ-2014-MM805568-41839,Michelle Moray,"Hewlett Fax Machine, Laser",Central Asia,383.904,-831.816
TU-2014-EH3765134-41980,Edward Hooks,"Okidata Receipt Printer, Red",Western Asia,384.192,-413.088
IN-2017-LP17095102-42787,Liz Preis,"Hon Bag Chairs, Black",Southeastern Asia,384.48,-123.12
IN-2014-JH1598527-41903,Joseph Holt,"HP Ink, Digital",Eastern Asia,385.02,126.99
IN-2015-TS2150527-42262,Tony Sayre,"Hewlett Fax and Copier, Digital",Eastern Asia,385.02,57.72
IN-2017-JB1600027-42916,Joy Bell-,"HP Ink, Digital",Eastern Asia,385.02,126.99
IN-2014-LD1685578-41925,Lela Donovan,"Smead File Cart, Industrial",Southeastern Asia,385.2,107.82
IN-2015-KW1657027-42301,Kelly Williams,"Smead File Cart, Single Width",Eastern Asia,385.29,161.82
SA-2016-ZD11925110-42703,Zuschuss Donatelli,"Brother Fax and Copier, Color",Western Asia,385.86,92.58
IN-2014-EH1412558-41796,Eugene Hildebrand,"HP Ink, Laser",Southern Asia,386.1,27
SY-2017-FO4305126-43027,Frank Olsen,"Motorola Smart Phone, Full Size",Western Asia,386.388,-64.422
IN-2016-PO1919527-42383,Phillina Ober,"Novimex Rocking Chair, Black",Eastern Asia,387,61.92
IZ-2017-AS13561-43008,Adrian Shami,"Sauder Library with Doors, Metal",Western Asia,387.09,127.71
JO-2014-SW1024567-41998,Scot Wooten,"Sauder Library with Doors, Metal",Western Asia,387.09,127.71
ID-2017-JW16075144-43099,Julia West,"Dania Stackable Bookrack, Pine",Southeastern Asia,387.261,-123.039
IN-2017-RS1987058-42910,Roy Skaria,"Breville Toaster, Silver",Southern Asia,387.3,19.35
IN-2014-LD17005118-41764,Lisa DeCherney,"Dania Stackable Bookrack, Traditional",Eastern Asia,387.36,116.16
IN-2017-BD1177058-43025,Bryan Davis,"Ames Interoffice Envelope, with clear poly window",Southern Asia,389.28,19.44
ID-2017-MC18100102-42996,Mick Crebagga,"Epson Printer, Red",Southeastern Asia,389.655,-83.145
IN-2015-NZ1856527-42189,Nick Zandusky,"HP Ink, Color",Eastern Asia,390.42,27.27
GG-2015-SJ1050047-42155,Shirley Jackson,"Avery Binding Machine, Economy",Western Asia,390.72,46.8
IN-2014-BM1157527-41731,Brendan Murry,"Jiffy Interoffice Envelope, Security-Tint",Eastern Asia,390.72,109.2
IR-2015-TS1137060-42170,Todd Sumrall,"Safco Library with Doors, Pine",Southern Asia,391.14,195.57
ID-2014-CS12130118-41987,Chad Sievert,"Epson Printer, White",Eastern Asia,391.545,-274.095
SA-2014-JH5820110-41813,John Huston,"Samsung Office Telephone, VoIP",Western Asia,391.86,113.58
IN-2014-HM1498027-41865,Henry MacAllister,"Apple Office Telephone, VoIP",Eastern Asia,392.22,160.74
IZ-2017-JR567061-42972,Jim Radford,"Safco Library with Doors, Mobile",Western Asia,392.31,19.59
IN-2016-DC1328597-42650,Debra Catini,"Hon Swivel Stool, Red",Southern Asia,392.76,127.62
IN-2017-EM1406558-43084,Erin Mull,"Elite Shears, Serrated",Southern Asia,393.39,145.53
ID-2015-CC12610118-42287,Corey Catlett,"Bush Stackable Bookrack, Traditional",Eastern Asia,393.504,-59.136
IN-2015-BD1156088-42159,Brendan Dodson,"Logitech Router, USB",Southeastern Asia,393.5727,-81.7173
IN-2016-BB1099059-42408,Barry Blumstein,"SAFCO Rocking Chair, Red",Southeastern Asia,393.9372,10.7772
IN-2014-DP13000144-41719,Darren Powers,"Ikea Stackable Bookrack, Mobile",Southeastern Asia,394.065,75.015
ID-2014-SC2026097-41894,Scott Cohen,"Novimex Swivel Stool, Red",Southern Asia,394.704,24.624
IZ-2016-PB915061-42596,Philip Brown,"Smead Lockers, Wire Frame",Western Asia,394.98,35.52
ID-2017-DH13675102-43008,Duane Huffman,"Okidata Card Printer, Durable",Southeastern Asia,395.8875,-110.9025
IN-2015-NF18475102-42260,Neil Französisch,"Motorola Audio Dock, Cordless",Southeastern Asia,396.495,-21.195
IN-2014-LH1690027-41939,Lena Hernandez,"Eldon Lockers, Industrial",Eastern Asia,396.78,166.62
MG-2016-TC1153584-42730,Tracy Collins,"Eldon Lockers, Industrial",Eastern Asia,396.78,194.4
IR-2015-NP832560-42225,Naresj Patel,"Smead Lockers, Blue",Southern Asia,396.84,67.44
IN-2014-HG1496511-41993,Henry Goldwyn,"SAFCO Rocking Chair, Black",Southern Asia,397.44,15.84
IN-2017-JL1583527-42989,John Lee,"SAFCO Rocking Chair, Black",Eastern Asia,397.44,15.84
IN-2016-ME1772558-42402,Max Engle,"Smead Lockers, Industrial",Southern Asia,397.8,55.68
IN-2017-GM1445527-42958,Gary Mitchum,"Motorola Speaker Phone, Cordless",Eastern Asia,397.89,19.89
IN-2017-BE1145558-43073,Brad Eason,"Hon Rocking Chair, Set of Two",Southern Asia,398.61,15.93
IN-2015-PK1891059-42049,Paul Knutson,"Brother Personal Copier, Laser",Southeastern Asia,398.6631,77.0931
IN-2016-JM15865102-42604,John Murray,"Apple Headset, Cordless",Southeastern Asia,399.5775,31.8675
TU-2017-EH4125134-43002,Eugene Hildebrand,"Hamilton Beach Refrigerator, Black",Western Asia,399.648,-419.652
ID-2015-BN11470144-42095,Brad Norvell,"HP Ink, High-Speed",Southeastern Asia,399.735,37.935
ID-2017-CS11845118-42899,Cari Sayre,"Panasonic Printer, Wireless",Eastern Asia,399.735,-48.015
ID-2017-MZ1733559-43079,Maria Zettner,"Harbour Creations Swivel Stool, Adjustable",Southeastern Asia,399.9159,-115.0641
IN-2016-SV2036527-42594,Seth Vernon,"Novimex Rocking Chair, Set of Two",Eastern Asia,401.04,176.4
IN-2017-CS1225058-43046,Chris Selesnick,"Hoover Coffee Grinder, White",Southern Asia,401.58,16.02
IN-2017-AC1061559-43072,Ann Chong,"Deflect-O Frame, Black",Southeastern Asia,401.646,54.996
IN-2016-HM1486027-42694,Harry Marie,"Tenex File Cart, Industrial",Eastern Asia,402.39,193.14
ID-2014-HF14995102-41928,Herbert Flentye,"Okidata Printer, Wireless",Southeastern Asia,402.75,-112.77
IN-2017-BG1103558-42984,Barry Gonzalez,"Cisco Office Telephone, VoIP",Southern Asia,402.75,36.15
IN-2015-SZ2003559-42254,Sam Zeldin,"Okidata Receipt Printer, White",Southeastern Asia,402.7824,145.5024
IN-2015-JS1603058-42161,Joy Smith,"Office Star Bag Chairs, Set of Two",Southern Asia,403.83,185.64
IN-2016-BF1100527-42644,Barry Franz,"SAFCO Rocking Chair, Red",Eastern Asia,404.73,117.36
TU-2016-AH195134-42622,Alan Haines,"Bush Corner Shelving, Mobile",Western Asia,404.832,-182.208
ID-2016-CP1234097-42695,Christine Phan,"Dania Floating Shelf Set, Metal",Southern Asia,405.144,-0.036
IN-2015-MA1799559-42044,Michelle Arnett,"Harbour Creations Chairmat, Black",Southeastern Asia,406.2888,-89.0712
ID-2017-AP1072059-43056,Anne Pryor,"Enermax Router, Erganomic",Southeastern Asia,407.2626,-192.1374
TU-2017-BG1740134-43024,Bruce Geld,"Smead File Cart, Blue",Western Asia,407.904,-601.776
TU-2014-NF8595134-41767,Nicole Fjeld,"Epson Card Printer, Durable",Western Asia,408.168,-265.392
IN-2016-CL1256527-42672,Clay Ludtke,"Kleencut Trimmer, Steel",Eastern Asia,408.3,16.2
KG-2015-TA1138570-42247,Tom Ashbrook,"Tenex Lockers, Blue",Central Asia,408.3,106.14
ID-2016-HG15025118-42604,Hunter Glantz,"Tenex Lockers, Single Width",Eastern Asia,408.36,-294.12
IN-2017-EK1379558-42987,Eileen Kiefer,"Tenex Lockers, Single Width",Southern Asia,408.36,57.12
ID-2014-IG15085102-41753,Ivan Gibson,"Memorex Router, Programmable",Southeastern Asia,408.7215,-104.0985
IN-2014-NC1834027-41774,Nat Carroll,"Tenex Lockers, Industrial",Eastern Asia,409.26,102.3
IN-2017-DN1369027-43081,Duane Noonan,"Hoover Coffee Grinder, Black",Eastern Asia,409.32,175.86
ID-2015-SE2011059-42325,Sanjit Engle,"Sauder Corner Shelving, Metal",Southeastern Asia,409.4604,162.8604
IN-2017-ON1871558-42975,Odella Nelson,"Apple Signal Booster, with Caller ID",Southern Asia,409.95,102.42
IN-2017-MO1780027-42787,Meg O'Connel,"SAFCO Rocking Chair, Adjustable",Eastern Asia,412.2,70.02
TU-2014-LC6960134-41754,Lindsay Castell,"SanDisk Router, Programmable",Western Asia,412.56,-392.04
SA-2017-JJ5760110-42832,Joel Jenkins,"Binney & Smith Canvas, Easy-Erase",Western Asia,413.04,70.08
IR-2016-AJ78060-42605,Anthony Jacobs,"Ikea Classic Bookcase, Pine",Southern Asia,413.1,8.25
ID-2016-BN1147059-42611,Brad Norvell,"Enermax Router, Programmable",Southeastern Asia,413.1297,-140.3703
IN-2014-GG1465027-41722,Greg Guthrie,"Nokia Signal Booster, Full Size",Eastern Asia,413.37,115.74
IN-2015-AR1054058-42005,Andy Reiter,"Nokia Signal Booster, Full Size",Southern Asia,413.37,115.74
IN-2014-KH1636059-41791,Katherine Hughes,"Sauder Stackable Bookrack, Pine",Southeastern Asia,413.3943,182.1843
ID-2014-SC2069558-41970,Steve Chapman,"SAFCO Swivel Stool, Black",Southern Asia,413.775,-16.575
IN-2016-JM1619558-42723,Justin MacKendrick,"Bush Classic Bookcase, Pine",Southern Asia,414.03,169.74
ID-2016-LT16765102-42437,Larry Tron,"Brother Fax Machine, Laser",Southeastern Asia,414.102,-31.878
IN-2015-BW1120027-42286,Ben Wallace,"Fellowes Lockers, Single Width",Eastern Asia,414.72,8.28
IN-2015-MH1745558-42320,Mark Hamilton,"SanDisk Keyboard, Programmable",Southern Asia,414.9,124.35
IN-2015-MY1829527-42044,Muhammed Yedwab,"SanDisk Keyboard, Programmable",Eastern Asia,414.9,124.35
TU-2017-KN6450134-42980,Kean Nguyen,"Okidata Card Printer, Red",Western Asia,415.152,-498.348
IN-2014-LH1690059-41824,Lena Hernandez,"Nokia Audio Dock, with Caller ID",Southeastern Asia,415.1826,105.0426
IN-2014-TZ2144527-41980,Tom Zandusky,"Office Star Rocking Chair, Black",Eastern Asia,415.44,149.49
IN-2017-AC1042027-42794,Alyssa Crouse,"Office Star Rocking Chair, Black",Eastern Asia,415.44,149.49
IN-2017-EH1399058-43056,Erica Hackney,"SAFCO Bag Chairs, Adjustable",Southern Asia,415.44,66.24
TU-2016-TT11265134-42561,Tim Taslimi,"Konica Card Printer, White",Western Asia,416.592,-354.168
IN-2016-LS17200102-42640,Luke Schmidt,"Epson Phone, White",Southeastern Asia,416.745,99.855
IN-2016-AH105851-42701,Angele Hood,"Harbour Creations Chairmat, Black",Southern Asia,417.42,45.9
IN-2016-KB1640558-42538,Katrina Bavinger,"Harbour Creations Chairmat, Black",Southern Asia,417.42,45.9
ID-2016-HE14800130-42686,Harold Engle,"Eldon Lockers, Wire Frame",Southeastern Asia,417.5976,-31.5624
IN-2017-PN1877558-43085,Parhena Norris,"Hon Steel Folding Chair, Set of Two",Southern Asia,418.35,204.9
TU-2016-CR2820134-42584,Cyra Reiten,"HP Fax and Copier, Color",Western Asia,418.392,-198.828
IN-2016-PO1885058-42509,Patrick O'Brill,"Apple Signal Booster, Cordless",Southern Asia,418.5,33.48
ID-2017-CC1243059-42967,Chuck Clark,"Samsung Audio Dock, Full Size",Southeastern Asia,418.6188,105.8688
ID-2017-BV11245130-42887,Benjamin Venier,"Sauder 3-Shelf Cabinet, Metal",Southeastern Asia,418.6728,53.1528
IN-2016-CM1216059-42720,Charles McCrossin,"Apple Speaker Phone, Cordless",Southeastern Asia,418.818,40.338
IN-2016-AS1022527-42685,Alan Schoenberger,"Cisco Speaker Phone, Full Size",Eastern Asia,419.31,88.02
IN-2014-AB1025527-41993,Alejandro Ballentine,"Rogers File Cart, Blue",Eastern Asia,422.01,156.06
ID-2017-ML1741059-43067,Maris LaWare,"Samsung Audio Dock, Cordless",Southeastern Asia,422.5032,132.3432
IN-2016-KN1670527-42714,Kristina Nunn,"Dania 3-Shelf Cabinet, Metal",Eastern Asia,422.73,147.87
IN-2016-SC2002021-42679,Sam Craven,"Canon Personal Copier, High-Speed",Southeastern Asia,422.82,12.6
ID-2015-ER13855102-42288,Elpida Rittenbach,"SanDisk Router, Bluetooth",Southeastern Asia,422.9775,-76.9725
ID-2017-SV2081559-43032,Stuart Van,"Epson Card Printer, Wireless",Southeastern Asia,423.1755,35.6355
IN-2017-NZ1856558-42868,Nick Zandusky,"Rogers Lockers, Blue",Southern Asia,423.24,21.12
IN-2016-EM1396027-42630,Eric Murdock,"Brother Personal Copier, High-Speed",Eastern Asia,423.27,181.98
IN-2014-CW1190558-41875,Carl Weiss,"Novimex Steel Folding Chair, Adjustable",Southern Asia,423.6,84.6
IS-2016-SM1000563-42641,Sally Matthias,"Rogers Lockers, Industrial",Western Asia,424.2,161.16
ID-2015-IM15070144-42180,Irene Maddox,"Eldon Frame, Duo Pack",Southeastern Asia,424.5315,17.4315
IN-2014-AC1066027-41917,Anna Chung,"Eldon Door Stop, Durable",Eastern Asia,424.71,157.14
IN-2015-KD1634558-42182,Katherine Ducich,"Ikea 3-Shelf Cabinet, Metal",Southern Asia,425.7,85.14
SA-2016-PN8775110-42655,Parhena Norris,"Lesro Computer Table, Adjustable Height",Western Asia,425.91,106.47
ID-2017-PC1874588-42787,Pamela Coakley,"Bevis Computer Table, Fully Assembled",Southeastern Asia,426.5514,-426.5886
ID-2017-NR18550102-42809,Nick Radford,"Hon Bag Chairs, Set of Two",Southeastern Asia,426.6,-5.76
IN-2016-PS1876058-42528,Pamela Stobb,"KitchenAid Toaster, Red",Southern Asia,426.6,34.05
IN-2017-CM1216027-43003,Charles McCrossin,"Canon Personal Copier, Digital",Eastern Asia,427.14,187.92
IN-2015-BG110351-42275,Barry Gonzalez,"Hewlett Personal Copier, High-Speed",Southern Asia,427.41,4.23
IN-2016-HG1502558-42422,Hunter Glantz,"Brother Personal Copier, Digital",Southern Asia,427.59,128.25
IN-2015-AA1048059-42282,Andrew Allen,"Smead File Cart, Single Width",Southeastern Asia,427.8816,20.6016
ID-2014-JP15520102-41981,Jeremy Pistek,"Epson Receipt Printer, Red",Southeastern Asia,428.175,-51.525
IN-2015-JL15850118-42259,John Lucas,"Novimex Rocking Chair, Adjustable",Eastern Asia,428.544,112.464
ID-2017-MC17845102-43092,Michael Chen,"Belkin Router, Programmable",Southeastern Asia,429.4125,-171.7875
ID-2016-CM1211558-42499,Chad McGuire,"Office Star Rocking Chair, Set of Two",Southern Asia,429.48,-257.76
ID-2016-JF15295113-42485,Jason Fortune-,"Office Star Rocking Chair, Set of Two",Southeastern Asia,429.48,85.86
IN-2014-MP1817527-41875,Mike Pelletier,"Office Star Rocking Chair, Set of Two",Eastern Asia,429.48,85.86
IN-2017-HM1498027-42884,Henry MacAllister,"Office Star Rocking Chair, Set of Two",Eastern Asia,429.48,85.86
ID-2016-DC1285027-42505,Dan Campbell,"Panasonic Card Printer, White",Eastern Asia,430.575,-172.275
ID-2015-MD1735059-42243,Maribeth Dona,"Epson Printer, Red",Southeastern Asia,431.2182,-41.5818
ID-2016-AF1087097-42732,Art Ferguson,"Harbour Creations Swivel Stool, Red",Southern Asia,432.288,-91.872
IN-2017-KT16480102-43073,Kean Thornton,"Barricks Training Table, Adjustable Height",Southeastern Asia,432.6615,-394.2585
IN-2015-AA1064559-42317,Anna Andreadi,"StarTech Phone, Wireless",Southeastern Asia,432.9612,140.6412
IN-2017-JM15655144-42854,Jim Mitchum,"Epson Printer, White",Southeastern Asia,433.3098,-10.4502
ID-2016-GG14650113-42722,Greg Guthrie,"Acme Box Cutter, Easy Grip",Southeastern Asia,433.62,8.58
TU-2015-Dl3600134-42156,Dorris liebe,"Hamilton Beach Stove, Red",Western Asia,433.872,-162.708
IN-2015-PV1898558-42358,Paul Van Hugh,"Bush 3-Shelf Cabinet, Pine",Southern Asia,434.16,73.8
IN-2015-RA1988558-42157,Ruben Ausman,"Bush 3-Shelf Cabinet, Pine",Southern Asia,434.16,73.8
IN-2017-SS2014027-43010,Saphhira Shifley,"Rogers Shelving, Blue",Eastern Asia,434.91,182.49
IN-2016-DF1313558-42612,David Flashing,"Sauder Classic Bookcase, Metal",Southern Asia,435.45,209.01
TU-2015-BD1770134-42180,Bryan Davis,"Nokia Signal Booster, with Caller ID",Western Asia,436.8,-338.64
IN-2014-LO1717027-41884,Lori Olson,"Bush 3-Shelf Cabinet, Mobile",Eastern Asia,437.67,56.88
IN-2014-TB2162588-41907,Trudy Brown,"KitchenAid Refrigerator, Black",Southeastern Asia,437.7171,26.3571
ID-2015-NM1844597-42310,Nathan Mautz,"Motorola Signal Booster, Cordless",Southern Asia,437.94,-113.94
IR-2016-RE940560-42666,Ricardo Emerson,"Safco Classic Bookcase, Traditional",Southern Asia,438.15,113.91
IR-2017-NG835560-42997,Nat Gilpin,"Sauder Classic Bookcase, Mobile",Southern Asia,438.51,197.31
IN-2015-ML1826558-42162,Muhammed Lee,"Sauder Stackable Bookrack, Traditional",Southern Asia,438.84,65.79
IN-2017-HJ1487558-43002,Heather Jas,"Eldon Door Stop, Erganomic",Southern Asia,439.02,105.3
ID-2017-DD13570102-42990,Dorothy Dickinson,"Hon Steel Folding Chair, Adjustable",Southeastern Asia,440.5275,140.8575
IN-2016-MZ1733588-42710,Maria Zettner,"Cisco Headset, VoIP",Southeastern Asia,440.8794,26.5194
IN-2015-JS1568566-42145,Jim Sink,"SanDisk Memory Card, Erganomic",Eastern Asia,440.88,39.6
IN-2015-GM1445527-42352,Gary Mitchum,"SAFCO Steel Folding Chair, Adjustable",Eastern Asia,441,207.15
IN-2014-BF11080130-41917,Bart Folk,"Okidata Printer, White",Southeastern Asia,443.0706,53.3706
IN-2017-CM1238597-43043,Christopher Martinez,"Sharp Fax Machine, Laser",Southern Asia,443.475,-381.465
IN-2015-HZ1495027-42296,Henia Zydlo,"Sauder Stackable Bookrack, Pine",Eastern Asia,444.51,213.3
IN-2016-MG17890130-42527,Michael Granlund,"Cuisinart Stove, White",Southeastern Asia,445.2369,-10.7331
IN-2017-ZD2192527-43082,Zuschuss Donatelli,"Hon Coffee Table, Adjustable Height",Eastern Asia,445.326,63.606
ID-2014-MS17365102-41646,Maribeth Schnelling,"Panasonic Phone, Wireless",Southeastern Asia,445.41,-136.71
IN-2016-FW14395121-42676,Fred Wasserman,"Harbour Creations Chairmat, Set of Two",Southern Asia,445.5,4.32
IN-2017-NH1861059-43080,Nicole Hansen,"Okidata Printer, Wireless",Southeastern Asia,445.71,-69.81
IN-2017-RB1933058-42895,Randy Bradley,"Sauder Corner Shelving, Pine",Southern Asia,445.95,80.19
IN-2014-RR1952527-41892,Rick Reed,"Hewlett Ink, Laser",Eastern Asia,446.04,218.52
IN-2015-KM1622527-42299,Kalyca Meade,"Office Star Steel Folding Chair, Black",Eastern Asia,446.4,26.7
IN-2016-ME1772527-42696,Max Engle,"Office Star Steel Folding Chair, Black",Eastern Asia,446.4,26.7
TU-2015-RO9780134-42094,Rose O'Brian,"Breville Stove, White",Western Asia,447.744,-425.376
IN-2015-ES1402027-42175,Erica Smith,"Harbour Creations Rocking Chair, Set of Two",Eastern Asia,448.02,8.91
IN-2015-MF1825027-42353,Monica Federle,"Green Bar Cards & Envelopes, Multicolor",Eastern Asia,448.2,40.23
IN-2017-HG15025130-42857,Hunter Glantz,"Rogers Lockers, Blue",Southeastern Asia,448.6344,-355.6056
IN-2015-JE1571558-42249,Joe Elijah,"Cisco Headset, Full Size",Southern Asia,448.65,107.55
IN-2017-LC1688558-42960,Lena Creighton,"Harbour Creations Rocking Chair, Adjustable",Southern Asia,448.74,44.82
IN-2017-DH1367558-42933,Duane Huffman,"Enermax Memory Card, Erganomic",Southern Asia,448.8,188.4
IN-2017-AW1084027-42959,Anthony Witt,"SanDisk Memory Card, Bluetooth",Eastern Asia,449.64,13.44
IN-2017-GH14665144-42851,Greg Hansen,"Bush 3-Shelf Cabinet, Metal",Southeastern Asia,449.9145,49.8645
IN-2017-PF1922559-43018,Phillip Flathmann,"HP Copy Machine, Color",Southeastern Asia,449.9154,203.1354
TU-2017-PS8970134-42976,Paul Stevenson,"Dania 3-Shelf Cabinet, Metal",Western Asia,450.912,-451.008
IS-2014-CM244563-41753,Chuck Magee,"Eldon Frame, Durable",Western Asia,453.12,117.72
IN-2015-FC14335144-42140,Fred Chung,"Samsung Signal Booster, with Caller ID",Southeastern Asia,453.4788,136.5588
IN-2017-VP2176058-42883,Victoria Pisteka,"Safco Stackable Bookrack, Pine",Southern Asia,454.5,90.9
IN-2017-AG1030059-42779,Aleksandra Gannaway,"Cisco Headset, Cordless",Southeastern Asia,454.6242,38.2842
AJ-2014-TC109809-41797,Tamara Chand,"Hon Executive Leather Armchair, Adjustable",Western Asia,454.71,50.01
IN-2016-AD1018027-42632,Alan Dominguez,"Hon Executive Leather Armchair, Adjustable",Eastern Asia,454.71,163.68
IN-2014-RF1973588-41830,Roland Fjeld,"Sharp Copy Machine, Color",Southeastern Asia,455.1876,-151.7724
IN-2017-CR1273058-42974,Craig Reiter,"Cisco Signal Booster, with Caller ID",Southern Asia,455.49,86.49
IZ-2014-SC1077061-41895,Stewart Carmichael,"Novimex Executive Leather Armchair, Adjustable",Western Asia,455.52,59.19
SA-2017-EJ4155110-42870,Eva Jacobs,"Novimex Executive Leather Armchair, Adjustable",Western Asia,455.52,59.19
IN-2017-SS2014059-42909,Saphhira Shifley,"HP Copy Machine, Color",Southeastern Asia,455.9418,205.8618
IN-2015-JK1609027-42345,Juliana Krohn,"Hon Executive Leather Armchair, Black",Eastern Asia,457.14,45.69
IN-2016-Dp1324027-42638,Dean percer,"Hon Executive Leather Armchair, Black",Eastern Asia,457.14,45.69
IS-2015-BD160563-42302,Brian Dahlen,"Hon Executive Leather Armchair, Black",Western Asia,457.14,169.14
LE-2014-CW190571-41859,Carl Weiss,"Hon Executive Leather Armchair, Black",Western Asia,457.14,169.14
IN-2017-TR2132559-43099,Toby Ritter,"Rogers Shelving, Wire Frame",Southeastern Asia,457.164,65.934
IN-2017-DV1304559-43052,Darrin Van Huff,"Nokia Signal Booster, Full Size",Southeastern Asia,457.4628,60.6228
IN-2017-JF15415102-42895,Jennifer Ferguson,"Cuisinart Stove, Red",Southeastern Asia,457.5465,134.5665
IN-2017-MC1727588-42972,Marc Crier,"Samsung Signal Booster, Full Size",Southeastern Asia,457.7616,-82.8384
ID-2016-CM1238566-42500,Christopher Martinez,"Ibico Binding Machine, Clear",Eastern Asia,457.92,0
IN-2017-EH1418588-42829,Evan Henry,"Lesro Training Table, Rectangular",Southeastern Asia,458.1564,-511.4436
ID-2016-KH16690144-42722,Kristen Hastings,"Hon Wood Table, Fully Assembled",Southeastern Asia,458.208,-245.112
ID-2017-EM13960144-43063,Eric Murdock,"Bush Library with Doors, Metal",Southeastern Asia,458.3628,-210.9972
MG-2014-JG531084-41814,Jason Gross,"Enermax Memory Card, USB",Eastern Asia,458.4,68.76
IR-2016-CS246060-42724,Chuck Sachs,"SAFCO Executive Leather Armchair, Black",Southern Asia,459,215.73
IZ-2017-RD972061-43042,Roger Demir,"SAFCO Executive Leather Armchair, Black",Western Asia,459,215.73
SA-2017-LW7125110-42898,Liz Willingham,"SAFCO Executive Leather Armchair, Black",Western Asia,459,215.73
IN-2017-HW1493559-42943,Helen Wasserman,"Cuisinart Microwave, White",Southeastern Asia,459.156,-77.484
IN-2017-IG1508527-43087,Ivan Gibson,"Hon Executive Leather Armchair, Adjustable",Eastern Asia,459.63,87.3
IN-2017-AG1090058-42903,Arthur Gainer,"Belkin Memory Card, USB",Southern Asia,460.08,13.8
ID-2016-CL12700144-42534,Craig Leslie,"Bevis Wood Table, Fully Assembled",Southeastern Asia,460.1688,-117.7512
ID-2016-TR21325102-42528,Toby Ritter,"Sharp Wireless Fax, High-Speed",Southeastern Asia,460.356,-49.584
SA-2015-RP9855110-42164,Roy Phan,"SAFCO Executive Leather Armchair, Red",Western Asia,461.43,4.59
ID-2016-DA1345059-42454,Dianna Arnett,"Nokia Signal Booster, Cordless",Southeastern Asia,462.642,11.082
IN-2015-LP17095102-42166,Liz Preis,"Sharp Copy Machine, Color",Southeastern Asia,463.32,-121.23
IN-2016-MT1781559-42524,Meg Tillman,"Breville Stove, White",Southeastern Asia,464.5344,151.0944
IN-2015-ZD2192511-42345,Zuschuss Donatelli,"Nokia Office Telephone, Full Size",Southern Asia,464.94,18.48
ID-2014-DK1309059-41991,Dave Kipp,"Breville Stove, Silver",Southeastern Asia,466.7007,-39.3693
IN-2015-DL1331578-42121,Delfina Latchford,"Office Star Executive Leather Armchair, Black",Southeastern Asia,467.43,219.69
IN-2017-SE20110113-42757,Sanjit Engle,"Office Star Executive Leather Armchair, Black",Southeastern Asia,467.43,219.69
IN-2017-JD1589588-42855,Jonathan Doherty,"Office Star Steel Folding Chair, Red",Southeastern Asia,468.6381,-134.9019
ID-2016-KH1636059-42672,Katherine Hughes,"Cisco Speaker Phone, Cordless",Southeastern Asia,469.2156,67.8156
LE-2015-PG882071-42182,Patrick Gardner,"Office Star Executive Leather Armchair, Red",Western Asia,469.68,183.15
IN-2014-TM2149059-41960,Tony Molinari,"Rogers File Cart, Industrial",Southeastern Asia,470.112,39.552
IN-2014-SV2078559-41741,Stewart Visinsky,"Sharp Fax and Copier, Laser",Southeastern Asia,470.394,202.284
ID-2016-CS1225059-42675,Chris Selesnick,"Hon Swivel Stool, Black",Southeastern Asia,470.7624,135.3624
ID-2015-VT21700118-42365,Valerie Takahito,"Safco Floating Shelf Set, Metal",Eastern Asia,470.88,0
IN-2014-EM1396059-41786,Eric Murdock,"Dania Floating Shelf Set, Metal",Southeastern Asia,470.9799,65.7999
IN-2016-CA1226527-42525,Christina Anderson,"Office Star Steel Folding Chair, Adjustable",Eastern Asia,471,216.6
IN-2015-RM19675144-42126,Robert Marley,"KitchenAid Stove, Black",Southeastern Asia,472.7514,45.5514
LE-2017-JF541571-43025,Jennifer Ferguson,"Harbour Creations Executive Leather Armchair, Black",Western Asia,473.61,137.34
ID-2014-BM1114059-41965,Becky Martin,"Epson Receipt Printer, Red",Southeastern Asia,473.847,-5.853
IN-2017-Co1264088-43096,Corey-Lock,"Epson Receipt Printer, Red",Southeastern Asia,473.847,-5.853
IN-2017-JB1592527-42910,Joni Blumstein,"Stanley Canvas, Water Color",Eastern Asia,473.85,160.92
ID-2017-KB1631559-43098,Karl Braun,"Sharp Fax and Copier, Color",Southeastern Asia,474.4116,15.2316
IN-2015-TM2149059-42079,Tony Molinari,"Safco 3-Shelf Cabinet, Pine",Southeastern Asia,474.8301,20.4201
ID-2017-DM1334559-43010,Denise Monton,"Ikea Floating Shelf Set, Traditional",Southeastern Asia,475.2486,-15.3414
ID-2017-FO1430527-43022,Frank Olsen,"Harbour Creations Executive Leather Armchair, Red",Eastern Asia,475.86,114.18
IN-2017-BS1166558-42981,Brian Stugart,"Epson Phone, White",Southern Asia,476.28,204.66
ID-2014-MZ1751588-41779,Mary Zewe,"Panasonic Phone, Red",Southeastern Asia,476.3619,63.0819
IN-2017-SS2059090-43008,Sonia Sunley,"Samsung Office Telephone, Cordless",Southern Asia,476.49,47.46
IN-2014-VD2167088-41760,Valerie Dominguez,"Hon Rocking Chair, Red",Southeastern Asia,476.763,78.363
IN-2015-DO1364527-42272,Doug O'Connell,"Konica Receipt Printer, Red",Eastern Asia,477.6,62.04
IN-2016-MH1729058-42687,Marc Harrigan,"Barricks Computer Table, Fully Assembled",Southern Asia,477.84,14.31
IN-2016-VP2176066-42623,Victoria Pisteka,"Office Star Chairmat, Adjustable",Eastern Asia,478.17,42.84
ID-2016-FH1436597-42665,Fred Hopkins,"Brother Fax Machine, Color",Southern Asia,479.97,-364.86
ID-2017-TP2156559-43086,Tracy Poddar,"Novimex Swivel Stool, Red",Southeastern Asia,480.2232,-13.2168
ID-2015-BD11620102-42322,Brian DeCherney,"Rubbermaid Frame, Durable",Southeastern Asia,481.14,-77.04
ID-2014-PB1921059-41770,Phillip Breyer,"Bush Floating Shelf Set, Pine",Southeastern Asia,481.6098,-5.2002
IN-2016-JA1597078-42533,Joseph Airdo,"Sharp Copy Machine, Color",Southeastern Asia,481.68,77.04
IN-2017-MM1792058-43056,Michael Moore,"Boston Canvas, Blue",Southern Asia,482.76,183.33
ID-2015-PA1906059-42127,Pete Armstrong,"SAFCO Rocking Chair, Black",Southeastern Asia,483.552,-152.448
IN-2014-AM10705130-41881,Anne McFarland,"SAFCO Rocking Chair, Black",Southeastern Asia,483.552,-152.448
IN-2017-GZ1454527-42825,George Zrebassa,"Hon Swivel Stool, Black",Eastern Asia,483.66,232.11
IN-2017-DK12985102-43099,Darren Koutras,"Dania Stackable Bookrack, Pine",Southeastern Asia,484.029,29.709
ID-2015-RE1945059-42168,Richard Eichhorn,"Brother Copy Machine, Color",Southeastern Asia,484.5114,151.0314
IN-2015-AO1081058-42190,Anthony O'Donnell,"StarTech Card Printer, White",Southern Asia,485.73,189.36
IN-2015-RD1993027-42204,Russell D'Ascenzo,"StarTech Card Printer, White",Eastern Asia,485.73,189.36
SA-2014-LE6810110-41795,Laurel Elliston,"Rogers Trays, Wire Frame",Western Asia,486,238.08
ID-2015-AC10420102-42285,Alyssa Crouse,"Novimex Swivel Stool, Black",Southeastern Asia,486.09,-19.47
IN-2017-JB1592511-42794,Joni Blumstein,"Novimex Swivel Stool, Black",Southern Asia,486.09,106.92
IN-2017-KC1625578-42738,Karen Carlisle,"Novimex Swivel Stool, Black",Southeastern Asia,486.09,106.92
ID-2016-JW1607558-42660,Julia West,"Dania Corner Shelving, Metal",Southern Asia,486.12,-77.88
ID-2017-SH2063559-42968,Stefanie Holloman,"Epson Receipt Printer, Durable",Southeastern Asia,486.1725,128.7225
SA-2014-EH4125110-41883,Eugene Hildebrand,"Dania Stackable Bookrack, Mobile",Western Asia,486.36,213.96
IN-2017-CM1211527-42966,Chad McGuire,"HP Copy Machine, High-Speed",Eastern Asia,487.38,107.22
IN-2016-AR1057011-42702,Anemone Ratner,"Ikea Stackable Bookrack, Metal",Southern Asia,488.16,136.68
ID-2016-SH2039527-42407,Shahid Hopkins,"SanDisk Keyboard, Bluetooth",Eastern Asia,488.88,117.18
IN-2016-NW1840088-42449,Natalie Webber,"Hamilton Beach Coffee Grinder, Black",Southeastern Asia,489.0858,164.8458
IR-2014-SZ1003560-41692,Sam Zeldin,"Hon Computer Table, Adjustable Height",Southern Asia,489.81,63.66
IZ-2014-BD162061-41960,Brian DeCherney,"HP Personal Copier, High-Speed",Western Asia,489.96,127.32
TU-2015-JL5850134-42313,John Lucas,"Tenex Lockers, Blue",Western Asia,489.96,-416.52
IR-2016-BO142560-42561,Bobby Odegard,"Logitech Router, Erganomic",Southern Asia,490.26,88.2
ID-2017-MY1738059-42766,Maribeth Yedwab,"Hoover Toaster, Silver",Southeastern Asia,490.3059,70.7259
IN-2017-PJ1901559-43056,Pauline Johnson,"Eldon Lockers, Wire Frame",Southeastern Asia,490.4802,153.6102
IN-2016-FG1426058-42478,Frank Gastineau,"Dania Stackable Bookrack, Pine",Southern Asia,491.76,83.52
ID-2014-SS2087559-41739,Sung Shariari,"Smead Shelving, Industrial",Southeastern Asia,492.1236,-41.7564
IN-2015-EJ14155130-42321,Eva Jacobs,"KitchenAid Blender, Silver",Southeastern Asia,492.273,154.053
IN-2014-AH1003059-41984,Aaron Hawkins,"SAFCO Rocking Chair, Red",Southeastern Asia,492.4215,13.4715
IN-2017-AC1061558-42798,Ann Chong,"Samsung Speaker Phone, VoIP",Southern Asia,493.32,172.56
IN-2017-DG1330058-42897,Deirdre Greer,"Novimex Swivel Stool, Red",Southern Asia,493.38,123.3
KG-2016-GM468070-42603,Greg Matthias,"Apple Speaker Phone, VoIP",Central Asia,493.56,197.4
IN-2014-JK15730102-41933,Joe Kamberova,"Advantus Frame, Erganomic",Southeastern Asia,493.83,85.59
ID-2017-CC1247559-42905,Cindy Chapman,"Smead Lockers, Blue",Southeastern Asia,494.0658,-11.9142
IN-2014-SV2081566-41869,Stuart Van,"Cuisinart Refrigerator, White",Eastern Asia,494.22,217.44
IR-2015-KB624060-42286,Karen Bern,"Cuisinart Refrigerator, White",Southern Asia,494.22,113.67
ID-2015-EH13990102-42315,Erica Hackney,"Tenex Frame, Black",Southeastern Asia,494.91,-138.69
IN-2017-CM12160102-42784,Charles McCrossin,"Deflect-O Frame, Black",Southeastern Asia,495.18,79.2
IN-2017-BM1178559-43011,Bryan Mills,"Okidata Phone, White",Southeastern Asia,495.3606,149.0706
IN-2016-KD1661527-42594,Ken Dana,"HP Personal Copier, Digital",Eastern Asia,495.72,54.48
IN-2017-OT1873027-43067,Olvera Toch,"Eaton Cards & Envelopes, Recycled",Eastern Asia,495.99,74.25
IZ-2017-AY55561-43012,Andy Yotov,"Cuisinart Refrigerator, Red",Western Asia,496.08,124.02
IN-2017-SH2039527-42965,Shahid Hopkins,"Sharp Ink, Digital",Eastern Asia,496.2,64.44
ID-2016-JB16000102-42384,Joy Bell-,"SAFCO Swivel Stool, Black",Southeastern Asia,496.53,152.25
IN-2015-LS17245113-42293,Lynn Smith,"HP Personal Copier, Laser",Southeastern Asia,497.16,154.08
IN-2016-TA2138527-42697,Tom Ashbrook,"HP Personal Copier, Laser",Eastern Asia,497.16,154.08
IN-2016-DR1288027-42497,Dan Reichenbach,"Logitech Router, Programmable",Eastern Asia,497.64,179.1
ID-2015-JB1604559-42163,Julia Barnett,"SAFCO Swivel Stool, Adjustable",Southeastern Asia,497.6556,61.3356
IN-2016-TC2153527-42398,Tracy Collins,"Hon Swivel Stool, Set of Two",Eastern Asia,497.7,104.49
IN-2016-JF1519058-42631,Jamie Frazer,"Nokia Speaker Phone, Full Size",Southern Asia,497.76,94.56
IN-2016-BD1162058-42735,Brian DeCherney,"Green Bar Cards & Envelopes, Multicolor",Southern Asia,498,44.7
ID-2015-BM1114059-42243,Becky Martin,"StarTech Inkjet, Durable",Southeastern Asia,498.2988,-66.0612
IN-2017-KW1643527-43074,Katrina Willman,"Sauder 3-Shelf Cabinet, Metal",Eastern Asia,498.42,224.28
IN-2016-DK13375113-42727,Dennis Kane,"Office Star Bag Chairs, Red",Southeastern Asia,498.96,74.79
IN-2016-AA1031558-42735,Alex Avila,"Bush Stackable Bookrack, Pine",Southern Asia,499.44,179.76
MG-2017-AM36084-42925,Alice McCarthy,"Hamilton Beach Refrigerator, Red",Eastern Asia,500.13,45
SA-2015-SC10260110-42181,Scott Cohen,"Hamilton Beach Refrigerator, Red",Western Asia,500.13,45
IN-2017-HG1484558-43070,Harry Greene,"Nokia Audio Dock, with Caller ID",Southern Asia,500.22,190.08
IN-2017-AS1009027-42884,Adam Shillingsburg,"Memorex Memory Card, Erganomic",Eastern Asia,500.4,140.1
IN-2016-PO1918027-42717,Philisse Overcash,"Samsung Audio Dock, with Caller ID",Eastern Asia,500.49,35.01
IN-2017-SU2066527-42821,Stephanie Ulpright,"Harbour Creations Steel Folding Chair, Set of Two",Eastern Asia,500.7,30
IS-2015-LS694563-42183,Linda Southworth,"Hamilton Beach Refrigerator, Silver",Western Asia,500.88,55.08
IN-2016-JP16135102-42444,Julie Prescott,"Novimex Rocking Chair, Set of Two",Southeastern Asia,501.3,126.9
IN-2017-MS1736578-42920,Maribeth Schnelling,"Harbour Creations Steel Folding Chair, Adjustable",Southeastern Asia,501.9,215.7
ID-2015-SE20110113-42051,Sanjit Engle,"Enermax Keyboard, USB",Southeastern Asia,502.02,125.46
ID-2016-TH2110059-42573,Thea Hendricks,"Breville Microwave, Silver",Southeastern Asia,502.0836,-48.4164
IN-2016-GH1466566-42398,Greg Hansen,"Sauder 3-Shelf Cabinet, Pine",Eastern Asia,504.09,60.48
IS-2015-CS240063-42320,Christopher Schild,"Bush Stackable Bookrack, Pine",Western Asia,504.12,105.84
IN-2015-PB1915027-42019,Philip Brown,"Samsung Speaker Phone, Cordless",Eastern Asia,504.36,201.72
IN-2016-GM1468027-42580,Greg Matthias,"Samsung Speaker Phone, Cordless",Eastern Asia,504.36,201.72
IN-2014-CA1277558-41944,Cynthia Arntzen,"Sharp Fax and Copier, Digital",Southern Asia,504.72,232.11
IN-2014-RS19765113-41974,Roland Schwarz,"Sharp Fax and Copier, Digital",Southeastern Asia,504.72,232.11
IN-2016-SS2041078-42704,Shahid Shariari,"Safco 3-Shelf Cabinet, Metal",Southeastern Asia,504.9,237.24
IN-2017-JP1613559-42841,Julie Prescott,"Samsung Headset, Cordless",Southeastern Asia,504.972,127.692
IN-2016-DJ1351027-42673,Don Jones,"Logitech Memory Card, Erganomic",Eastern Asia,505.95,30.3
IN-2017-RB1970527-42763,Roger Barcio,"Novimex Steel Folding Chair, Set of Two",Eastern Asia,506.88,20.16
IN-2014-SG2060527-41811,Speros Goranitis,"Sauder 3-Shelf Cabinet, Mobile",Eastern Asia,507.6,203.04
ID-2014-DH13075102-41720,Dave Hallsten,"Canon Copy Machine, High-Speed",Southeastern Asia,507.663,-78.147
IN-2017-NZ1856511-42827,Nick Zandusky,"SanDisk Router, Erganomic",Southern Asia,508.32,81.3
IR-2015-RD993060-42338,Russell D'Ascenzo,"Lesro Coffee Table, Adjustable Height",Southern Asia,508.38,172.8
ID-2015-JW1595559-42254,Joni Wasserman,"Tenex Lockers, Single Width",Southeastern Asia,508.4082,-18.4518
IS-2016-BD172563-42454,Bruce Degenhardt,"StarTech Printer, White",Western Asia,509.16,91.62
IN-2017-JS1568527-43060,Jim Sink,"Ikea Floating Shelf Set, Metal",Eastern Asia,509.4,5.04
IN-2016-AP1072058-42657,Anne Pryor,"Memorex Keyboard, Programmable",Southern Asia,509.88,71.19
IS-2016-JM553563-42461,Jessica Myrick,"Smead File Cart, Blue",Western Asia,509.88,5.04
IS-2016-RA928563-42647,Ralph Arnett,"Smead File Cart, Blue",Western Asia,509.88,5.04
IN-2017-AJ1094558-43009,Ashley Jarboe,"SAFCO Swivel Stool, Set of Two",Southern Asia,510.57,56.16
IN-2015-NH1861059-42147,Nicole Hansen,"Hoover Microwave, Black",Southeastern Asia,511.3962,160.1562
IN-2017-JM1525027-43065,Janet Martin,"SanDisk Numeric Keypad, Erganomic",Eastern Asia,511.65,51.03
IN-2017-RD1958558-42741,Rob Dowd,"Eldon File Cart, Single Width",Southern Asia,511.68,30.6
IN-2016-RA1928566-42601,Ralph Arnett,"Bush Floating Shelf Set, Metal",Eastern Asia,512.19,133.11
IR-2017-AR57060-42948,Anemone Ratner,"SanDisk Router, Bluetooth",Southern Asia,512.7,199.92
SA-2015-NR8550110-42226,Nick Radford,"SanDisk Router, Bluetooth",Western Asia,512.7,199.92
IN-2015-JL1583527-42132,John Lee,"Panasonic Card Printer, Red",Eastern Asia,512.91,0
IN-2017-TP2141521-43000,Tom Prescott,"Panasonic Card Printer, Red",Southeastern Asia,512.91,0
ID-2014-HM14860118-41877,Harry Marie,"Smead File Cart, Single Width",Eastern Asia,513.72,-82.2
IN-2017-PG18895130-42899,Paul Gonzalez,"Konica Calculator, Wireless",Southeastern Asia,514.2348,192.0348
ID-2015-MW18235144-42111,Mitch Willingham,"Barricks Coffee Table, Rectangular",Southeastern Asia,514.4004,-550.3596
IN-2016-JH1591058-42407,Jonathan Howell,"Office Star Swivel Stool, Black",Southern Asia,514.53,210.87
TU-2017-PT9090134-42739,Pete Takahito,"Motorola Smart Phone, Full Size",Western Asia,515.184,-386.436
IN-2017-SG2060566-42889,Speros Goranitis,"Konica Phone, Wireless",Eastern Asia,517.14,243
IN-2015-EB1411059-42131,Eugene Barchas,"Panasonic Inkjet, Wireless",Southeastern Asia,518.0694,180.9894
TU-2017-GA4515134-42758,George Ashbrook,"StarTech Card Printer, White",Western Asia,518.112,-570.048
ID-2017-LC1693097-42995,Linda Cazamias,"Novimex Swivel Stool, Black",Southern Asia,518.496,12.936
IN-2016-JR1621058-42581,Justin Ritter,"HP Fax and Copier, Laser",Southern Asia,518.67,124.47
IN-2014-CL12700102-41930,Craig Leslie,"Cisco Speaker Phone, with Caller ID",Southeastern Asia,519.3,110.7
IN-2017-RR1931558-42956,Ralph Ritter,"Motorola Audio Dock, with Caller ID",Southern Asia,520.11,244.44
IN-2014-RD19720113-41760,Roger Demir,"HP Ink, Color",Southeastern Asia,520.56,36.36
TU-2017-LC6930134-42809,Linda Cazamias,"Cisco Smart Phone, Cordless",Western Asia,521.184,-260.616
IN-2017-FM1421578-42882,Filia McAdams,"Bush Floating Shelf Set, Mobile",Southeastern Asia,521.37,26.01
IN-2017-JE1561027-43004,Jim Epp,"Office Star Swivel Stool, Red",Eastern Asia,521.82,114.75
IN-2017-WB2185027-43077,William Brown,"Okidata Phone, Durable",Eastern Asia,521.82,15.48
SA-2017-DK3375110-42794,Dennis Kane,"Epson Printer, White",Western Asia,522.06,20.88
ID-2014-TM2149027-41730,Tony Molinari,"Okidata Card Printer, White",Eastern Asia,522.72,214.29
IN-2017-JG1580559-42904,John Grady,"Office Star Rocking Chair, Adjustable",Southeastern Asia,523.41,-179.34
IN-2017-JK1609027-42738,Juliana Krohn,"Motorola Audio Dock, Full Size",Eastern Asia,523.98,125.73
IN-2014-GT1471058-41888,Greg Tran,"Motorola Speaker Phone, Full Size",Southern Asia,524.28,146.76
IN-2017-CD1279078-42853,Cynthia Delaney,"Canon Copy Machine, Laser",Southeastern Asia,524.28,131.04
IN-2016-EM14095144-42448,Eudokia Martin,"Sharp Fax and Copier, High-Speed",Southeastern Asia,525.42,-258.63
IN-2015-SN2056027-42250,Skye Norling,"Konica Card Printer, Wireless",Eastern Asia,525.51,262.71
IZ-2017-CS225061-43098,Chris Selesnick,"Novimex Rocking Chair, Red",Western Asia,525.72,94.56
IN-2015-TB21055113-42292,Ted Butterfield,"KitchenAid Refrigerator, White",Southeastern Asia,526.08,173.58
IZ-2017-GH442561-43079,Gary Hwang,"Stanley Canvas, Water Color",Western Asia,526.5,231.6
ID-2017-LH1702097-42902,Lisa Hazard,"Hewlett Copy Machine, Laser",Southern Asia,526.62,-221.22
ID-2015-CJ12010144-42029,Caroline Jumper,"Rogers Lockers, Single Width",Southeastern Asia,527.0085,171.4185
IN-2017-JF1549078-43065,Jeremy Farry,"Canon Copy Machine, Color",Southeastern Asia,527.16,0
IN-2015-CS1217558-42104,Charles Sheldon,"Novimex Chairmat, Set of Two",Southern Asia,527.31,194.94
IN-2017-CM1193559-42828,Carlos Meador,"Ikea 3-Shelf Cabinet, Metal",Southeastern Asia,527.868,73.788
ID-2017-AC10660144-43037,Anna Chung,"Harbour Creations Rocking Chair, Black",Southeastern Asia,528.009,-72.441
ID-2016-LW17125102-42575,Liz Willingham,"Office Star Swivel Stool, Set of Two",Southeastern Asia,528.57,-176.19
KG-2017-TG1131070-42833,Toby Gnade,"KitchenAid Refrigerator, Silver",Central Asia,528.69,206.16
ID-2015-JF1519059-42184,Jamie Frazer,"Smead File Cart, Blue",Southeastern Asia,529.0005,76.4505
IN-2017-TB2117558-43055,Thomas Boland,"Office Star Swivel Stool, Adjustable",Southern Asia,529.29,68.76
IN-2015-CA1205558-42174,Cathy Armstrong,"SAFCO Rocking Chair, Black",Southern Asia,529.92,21.12
ID-2017-DK1315059-42834,David Kendrick,"Hewlett Personal Copier, High-Speed",Southeastern Asia,529.9884,-34.2516
IN-2016-SH19975130-42706,Sally Hughsby,"Safco 3-Shelf Cabinet, Metal",Southeastern Asia,530.145,84.045
ID-2014-MW1823597-41993,Mitch Willingham,"Hewlett Copy Machine, Color",Southern Asia,530.22,-498.42
IN-2016-KE1642058-42728,Katrina Edelman,"Hewlett Copy Machine, Color",Southern Asia,530.22,15.9
IN-2015-MW1823566-42100,Mitch Willingham,"Safco Stackable Bookrack, Pine",Eastern Asia,530.25,-318.15
IN-2017-RF1984058-43004,Roy Französisch,"Hon Rocking Chair, Set of Two",Southern Asia,531.48,21.24
IN-2014-BD1163558-41989,Brian Derr,"Konica Printer, White",Southern Asia,532.5,207.66
IN-2017-JB1592527-43091,Joni Blumstein,"Konica Printer, White",Eastern Asia,532.5,207.66
IN-2015-PF1916558-42280,Philip Fox,"Apple Office Telephone, Full Size",Southern Asia,532.56,85.2
GG-2017-DV346547-43087,Dianna Vittorini,"Panasonic Printer, Wireless",Western Asia,532.98,133.2
ID-2014-PM1913559-41819,Peter McVee,"Barricks Round Table, Fully Assembled",Southeastern Asia,533.1588,-301.8012
ID-2017-ML1741059-42836,Maris LaWare,"Barricks Round Table, Fully Assembled",Southeastern Asia,533.1588,-301.8012
ID-2017-RC1996059-42904,Ryan Crowe,"Brother Fax and Copier, Digital",Southeastern Asia,533.2527,206.3727
IN-2014-EB1411059-41956,Eugene Barchas,"Brother Fax and Copier, Digital",Southeastern Asia,533.2527,206.3727
IN-2017-MC1727566-42860,Marc Crier,"Sharp Wireless Fax, Laser",Eastern Asia,533.88,-74.79
IZ-2015-MS771061-42173,Maurice Satty,"Chromcraft Coffee Table, with Bottom Storage",Western Asia,534.18,16.02
IN-2015-DK1283527-42108,Damala Kotsonis,"Deflect-O Frame, Durable",Eastern Asia,535.35,230.1
IN-2017-LT1676511-43017,Larry Tron,"Konica Printer, Wireless",Southern Asia,535.68,246.36
IN-2016-GH14485102-42520,Gene Hale,"Bush Classic Bookcase, Metal",Southeastern Asia,535.782,65.922
ID-2016-AG1076558-42724,Anthony Garverick,"Bevis Wood Table, Adjustable Height",Southern Asia,535.8,-96.48
SA-2016-VG11805110-42477,Vivek Grady,"Cuisinart Stove, White",Western Asia,536.43,91.17
TU-2016-AR510134-42576,Andrew Roberts,"SAFCO Swivel Stool, Red",Western Asia,537.408,-134.352
ID-2016-SC20695144-42568,Steve Chapman,"Dania Floating Shelf Set, Pine",Southeastern Asia,537.705,-213.495
ID-2017-SV20365130-42904,Seth Vernon,"Dania Floating Shelf Set, Pine",Southeastern Asia,537.705,-213.495
ID-2017-CC1214597-43018,Charles Crestani,"Sharp Personal Copier, Digital",Southern Asia,538.38,-506.25
IN-2016-MH1778527-42427,Maya Herman,"Tenex File Cart, Single Width",Eastern Asia,538.44,156.12
IN-2017-DB1366011-42876,Duane Benoit,"Tenex File Cart, Single Width",Southern Asia,538.44,156.12
IN-2016-AF10870118-42507,Art Ferguson,"HP Wireless Fax, Digital",Eastern Asia,539.775,-302.355
IN-2015-RD1990066-42338,Ruben Dartt,"Harbour Creations Swivel Stool, Red",Eastern Asia,540.36,16.2
SA-2015-RP9390110-42355,Resi Pölking,"Hamilton Beach Stove, Red",Western Asia,542.34,244.05
IN-2014-DK13150102-41705,David Kendrick,"Cisco Office Telephone, with Caller ID",Southeastern Asia,543.105,-7.425
IN-2014-PO18865102-41715,Patrick O'Donnell,"Hamilton Beach Blender, Silver",Southeastern Asia,543.456,70.146
IN-2015-KB1640578-42359,Katrina Bavinger,"StarTech Receipt Printer, White",Southeastern Asia,544.95,119.85
ID-2016-NC1834059-42468,Nat Carroll,"Barricks Wood Table, Rectangular",Southeastern Asia,545.37,-298.41
SA-2015-JB6000110-42230,Joy Bell-,"Fellowes File Cart, Wire Frame",Western Asia,545.52,114.48
IN-2015-NG1843058-42049,Nathan Gelder,"Nokia Signal Booster, with Caller ID",Southern Asia,546,60
ID-2017-VD21670130-42969,Valerie Dominguez,"Rubbermaid Frame, Durable",Southeastern Asia,546.3612,-104.8488
QA-2015-TC10980105-42054,Tamara Chand,"Office Star Chairmat, Adjustable",Western Asia,546.48,213.12
IN-2014-AG10675102-41967,Anna Gayman,"Safco 3-Shelf Cabinet, Metal",Southeastern Asia,546.975,100.875
IN-2015-CC1261027-42016,Corey Catlett,"Harbour Creations Swivel Stool, Set of Two",Eastern Asia,547.11,185.94
IN-2017-MC1760527-43044,Matt Connell,"Ikea Library with Doors, Mobile",Eastern Asia,548.865,-395.235
IN-2015-FC1424578-42201,Frank Carlisle,"Fellowes File Cart, Blue",Southeastern Asia,549.24,252.6
IN-2015-SO2033558-42133,Sean O'Donnell,"Fellowes File Cart, Blue",Southern Asia,549.24,252.6
IR-2017-LP709560-42984,Liz Preis,"Fellowes File Cart, Single Width",Southern Asia,549.36,0
ID-2017-BF11080102-43045,Bart Folk,"Cisco Audio Dock, Full Size",Southeastern Asia,550.08,-66.12
IN-2017-EJ1372059-43050,Ed Jacobs,"Office Star Steel Folding Chair, Adjustable",Southeastern Asia,550.128,143.088
IN-2016-JF1519058-42675,Jamie Frazer,"SanDisk Memory Card, Erganomic",Southern Asia,551.1,49.5
IN-2014-HR1483058-41901,Harold Ryan,"Nokia Signal Booster, Full Size",Southern Asia,551.16,154.32
IN-2017-ML17755130-42938,Max Ludwig,"Safco Classic Bookcase, Metal",Southeastern Asia,551.3886,-157.5714
IN-2017-KE1642059-42951,Katrina Edelman,"Hewlett Ink, Digital",Southeastern Asia,551.7504,195.7104
IZ-2016-AC42061-42521,Alyssa Crouse,"Cuisinart Microwave, White",Western Asia,553.2,60.84
IN-2017-EB1417058-42969,Evan Bailliet,"Office Star Rocking Chair, Black",Southern Asia,553.92,199.32
IN-2014-DF1313559-41650,David Flashing,"Apple Audio Dock, VoIP",Southeastern Asia,554.3736,40.0536
IN-2014-BE1145527-41701,Brad Eason,"Cisco Audio Dock, Cordless",Eastern Asia,554.76,0
IN-2015-JG1580527-42160,John Grady,"SanDisk Keyboard, Erganomic",Eastern Asia,555.03,266.28
ID-2017-AF1088559-43024,Art Foster,"Novimex Steel Folding Chair, Set of Two",Southeastern Asia,555.0336,-175.0464
TU-2016-NH8610134-42610,Nicole Hansen,"Motorola Audio Dock, VoIP",Western Asia,555.072,-430.368
ID-2016-CK12325130-42651,Christine Kargatis,"Safco Classic Bookcase, Mobile",Southeastern Asia,555.2442,-229.1958
ID-2017-CL12700102-43092,Craig Leslie,"Enermax Memory Card, Erganomic",Southeastern Asia,555.39,-30.51
IN-2014-EH13990102-41886,Erica Hackney,"Ikea 3-Shelf Cabinet, Traditional",Southeastern Asia,555.516,59.796
SA-2016-SB10290110-42706,Sean Braxton,"Cuisinart Microwave, Red",Western Asia,556.92,150.36
ID-2015-SC2038059-42357,Shahid Collister,"HP Fax Machine, Digital",Southeastern Asia,557.2188,47.8788
TU-2016-DE3255134-42616,Deanra Eno,"Eldon Frame, Black",Western Asia,558,-446.4
ID-2015-FO1430559-42118,Frank Olsen,"Tenex File Cart, Single Width",Southeastern Asia,558.6315,80.7315
IZ-2015-LC693061-42121,Linda Cazamias,"Breville Stove, White",Western Asia,559.68,123.12
IN-2014-GA14515102-41883,George Ashbrook,"Tenex Lockers, Single Width",Southeastern Asia,561.495,-316.605
ID-2015-AB10015130-42366,Aaron Bergman,"Rubbermaid Frame, Black",Southeastern Asia,561.5379,-0.0021
IN-2017-NS1864027-43052,Noel Staavos,"Rogers File Cart, Blue",Eastern Asia,562.68,208.08
ID-2017-KB16405102-43070,Katrina Bavinger,"Brother Personal Copier, Color",Southeastern Asia,562.887,129.807
IN-2015-JK1532527-42338,Jason Klamczynski,"Canon Personal Copier, High-Speed",Eastern Asia,563.76,16.8
IN-2016-BK1126027-42640,Berenike Kampe,"Hamilton Beach Microwave, Red",Eastern Asia,565.02,129.9
IN-2015-JG1531058-42177,Jason Gross,"Cisco Speaker Phone, Cordless",Southern Asia,565.32,163.92
ID-2015-HG1502597-42309,Hunter Glantz,"Brother Wireless Fax, High-Speed",Southern Asia,565.515,-237.555
ID-2017-BF11005130-43092,Barry Franz,"HP Fax Machine, Digital",Southeastern Asia,566.2062,-197.8038
ID-2016-KM1666059-42546,Khloe Miller,"Chromcraft Coffee Table, with Bottom Storage",Southeastern Asia,566.2308,-363.2892
IN-2016-AB1001558-42569,Aaron Bergman,"Rogers File Cart, Industrial",Southern Asia,566.4,135.84
IZ-2017-TB1119061-42986,Thomas Brumley,"Hoover Stove, White",Western Asia,566.61,28.32
IN-2014-BF11170102-41819,Ben Ferrer,"Sauder Classic Bookcase, Traditional",Southeastern Asia,566.787,17.427
ID-2016-DR1288058-42601,Dan Reichenbach,"Bush Stackable Bookrack, Pine",Southern Asia,567.135,-510.435
ID-2015-VF2171558-42296,Vicky Freymann,"Canon Wireless Fax, Digital",Southern Asia,567.45,-522.09
IN-2015-JP1546059-42285,Jennifer Patt,"Ikea Stackable Bookrack, Metal",Southeastern Asia,567.486,128.136
ID-2014-RP19270118-41729,Rachel Payne,"Ikea 3-Shelf Cabinet, Metal",Eastern Asia,567.6,0
IN-2017-AF1087058-42842,Art Ferguson,"Ikea 3-Shelf Cabinet, Metal",Southern Asia,567.6,113.52
ID-2015-ME1772559-42247,Max Engle,"Panasonic Card Printer, Red",Southeastern Asia,567.6204,-116.2596
ID-2017-ES1402097-43035,Erica Smith,"Brother Wireless Fax, Laser",Southern Asia,568.215,-79.605
IN-2016-RP19270102-42675,Rachel Payne,"Hewlett Personal Copier, Color",Southeastern Asia,568.269,87.309
IZ-2016-BD172561-42493,Bruce Degenhardt,"KitchenAid Stove, White",Western Asia,568.29,136.38
SA-2016-PS8760110-42603,Pamela Stobb,"Hoover Stove, Red",Western Asia,568.47,284.22
IN-2016-SH2063527-42583,Stefanie Holloman,"Canon Fax and Copier, High-Speed",Eastern Asia,568.62,45.45
IN-2017-LS1724527-42820,Lynn Smith,"Brother Fax and Copier, High-Speed",Eastern Asia,569.07,187.74
ID-2017-HL15040102-42959,Hunter Lopez,"StarTech Printer, Red",Southeastern Asia,569.97,-159.66
UZ-2017-FP4320142-43018,Frank Preis,"KitchenAid Stove, Red",Central Asia,570.15,159.63
SY-2015-BD1635126-42224,Brian Derr,"Canon Personal Copier, Laser",Western Asia,570.96,256.92
IN-2017-IL1510058-42954,Ivan Liston,"Bush 3-Shelf Cabinet, Metal",Southern Asia,571.32,251.28
IR-2017-MD735060-43018,Maribeth Dona,"Harbour Creations Steel Folding Chair, Black",Southern Asia,572.76,91.62
IN-2017-AC1061527-42780,Ann Chong,"Bush 3-Shelf Cabinet, Traditional",Eastern Asia,573.48,200.64
IN-2016-SZ2003558-42507,Sam Zeldin,"Hewlett Personal Copier, Digital",Southern Asia,575.64,270.48
ID-2015-JE1574559-42341,Joel Eaton,"Novimex Rocking Chair, Red",Southeastern Asia,575.6634,-149.9166
IN-2014-MT1807058-41917,Michelle Tran,"Dania 3-Shelf Cabinet, Mobile",Southern Asia,575.88,0
ID-2017-NM1852097-42994,Neoma Murray,"Harbour Creations Chairmat, Red",Southern Asia,576,194.4
IN-2017-PV18985113-42945,Paul Van Hugh,"Harbour Creations Chairmat, Red",Southeastern Asia,576,270.72
ID-2017-VT21700118-42879,Valerie Takahito,"Harbour Creations Swivel Stool, Red",Eastern Asia,576.384,-122.496
IN-2017-GR1456027-43045,Georgia Rosenberg,"Motorola Signal Booster, Full Size",Eastern Asia,577.68,75
IN-2017-CC1268558-42959,Craig Carroll,"Canon Fax and Copier, Color",Southern Asia,578.34,277.56
IN-2014-HA1490527-41918,Helen Abelman,"Hewlett Fax and Copier, Laser",Eastern Asia,578.61,150.39
IN-2014-WB2185027-41883,William Brown,"Harbour Creations Rocking Chair, Black",Eastern Asia,578.64,98.28
TU-2014-MY8295134-41867,Muhammed Yedwab,"Dania Library with Doors, Metal",Western Asia,578.976,-361.944
IN-2015-JM1526527-42119,Janet Molinari,"Enermax Memory Card, Programmable",Eastern Asia,579.45,225.9
IN-2017-AS1013558-42960,Adrian Shami,"Enermax Memory Card, Programmable",Southern Asia,579.45,225.9
IN-2015-TR2132558-42233,Toby Ritter,"Eldon Frame, Black",Southern Asia,581.25,46.5
IN-2017-GH1466527-42884,Greg Hansen,"Belkin Memory Card, Programmable",Eastern Asia,581.55,122.1
IN-2017-CM12445102-42757,Chuck Magee,"Sauder Stackable Bookrack, Pine",Southeastern Asia,582.426,26.766
ID-2017-JC1534097-43030,Jasper Cacioppo,"Dania Library with Doors, Mobile",Southern Asia,583.872,-21.948
TU-2016-BT1440134-42731,Bobby Trafton,"Dania Library with Doors, Mobile",Western Asia,583.872,-540.168
IN-2016-RD1966027-42531,Robert Dilbeck,"Motorola Signal Booster, Cordless",Eastern Asia,583.92,216
ID-2014-JM1526597-41749,Janet Molinari,"Harbour Creations Swivel Stool, Adjustable",Southern Asia,584.352,-102.288
ID-2016-LC16870118-42630,Lena Cacioppo,"Bush Library with Doors, Mobile",Eastern Asia,586.944,168.744
ID-2015-PL1892527-42022,Paul Lucas,"Canon Ink, Digital",Eastern Asia,587.16,146.76
IN-2017-GW1460558-42904,Giulietta Weimer,"Canon Ink, Digital",Southern Asia,587.16,146.76
JO-2015-RH951067-42032,Rick Huthwaite,"Sauder Stackable Bookrack, Mobile",Western Asia,587.28,170.28
IN-2017-TC2114566-43049,Theresa Coyne,"Samsung Office Telephone, VoIP",Eastern Asia,587.79,264.33
IN-2014-JR1567027-41761,Jim Radford,"Safco Floating Shelf Set, Metal",Eastern Asia,588.6,117.72
IN-2016-LS1697558-42720,Lindsay Shagiari,"Sauder Corner Shelving, Traditional",Southern Asia,589.2,212.04
IN-2014-SA2083027-41810,Sue Ann Reed,"KitchenAid Blender, Black",Eastern Asia,589.68,200.34
ID-2016-PF1916597-42579,Philip Fox,"Motorola Speaker Phone, Full Size",Southern Asia,589.815,-259.605
TU-2016-TB11625134-42702,Trudy Brown,"Memorex Router, Bluetooth",Western Asia,590.904,-325.116
IN-2017-DN1369027-42973,Duane Noonan,"Sauder Floating Shelf Set, Mobile",Eastern Asia,591.3,218.7
IN-2016-MC1763559-42715,Matthew Clasen,"Hewlett Fax Machine, High-Speed",Southeastern Asia,591.7032,184.4832
ID-2015-CP1208559-42035,Cathy Prescott,"Motorola Signal Booster, with Caller ID",Southeastern Asia,593.9895,-71.7105
ID-2015-LO1717059-42164,Lori Olson,"Panasonic Receipt Printer, White",Southeastern Asia,594.1638,-28.6362
IN-2017-PO1918027-42890,Philisse Overcash,"Canon Ink, Color",Eastern Asia,594.36,112.92
IN-2014-DK1298558-41715,Darren Koutras,"Safco Corner Shelving, Metal",Southern Asia,595.68,0
IN-2014-PO1886511-41979,Patrick O'Donnell,"Safco Stackable Bookrack, Mobile",Southern Asia,595.92,71.4
IN-2017-PS1904558-43003,Penelope Sewall,"Smead Lockers, Industrial",Southern Asia,596.7,83.52
ID-2015-TC21145102-42321,Theresa Coyne,"Hon Rocking Chair, Set of Two",Southeastern Asia,597.915,-167.445
KG-2015-ME772570-42313,Max Engle,"Harbour Creations Rocking Chair, Adjustable",Central Asia,598.32,191.4
SA-2016-CM1830110-42616,Cari MacIntyre,"HP Fax Machine, Digital",Western Asia,599.16,0
IR-2017-AW84060-43044,Anthony Witt,"StarTech Inkjet, Durable",Southern Asia,600.36,66
GG-2017-SJ1021547-42958,Sarah Jordon,"Hewlett Ink, Color",Western Asia,600.48,84
ID-2014-SW20245102-41830,Scot Wooten,"Harbour Creations Steel Folding Chair, Set of Two",Southeastern Asia,600.84,-152.28
IN-2017-AB10015144-42776,Aaron Bergman,"Sharp Copy Machine, Laser",Southeastern Asia,602.3808,114.7008
ID-2014-FC14245118-41887,Frank Carlisle,"HP Fax Machine, Color",Eastern Asia,602.76,-229.08
IN-2015-JS1568558-42101,Jim Sink,"HP Fax Machine, Color",Southern Asia,602.76,186.84
IN-2016-DG1330027-42734,Deirdre Greer,"Konica Receipt Printer, White",Eastern Asia,603.3,205.05
IR-2017-JF535560-43004,Jay Fein,"Breville Microwave, Red",Southern Asia,603.42,54.3
IN-2015-XP2186527-42278,Xylona Preis,"Panasonic Receipt Printer, Wireless",Eastern Asia,604.5,36.15
IN-2014-SJ20500113-41868,Shirley Jackson,"Dania Stackable Bookrack, Traditional",Southeastern Asia,605.25,266.25
ID-2015-PR18880102-42336,Patrick Ryan,"Lesro Round Table, Rectangular",Southeastern Asia,606.933,-418.167
IN-2017-JO1528058-42973,Jas O'Carroll,"Logitech Memory Card, Erganomic",Southern Asia,607.14,36.36
ID-2016-LM1706559-42680,Liz MacKendrick,"Cisco Office Telephone, Full Size",Southeastern Asia,610.6725,110.3625
IN-2016-AS1022558-42500,Alan Schoenberger,"Ikea Corner Shelving, Metal",Southern Asia,612.6,55.05
IN-2016-Co1264066-42564,Corey-Lock,"Ikea Stackable Bookrack, Traditional",Eastern Asia,612.9,177.6
IN-2017-VW2177559-42977,Victoria Wilson,"SAFCO Swivel Stool, Red",Southeastern Asia,612.981,100.731
IN-2017-LS1723078-42982,Lycoris Saunders,"Tenex Lockers, Industrial",Southeastern Asia,613.89,153.45
IN-2017-NR1855027-42970,Nick Radford,"Epson Inkjet, Wireless",Eastern Asia,616.44,265.02
IR-2017-NS864060-42967,Noel Staavos,"KitchenAid Microwave, White",Southern Asia,616.92,203.58
IN-2015-AB1060021-42132,Ann Blume,"Dania Corner Shelving, Pine",Southeastern Asia,617.1,172.65
IN-2017-TZ2144527-43031,Tom Zandusky,"Bush Stackable Bookrack, Mobile",Eastern Asia,617.55,172.8
IN-2014-SS2014027-41811,Saphhira Shifley,"Hoover Microwave, Silver",Eastern Asia,618.78,259.86
ID-2014-AR1040527-41811,Allen Rosenblatt,"Bush Classic Bookcase, Traditional",Eastern Asia,619.02,-544.77
ID-2014-CR12625118-41849,Corey Roper,"Fellowes Lockers, Wire Frame",Eastern Asia,619.2,-223.02
ID-2015-JG15805102-42184,John Grady,"Canon Fax Machine, Digital",Southeastern Asia,620.1585,-314.8515
IN-2015-SW20755102-42211,Steven Ward,"Canon Fax Machine, Digital",Southeastern Asia,620.1585,-314.8515
IN-2017-LF1718558-43051,Luke Foster,"Rubbermaid Photo Frame, Black",Southern Asia,621,99.36
SA-2017-MC7575110-43057,Matt Collins,"Panasonic Inkjet, White",Western Asia,621,180.06
IN-2016-AA1064558-42510,Anna Andreadi,"HP Personal Copier, Laser",Southern Asia,621.45,192.6
ID-2015-BW1120027-42177,Ben Wallace,"KitchenAid Microwave, Silver",Eastern Asia,622.14,87.06
IN-2016-MK1790527-42405,Michael Kennedy,"KitchenAid Microwave, Silver",Eastern Asia,622.14,87.06
IR-2017-BD132060-42864,Bill Donatelli,"KitchenAid Microwave, Silver",Southern Asia,622.14,18.66
ID-2016-CA12265102-42658,Christina Anderson,"Canon Fax Machine, Color",Southeastern Asia,623.6685,-153.5715
TU-2016-ON8715134-42641,Odella Nelson,"Sauder Library with Doors, Mobile",Western Asia,624.24,-702.36
LE-2016-CC267071-42378,Craig Carreira,"Panasonic Inkjet, Durable",Western Asia,624.42,124.86
IR-2014-DK337560-41697,Dennis Kane,"Epson Phone, Red",Southern Asia,624.96,93.6
BA-2016-ES408010-42633,Erin Smith,"Okidata Inkjet, Durable",Western Asia,625.02,6.24
ID-2016-EP13915102-42721,Emily Phan,"Apple Audio Dock, VoIP",Southeastern Asia,626.175,-16.725
IN-2017-CA11965102-42987,Carol Adams,"Epson Card Printer, Red",Southeastern Asia,626.625,91.875
IR-2015-AH19560-42315,Alan Haines,"Konica Inkjet, Wireless",Southern Asia,627.12,106.56
IN-2015-ML1804059-42243,Michelle Lonsdale,"Sharp Fax and Copier, Laser",Southeastern Asia,627.192,269.712
ID-2017-JM1525027-42917,Janet Martin,"Ikea Corner Shelving, Mobile",Eastern Asia,627.9,31.35
IN-2015-AR1034558-42261,Alex Russell,"Okidata Inkjet, Wireless",Southern Asia,628.44,276.48
IN-2015-NP18685102-42239,Nora Pelletier,"Chromcraft Round Table, with Bottom Storage",Southeastern Asia,630.585,-140.175
ID-2016-KH16690130-42491,Kristen Hastings,"Smead Lockers, Single Width",Southeastern Asia,631.071,-23.949
IN-2017-JK1573027-43052,Joe Kamberova,"Rogers Lockers, Wire Frame",Eastern Asia,632.07,101.07
IN-2016-AD1018027-42567,Alan Dominguez,"Canon Fax Machine, High-Speed",Eastern Asia,633.18,132.96
IN-2017-SV2093558-43052,Susan Vittorini,"Brother Fax Machine, High-Speed",Southern Asia,633.48,69.66
IN-2015-KC1625527-42094,Karen Carlisle,"HP Ink, High-Speed",Eastern Asia,634.5,272.7
ID-2014-BN1147078-41972,Brad Norvell,"Eldon File Cart, Blue",Southeastern Asia,634.8,171.3
IN-2017-RF1934527-42738,Randy Ferguson,"Eldon File Cart, Blue",Eastern Asia,634.8,171.3
IN-2014-JR1621066-41924,Justin Ritter,"Rogers Lockers, Blue",Eastern Asia,634.86,31.68
IN-2015-TS2134027-42245,Toby Swindell,"Rogers Lockers, Single Width",Eastern Asia,634.95,279.36
IN-2017-SD2048527-42990,Shirley Daniels,"Rogers Lockers, Single Width",Eastern Asia,634.95,279.36
IR-2014-FH436560-41844,Fred Hopkins,"Samsung Smart Phone, with Caller ID",Southern Asia,636.15,311.7
IZ-2017-Dl360061-42989,Dorris liebe,"Samsung Smart Phone, with Caller ID",Western Asia,636.15,311.7
IR-2016-ES402060-42567,Erica Smith,"Apple Smart Phone, Full Size",Southern Asia,636.21,178.11
IR-2016-JH582060-42542,John Huston,"Samsung Smart Phone, VoIP",Southern Asia,636.24,19.08
TU-2015-AH195134-42049,Alan Haines,"Hewlett Copy Machine, Color",Western Asia,636.264,-413.676
ID-2016-MY1738097-42539,Maribeth Yedwab,"Apple Smart Phone, Cordless",Southern Asia,636.3,-165.48
IN-2016-NL1831058-42658,Nancy Lomonaco,"Apple Smart Phone, Cordless",Southern Asia,636.3,235.41
IZ-2014-DW319561-41874,David Wiener,"Apple Smart Phone, Cordless",Western Asia,636.3,139.98
IN-2015-AJ1094558-42029,Ashley Jarboe,"Brother Fax Machine, Digital",Southern Asia,636.36,267.24
IN-2016-MO1750066-42695,Mary O'Rourke,"Brother Fax Machine, Digital",Eastern Asia,636.36,267.24
IN-2017-DW1319527-43052,David Wiener,"Barricks Conference Table, Adjustable Height",Eastern Asia,636.489,109.089
ID-2016-RR19525102-42718,Rick Reed,"HP Personal Copier, High-Speed",Southeastern Asia,636.948,-333.372
IN-2016-JD1589527-42706,Jonathan Doherty,"Brother Fax Machine, Laser",Eastern Asia,637.08,191.1
SA-2017-EM4065110-43030,Erin Mull,"Brother Fax Machine, Laser",Western Asia,637.08,261.18
ID-2014-TP21130118-41926,Theone Pippenger,"Nokia Smart Phone, Full Size",Eastern Asia,637.35,-471.69
IN-2015-PG1889527-42288,Paul Gonzalez,"Barricks Coffee Table, Adjustable Height",Eastern Asia,637.749,118.359
SA-2015-CK2760110-42294,Cyma Kinney,"Samsung Smart Phone, Cordless",Western Asia,639,44.73
IN-2017-TH2111527-42877,Thea Hudgings,"Apple Smart Phone, with Caller ID",Eastern Asia,639.06,313.11
IN-2014-GH14665113-41978,Greg Hansen,"Eldon File Cart, Industrial",Southeastern Asia,639.45,19.05
IN-2015-PH1879066-42010,Patricia Hirasaki,"Eldon File Cart, Single Width",Eastern Asia,639.6,38.25
IN-2016-CW1190511-42454,Carl Weiss,"Eldon File Cart, Single Width",Southern Asia,639.6,38.25
IN-2014-PM1894027-41896,Paul MacIntyre,"Canon Fax Machine, Color",Eastern Asia,639.66,121.5
IN-2017-LA1678021-42805,Laura Armstrong,"Canon Fax Machine, Color",Southeastern Asia,639.66,121.5
ID-2015-CR1273058-42247,Craig Reiter,"Hewlett Fax Machine, Laser",Southern Asia,639.84,-25.68
IN-2015-TT2146078-42019,Tonja Turnell,"Hewlett Fax Machine, Laser",Southeastern Asia,639.84,307.08
ID-2016-VT2170097-42643,Valerie Takahito,"Belkin Router, Erganomic",Southern Asia,641.4,-423.45
IN-2015-RD1990027-42328,Ruben Dartt,"Office Star Steel Folding Chair, Red",Eastern Asia,641.97,38.43
IN-2017-AH1007558-43069,Adam Hart,"Smead File Cart, Industrial",Southern Asia,642,179.7
IR-2016-DM352560-42398,Don Miller,"Tenex Frame, Durable",Southern Asia,642.06,154.08
IR-2014-PM913560-41708,Peter McVee,"Motorola Smart Phone, Full Size",Southern Asia,642.69,244.2
IN-2015-JD1579027-42085,John Dryer,"Hewlett Fax Machine, Color",Eastern Asia,642.72,44.94
IR-2017-IM507060-43050,Irene Maddox,"Motorola Smart Phone, Cordless",Southern Asia,642.78,44.97
IN-2017-DB1327059-43067,Deborah Brumfield,"HP Fax and Copier, Laser",Southeastern Asia,643.1508,117.5508
ID-2014-BG1103559-41971,Barry Gonzalez,"Konica Phone, Wireless",Southeastern Asia,643.8393,232.6293
IR-2017-SC1072560-42765,Steven Cartwright,"Tenex Shelving, Wire Frame",Southern Asia,644.76,77.04
IN-2014-JD1606027-41974,Julia Dunbar,"Hon Swivel Stool, Black",Eastern Asia,644.88,309.48
IZ-2017-JD615061-43079,Justin Deggeller,"Hon Swivel Stool, Black",Western Asia,644.88,180.48
YM-2015-PB9210145-42148,Phillip Breyer,"Cuisinart Stove, Red",Western Asia,645.948,-538.332
IN-2014-CM11935130-41875,Carlos Meador,"Motorola Speaker Phone, with Caller ID",Southeastern Asia,646.3044,77.8644
ID-2017-RB1943559-43032,Richard Bierner,"Bush Floating Shelf Set, Mobile",Southeastern Asia,646.4988,-13.9812
IR-2017-JO528060-43081,Jas O'Carroll,"Epson Phone, Wireless",Southern Asia,647.76,291.36
IN-2017-DK1315011-43029,David Kendrick,"Rogers Trays, Wire Frame",Southern Asia,648,265.6
IN-2014-MF1825088-41889,Monica Federle,"Sauder Corner Shelving, Traditional",Southeastern Asia,649.593,-10.437
ID-2017-CS11950102-42979,Carlos Soltero,"Eldon Lockers, Wire Frame",Southeastern Asia,650.034,-23.706
IN-2016-NG1835527-42594,Nat Gilpin,"HP Ink, Color",Eastern Asia,650.7,45.45
SA-2014-SW10755110-41981,Steven Ward,"Cisco Smart Phone, Full Size",Western Asia,651.39,143.28
IR-2015-AF87060-42271,Art Ferguson,"Cisco Smart Phone, Cordless",Southern Asia,651.48,260.58
IZ-2017-MS783061-43053,Melanie Seite,"Cisco Smart Phone, Cordless",Western Asia,651.48,260.58
IN-2016-BB1099078-42693,Barry Blumstein,"Deflect-O Frame, Erganomic",Southeastern Asia,651.96,110.7
IZ-2014-FH436561-41965,Fred Hopkins,"StarTech Receipt Printer, White",Western Asia,653.94,222.3
IN-2017-Co1264058-43057,Corey-Lock,"Cisco Smart Phone, with Caller ID",Southern Asia,654.24,268.23
IR-2014-TS1143060-41694,Tom Stivers,"Cisco Smart Phone, with Caller ID",Southern Asia,654.24,287.85
IR-2016-MC757560-42701,Matt Collins,"StarTech Card Printer, Durable",Southern Asia,654.48,163.56
IZ-2017-DW348061-42969,Dianna Wilson,"Hon Swivel Stool, Red",Western Asia,654.6,98.16
IN-2017-RB1946558-43057,Rick Bensley,"Memorex Keyboard, Programmable",Southern Asia,655.56,91.53
IN-2015-BF1121527-42161,Benjamin Farhat,"Chromcraft Round Table, Adjustable Height",Eastern Asia,657.006,93.846
IN-2015-CC1255027-42288,Clay Cheatham,"Novimex Swivel Stool, Red",Eastern Asia,657.84,164.4
ID-2017-MH17620102-42885,Matt Hagelstein,"Okidata Card Printer, Wireless",Southeastern Asia,659.3625,-184.6875
TU-2017-BF1020134-43004,Barry Französisch,"Bush Classic Bookcase, Metal",Western Asia,659.424,-428.736
ID-2016-JH1582097-42675,John Huston,"Bush Classic Bookcase, Traditional",Southern Asia,660.288,-115.572
IN-2016-EJ13720102-42676,Ed Jacobs,"Harbour Creations Rocking Chair, Red",Southeastern Asia,661.905,8.685
IN-2016-KW1643559-42584,Katrina Willman,"Hon Executive Leather Armchair, Adjustable",Southeastern Asia,663.8766,81.8166
IN-2016-MH1745558-42624,Mark Hamilton,"Nokia Office Telephone, Full Size",Southern Asia,664.2,26.4
IN-2015-AP1091527-42239,Arthur Prichep,"Hon Rocking Chair, Set of Two",Eastern Asia,664.35,26.55
IN-2016-TS2143058-42539,Tom Stivers,"Bevis Training Table, Rectangular",Southern Asia,665.1,212.82
IN-2016-SS2087566-42610,Sung Shariari,"Panasonic Printer, Wireless",Eastern Asia,666.225,-80.025
IZ-2014-LW699061-41642,Lindsay Williams,"Novimex Swivel Stool, Set of Two",Western Asia,666.84,253.32
IN-2014-LS1694527-41910,Linda Southworth,"Advantus Frame, Duo Pack",Eastern Asia,667.08,173.34
IN-2017-RP1985588-42888,Roy Phan,"Hon Executive Leather Armchair, Black",Southeastern Asia,667.4244,-155.4756
IN-2017-VP2176058-43024,Victoria Pisteka,"Apple Audio Dock, with Caller ID",Southern Asia,667.56,153.48
IN-2017-AA103751-42926,Allen Armold,"Hoover Toaster, Red",Southern Asia,669.12,280.8
IN-2016-SG2008058-42728,Sandra Glassco,"Hon Training Table, Adjustable Height",Southern Asia,669.78,214.32
ID-2015-AS1004559-42250,Aaron Smayling,"SAFCO Executive Leather Armchair, Black",Southeastern Asia,670.14,-128.52
ID-2016-CS1235559-42483,Christine Sundaresam,"SAFCO Executive Leather Armchair, Black",Southeastern Asia,670.14,-128.52
IN-2017-MC1784588-43000,Michael Chen,"Hon Executive Leather Armchair, Adjustable",Southeastern Asia,671.0598,-73.6002
ID-2014-FM1429059-41982,Frank Merwin,"Novimex Executive Leather Armchair, Red",Southeastern Asia,671.892,-211.728
IN-2016-BD11635144-42735,Brian Derr,"StarTech Card Printer, White",Southeastern Asia,671.9265,177.9765
IN-2014-JM1553566-41799,Jessica Myrick,"Okidata Phone, Red",Eastern Asia,672,329.28
IR-2016-SM1095060-42477,Suzanne McNair,"Safco 3-Shelf Cabinet, Metal",Southern Asia,673.2,235.56
IN-2016-DC1285027-42724,Dan Campbell,"Sharp Fax and Copier, Laser",Eastern Asia,674.4,316.92
IZ-2017-KM672061-42751,Kunst Miller,"Sharp Fax and Copier, Laser",Western Asia,674.4,303.48
IN-2016-KH1636058-42552,Katherine Hughes,"SAFCO Rocking Chair, Red",Southern Asia,674.55,195.6
ID-2014-LC1688559-41986,Lena Creighton,"Tenex Lockers, Wire Frame",Southeastern Asia,674.6904,219.4104
ID-2016-TB2152059-42531,Tracy Blumstein,"Ikea Library with Doors, Metal",Southeastern Asia,674.901,14.481
ID-2016-TS2165559-42652,Trudy Schmidt,"Canon Ink, High-Speed",Southeastern Asia,675.8775,-43.6725
ID-2014-BB1099097-41733,Barry Blumstein,"Office Star Rocking Chair, Red",Southern Asia,676.368,-76.212
IN-2017-RE1945058-43077,Richard Eichhorn,"Konica Phone, White",Southern Asia,676.8,162.24
IN-2017-DP13000144-43039,Darren Powers,"SAFCO Executive Leather Armchair, Set of Two",Southeastern Asia,676.9728,120.5328
ID-2016-JE1616559-42587,Justin Ellison,"Bush Library with Doors, Traditional",Southeastern Asia,677.6352,211.2552
IN-2015-MT1781559-42257,Meg Tillman,"Bush Library with Doors, Traditional",Southeastern Asia,677.6352,211.2552
IN-2014-MH1778559-41951,Maya Herman,"Tenex Lockers, Blue",Southeastern Asia,677.778,73.458
ID-2016-KB16315144-42400,Karl Braun,"Tenex Lockers, Single Width",Southeastern Asia,677.8776,-24.6024
ID-2017-BF1117059-43043,Ben Ferrer,"Dania Library with Doors, Mobile",Southeastern Asia,678.7512,72.9312
ID-2017-MB17305144-42780,Maria Bertelson,"Enermax Router, Erganomic",Southeastern Asia,678.771,-320.229
IN-2015-JS1603027-42341,Joy Smith,"Safco 3-Shelf Cabinet, Pine",Eastern Asia,680.76,74.88
IN-2017-PG1889559-42779,Paul Gonzalez,"Dania Corner Shelving, Traditional",Southeastern Asia,681.1506,21.8106
ID-2014-MZ1751559-41699,Mary Zewe,"Office Star Executive Leather Armchair, Black",Southeastern Asia,682.4478,186.9678
IN-2016-TB2159558-42699,Troy Blackwell,"Nokia Signal Booster, VoIP",Southern Asia,682.95,116.1
ID-2017-MY18295102-43100,Muhammed Yedwab,"Hewlett Copy Machine, Laser",Southeastern Asia,684.606,-63.234
ID-2017-PO18865102-42899,Patrick O'Donnell,"Hewlett Copy Machine, Laser",Southeastern Asia,684.606,-63.234
IN-2014-JS1603059-42001,Joy Smith,"Fellowes Lockers, Wire Frame",Southeastern Asia,685.248,123.768
IN-2017-SS20140102-42897,Saphhira Shifley,"Hon Rocking Chair, Red",Southeastern Asia,685.755,127.995
IN-2016-LC1714058-42458,Logan Currie,"SAFCO Rocking Chair, Set of Two",Southern Asia,685.8,157.65
IN-2017-CC1243078-43000,Chuck Clark,"Fellowes File Cart, Single Width",Southeastern Asia,686.7,343.35
JO-2017-PT909067-43098,Pete Takahito,"Dania Floating Shelf Set, Mobile",Western Asia,687.48,185.52
IN-2015-HH1501066-42283,Hilary Holden,"Enermax Memory Card, USB",Eastern Asia,687.6,109.98
ID-2014-DB1336059-41908,Dennis Bolton,"Cuisinart Microwave, White",Southeastern Asia,688.734,-116.226
IN-2016-MH17290113-42552,Marc Harrigan,"Fellowes File Cart, Industrial",Southeastern Asia,688.95,55.05
ID-2016-KD1649559-42538,Keith Dawkins,"Fellowes Lockers, Industrial",Southeastern Asia,689.9292,-41.5908
IN-2015-VW2177566-42299,Victoria Wilson,"Bush Floating Shelf Set, Pine",Eastern Asia,690.48,41.4
IN-2015-MK1790588-42274,Michael Kennedy,"Bush Library with Doors, Pine",Southeastern Asia,691.1163,-142.6437
IN-2014-KM16660144-41928,Khloe Miller,"Harbour Creations Executive Leather Armchair, Black",Southeastern Asia,691.4706,28.4106
IN-2015-CY1274559-42134,Craig Yedwab,"Harbour Creations Executive Leather Armchair, Black",Southeastern Asia,691.4706,28.4106
IN-2016-SG2047058-42639,Sheri Gordon,"KitchenAid Blender, Silver",Southern Asia,691.95,297.36
IN-2015-TH2110078-42017,Thea Hendricks,"Motorola Audio Dock, VoIP",Southeastern Asia,693.84,194.16
SA-2015-SU10665110-42335,Stephanie Ulpright,"Okidata Phone, Wireless",Western Asia,694.8,340.32
IZ-2016-NP867061-42397,Nora Paige,"Office Star Swivel Stool, Red",Western Asia,695.76,34.68
ID-2014-AF10870102-41727,Art Ferguson,"SAFCO Executive Leather Armchair, Adjustable",Southeastern Asia,695.88,-167.04
ID-2017-RF19345102-42980,Randy Ferguson,"SAFCO Executive Leather Armchair, Adjustable",Southeastern Asia,695.88,-167.04
IN-2015-JM1558027-42205,Jill Matthias,"Nokia Signal Booster, Cordless",Eastern Asia,696.75,132.3
IN-2014-SC20680102-41650,Steve Carroll,"Sharp Wireless Fax, Color",Southeastern Asia,696.852,-343.098
IN-2016-CM1238558-42486,Christopher Martinez,"HP Fax and Copier, Color",Southern Asia,697.32,292.8
IN-2015-ER13855102-42315,Elpida Rittenbach,"Office Star Executive Leather Armchair, Adjustable",Southeastern Asia,697.5,-74.4
SA-2015-SH9975110-42149,Sally Hughsby,"Belkin Memory Card, Programmable",Western Asia,697.86,209.34
IN-2016-AH1007558-42627,Adam Hart,"Cisco Speaker Phone, Full Size",Southern Asia,698.85,146.7
ID-2017-JC15340102-42743,Jasper Cacioppo,"HP Wireless Fax, High-Speed",Southeastern Asia,698.8995,-32.2605
IN-2016-DB1340511-42731,Denny Blanton,"Konica Card Printer, Wireless",Southern Asia,700.68,350.28
ID-2017-AO10810102-43031,Anthony O'Donnell,"Konica Inkjet, Durable",Southeastern Asia,701.6625,177.6825
IN-2015-SV2093527-42350,Susan Vittorini,"Rogers File Cart, Blue",Eastern Asia,703.35,260.1
IN-2016-SC2002058-42573,Sam Craven,"SAFCO Steel Folding Chair, Adjustable",Southern Asia,705.6,331.44
IN-2017-Co1264027-43011,Corey-Lock,"Office Star Swivel Stool, Adjustable",Eastern Asia,705.72,91.68
ID-2016-DF1313559-42623,David Flashing,"Lesro Training Table, Rectangular",Southeastern Asia,705.8805,-506.1195
IN-2016-MZ1751558-42506,Mary Zewe,"Cisco Headset, with Caller ID",Southern Asia,707.52,297.12
ID-2016-BE11410102-42486,Bobby Elias,"Dania Library with Doors, Pine",Southeastern Asia,709.3125,-185.5575
IN-2016-KF1628527-42555,Karen Ferguson,"Harbour Creations Swivel Stool, Black",Eastern Asia,710.76,341.16
IN-2017-FH1435059-43052,Fred Harton,"Brother Fax and Copier, Laser",Southeastern Asia,712.3428,91.8228
IN-2014-TH211151-41733,Thea Hudgings,"Hewlett Personal Copier, High-Speed",Southern Asia,712.35,7.05
IN-2014-KN1670527-41853,Kristina Nunn,"Sharp Copy Machine, Color",Eastern Asia,712.8,128.25
IN-2015-EB1397527-42077,Erica Bern,"SanDisk Keyboard, Erganomic",Eastern Asia,713.61,342.36
ID-2017-MF18250102-42770,Monica Federle,"Harbour Creations Executive Leather Armchair, Adjustable",Southeastern Asia,714.15,-28.59
ID-2014-CS1246059-41806,Chuck Sachs,"Bevis Training Table, Adjustable Height",Southeastern Asia,714.8004,-107.9196
IN-2017-JF1556527-42843,Jill Fjeld,"Motorola Signal Booster, VoIP",Eastern Asia,716.1,343.65
IN-2015-DW1358558-42262,Dorothy Wardle,"Bush 3-Shelf Cabinet, Traditional",Southern Asia,716.85,250.8
IN-2015-MS1753059-42338,MaryBeth Skach,"Hewlett Fax and Copier, Laser",Southeastern Asia,717.4764,146.5164
ID-2017-BD11620102-42963,Brian DeCherney,"Barricks Training Table, Fully Assembled",Southeastern Asia,719.4825,-143.9175
IN-2016-ML1826556-42704,Muhammed Lee,"HP Wireless Fax, Digital",Eastern Asia,719.7,158.28
IN-2015-IL1510011-42293,Ivan Liston,"Okidata Receipt Printer, Red",Southern Asia,720.36,0
IN-2017-JH1618058-43008,Justin Hirsh,"HP Wireless Fax, Laser",Southern Asia,720.42,201.66
ID-2016-AS1013597-42497,Adrian Shami,"Harbour Creations Steel Folding Chair, Set of Two",Southern Asia,721.008,-126.252
ID-2017-TB2152088-42779,Tracy Blumstein,"Brother Fax and Copier, Digital",Southeastern Asia,722.4714,68.7114
IN-2015-LW1682558-42106,Laurel Workman,"HP Wireless Fax, Color",Southern Asia,723.3,332.7
IN-2016-KB1631527-42477,Karl Braun,"HP Wireless Fax, Color",Eastern Asia,723.3,332.7
IN-2017-ML1741027-43044,Maris LaWare,"Logitech Memory Card, Bluetooth",Eastern Asia,723.66,101.22
IN-2014-SC2068027-41952,Steve Carroll,"Dania Library with Doors, Traditional",Eastern Asia,724.8,333.36
IN-2015-CK1232527-42303,Christine Kargatis,"Dania Library with Doors, Traditional",Eastern Asia,724.8,333.36
IN-2016-BT1168027-42546,Brian Thompson,"Dania Library with Doors, Traditional",Eastern Asia,724.8,333.36
IN-2016-MH1745527-42632,Mark Hamilton,"HP Copy Machine, Color",Eastern Asia,725.67,355.5
IN-2015-BN1147058-42183,Brad Norvell,"Ikea Library with Doors, Metal",Southern Asia,725.7,65.28
IN-2015-BM1178527-42236,Bryan Mills,"Memorex Memory Card, Programmable",Eastern Asia,726.39,101.64
ID-2016-LF17185102-42378,Luke Foster,"Chromcraft Coffee Table, Adjustable Height",Southeastern Asia,727.056,-387.864
IN-2016-VB2174597-42393,Victoria Brennan,"Hon Executive Leather Armchair, Adjustable",Southern Asia,727.536,145.476
ID-2014-CK12760130-41824,Cyma Kinney,"Hewlett Fax and Copier, Digital",Southeastern Asia,727.6878,-254.2122
IN-2014-ST2053058-41880,Shui Tom,"Cisco Audio Dock, VoIP",Southern Asia,728.64,225.84
IR-2014-JP546060-41854,Jennifer Patt,"Bush Library with Doors, Traditional",Southern Asia,728.64,36.42
IN-2015-EH1376527-42342,Edward Hooks,"Ikea Library with Doors, Pine",Eastern Asia,729.48,218.82
IN-2015-JB1600027-42322,Joy Bell-,"Ikea Library with Doors, Pine",Eastern Asia,729.48,218.82
IN-2016-GZ1454558-42464,George Zrebassa,"HP Copy Machine, Laser",Southern Asia,729.99,7.29
ID-2014-LO17170102-41746,Lori Olson,"Advantus Frame, Durable",Southeastern Asia,730.0125,-38.9475
SA-2015-YS11880110-42279,Yana Sorensen,"Harbour Creations Swivel Stool, Adjustable",Western Asia,730.44,204.48
IN-2015-JW1522059-42349,Jane Waco,"Hewlett Copy Machine, Color",Southeastern Asia,730.6173,102.0573
IN-2015-TP2141559-42162,Tom Prescott,"Hewlett Copy Machine, Color",Southeastern Asia,730.6173,102.0573
IN-2016-VG2180527-42727,Vivek Grady,"Bush Library with Doors, Pine",Eastern Asia,731.34,175.5
IR-2017-MG768060-42840,Maureen Gastineau,"Bush Library with Doors, Pine",Southern Asia,731.34,80.4
IN-2017-CA120551-42816,Cathy Armstrong,"Ikea Library with Doors, Mobile",Southern Asia,731.82,102.42
IN-2016-SP2054558-42734,Sibella Parks,"Hon Steel Folding Chair, Red",Southern Asia,732.78,278.37
IN-2017-BS1175558-42795,Bruce Stewart,"Sharp Ink, High-Speed",Southern Asia,735.66,95.58
ID-2017-NS18505144-42806,Neola Schneider,"Harbour Creations Chairmat, Red",Southeastern Asia,735.84,201.6
IN-2017-DR1288078-42833,Dan Reichenbach,"Sauder Corner Shelving, Traditional",Southeastern Asia,736.5,265.05
IN-2017-TT2107066-43019,Ted Trevino,"Dania Stackable Bookrack, Pine",Eastern Asia,737.64,125.28
TU-2015-MA7560134-42227,Matt Abelman,"Hon Conference Table, Fully Assembled",Western Asia,738.36,-424.56
ID-2017-RB19645102-42950,Robert Barroso,"Hewlett Wireless Fax, Digital",Southeastern Asia,740.6685,68.3685
ID-2017-DM1334597-42779,Denise Monton,"Rogers Lockers, Single Width",Southern Asia,740.775,-88.935
IN-2016-TC2129527-42638,Toby Carlisle,"Logitech Router, Bluetooth",Eastern Asia,741.96,7.38
ID-2017-CM1211566-42981,Chad McGuire,"Logitech Router, USB",Eastern Asia,742.59,267.3
ID-2017-MO17800102-42794,Meg O'Connel,"Brother Personal Copier, Laser",Southeastern Asia,743.028,-114.492
IN-2014-MV17485113-41943,Mark Van Huff,"Memorex Router, Programmable",Southeastern Asia,743.13,230.31
IN-2014-YC2189558-42002,Yoseph Carroll,"Sauder Corner Shelving, Pine",Southern Asia,743.25,133.65
IN-2017-DB1340558-42825,Denny Blanton,"Sauder Corner Shelving, Pine",Southern Asia,743.25,133.65
ID-2015-SB20185118-42163,Sarah Brown,"Cuisinart Refrigerator, Black",Eastern Asia,743.265,-520.335
IZ-2016-ZD1192561-42527,Zuschuss Donatelli,"HP Personal Copier, Digital",Western Asia,743.58,118.8
ID-2014-CR12730113-41967,Craig Reiter,"Brother Ink, Color",Southeastern Asia,743.7,37.05
ID-2016-ML1775527-42518,Max Ludwig,"Bevis Wood Table, with Bottom Storage",Eastern Asia,747.054,-234.846
IN-2014-AH1069058-41907,Anna Häberlin,"Safco Corner Shelving, Traditional",Southern Asia,747.3,283.95
ID-2017-JW15220102-42863,Jane Waco,"Hon Swivel Stool, Adjustable",Southeastern Asia,747.63,-159.57
IN-2016-SK19990144-42724,Sally Knutson,"Breville Microwave, Red",Southeastern Asia,751.2579,144.7479
ID-2016-NK1849088-42379,Neil Knudson,"Harbour Creations Rocking Chair, Red",Southeastern Asia,751.6299,-10.4601
IN-2017-TS21610144-42892,Troy Staebel,"Bush Floating Shelf Set, Metal",Southeastern Asia,752.9193,-131.6007
IN-2015-BG1174027-42269,Bruce Geld,"Canon Wireless Fax, High-Speed",Eastern Asia,753.72,60.24
IN-2016-CS1213058-42547,Chad Sievert,"Canon Wireless Fax, High-Speed",Southern Asia,753.72,60.24
IR-2015-TB1140060-42252,Tom Boeckenhauer,"Samsung Speaker Phone, Cordless",Southern Asia,756.54,128.52
SA-2017-KH6630110-42774,Ken Heidel,"Canon Wireless Fax, Digital",Western Asia,756.6,332.88
IN-2014-DS1318027-41861,David Smith,"Hewlett Wireless Fax, High-Speed",Eastern Asia,756.78,302.7
IN-2016-AG1030027-42490,Aleksandra Gannaway,"Brother Wireless Fax, Digital",Eastern Asia,756.9,370.86
IN-2016-DM1295527-42619,Dario Medina,"Cisco Signal Booster, VoIP",Eastern Asia,759.6,258.15
IN-2015-CY1274590-42316,Craig Yedwab,"Hewlett Wireless Fax, Digital",Southern Asia,759.66,311.46
IN-2017-DK1283527-43043,Damala Kotsonis,"Canon Wireless Fax, Color",Eastern Asia,760.2,288.84
ID-2015-ML1826527-42335,Muhammed Lee,"Hewlett Wireless Fax, Laser",Eastern Asia,760.38,144.42
IN-2015-FG1426058-42239,Frank Gastineau,"Hewlett Wireless Fax, Laser",Southern Asia,760.38,144.42
IN-2015-NR1855027-42295,Nick Radford,"Hewlett Wireless Fax, Laser",Eastern Asia,760.38,144.42
IN-2016-PF1916566-42457,Philip Fox,"HP Ink, High-Speed",Eastern Asia,761.4,327.24
IN-2015-ML1741058-42302,Maris LaWare,"SanDisk Router, Erganomic",Southern Asia,762.48,121.95
IN-2016-CC1243011-42668,Chuck Clark,"Hewlett Wireless Fax, Color",Southern Asia,763.26,366.36
ID-2015-BD11620102-42321,Brian DeCherney,"Smead Lockers, Blue",Southeastern Asia,763.917,-416.703
IN-2016-LC1693027-42675,Linda Cazamias,"Canon Fax and Copier, Digital",Eastern Asia,763.92,381.96
IN-2016-MR1754558-42685,Mathew Reese,"Canon Fax and Copier, Digital",Southern Asia,763.92,381.96
IR-2017-SC1030560-43084,Sean Christensen,"Hewlett Fax and Copier, High-Speed",Southern Asia,764.28,183.36
SA-2014-JD6150110-41812,Justin Deggeller,"Hewlett Fax and Copier, High-Speed",Western Asia,764.28,183.36
IN-2017-LP1709559-42827,Liz Preis,"Dania Classic Bookcase, Pine",Southeastern Asia,766.5246,288.4446
IN-2016-AR1040558-42519,Allen Rosenblatt,"Eldon File Cart, Single Width",Southern Asia,767.52,45.9
ID-2017-SM2032059-43027,Sean Miller,"Ikea Classic Bookcase, Pine",Southeastern Asia,768.366,-41.334
ID-2014-CC12475102-41863,Cindy Chapman,"Hon Rocking Chair, Black",Southeastern Asia,769.14,-20.7
IN-2015-LL1684027-42134,Lauren Leatherbury,"Rubbermaid Frame, Duo Pack",Eastern Asia,769.65,384.72
IN-2016-DW1319558-42588,David Wiener,"Belkin Router, Erganomic",Southern Asia,769.68,130.77
ID-2015-DP1316559-42331,David Philippe,"Hoover Microwave, Silver",Southeastern Asia,770.3811,232.0011
IN-2017-GK14620130-43088,Grace Kelly,"Hoover Microwave, Silver",Southeastern Asia,770.3811,232.0011
ID-2016-MJ1774058-42545,Max Jones,"Epson Inkjet, Wireless",Southern Asia,770.85,-447.15
IN-2015-EB1384027-42148,Ellis Ballard,"Sauder Library with Doors, Metal",Eastern Asia,774.18,325.14
IN-2014-CG1204027-41982,Catherine Glotzbach,"Belkin Router, Bluetooth",Eastern Asia,776.25,225.09
ID-2017-AJ1096059-42751,Astrea Jones,"Okidata Inkjet, Durable",Southeastern Asia,778.1499,149.9499
IN-2014-TP21130144-41953,Theone Pippenger,"Novimex Rocking Chair, Set of Two",Southeastern Asia,780.6912,181.6512
IN-2016-DW13480113-42411,Dianna Wilson,"Belkin Router, Programmable",Southeastern Asia,780.75,179.55
IN-2014-MV1819058-41718,Mike Vittorini,"HP Ink, Color",Southern Asia,780.84,54.54
ID-2017-DJ13630130-42952,Doug Jacobs,"Lesro Round Table, Adjustable Height",Southeastern Asia,781.224,-599.616
ID-2017-AA1064559-43063,Anna Andreadi,"Sharp Fax and Copier, Laser",Southeastern Asia,783.99,337.14
IN-2015-JM1553558-42297,Jessica Myrick,"Safco Floating Shelf Set, Metal",Southern Asia,784.8,156.96
IN-2014-KB1660058-41776,Ken Brennan,"Hewlett Copy Machine, Color",Southern Asia,785.61,157.05
IN-2017-HD1478527-42971,Harold Dahlen,"Hewlett Copy Machine, Color",Eastern Asia,785.61,157.05
IN-2016-LP1709527-42524,Liz Preis,"Brother Copy Machine, Laser",Eastern Asia,785.79,369.27
IN-2016-RO1978078-42498,Rose O'Brian,"Brother Copy Machine, Laser",Southeastern Asia,785.79,369.27
ID-2015-AO1081059-42286,Anthony O'Donnell,"Bevis Computer Table, Fully Assembled",Southeastern Asia,786.2868,-563.8032
IN-2016-LA1678027-42589,Laura Armstrong,"Safco Floating Shelf Set, Traditional",Eastern Asia,786.96,393.48
IN-2015-LD1700558-42257,Lisa DeCherney,"Eldon Lockers, Wire Frame",Southern Asia,787.92,338.76
IN-2016-CC1237058-42441,Christopher Conant,"Epson Printer, Durable",Southern Asia,788.22,102.42
ID-2015-SC20680144-42072,Steve Carroll,"Harbour Creations Swivel Stool, Red",Southeastern Asia,788.9256,-259.3944
IN-2016-LL1684066-42543,Lauren Leatherbury,"Hewlett Copy Machine, Laser",Eastern Asia,789.93,229.05
ID-2017-LC16960102-42960,Lindsay Castell,"Epson Receipt Printer, Wireless",Southeastern Asia,789.9525,-10.5975
IN-2017-RR1952527-42766,Rick Reed,"Brother Copy Machine, Color",Eastern Asia,791.19,126.54
IN-2017-JH1618059-42927,Justin Hirsh,"Dania 3-Shelf Cabinet, Pine",Southeastern Asia,796.824,231.264
IR-2015-IM505560-42028,Ionia McGrath,"Hon Rocking Chair, Adjustable",Southern Asia,798.66,383.22
IN-2016-JJ1544558-42454,Jennifer Jackson,"Konica Printer, White",Southern Asia,798.75,311.49
IN-2017-CA1231011-42903,Christine Abelman,"Konica Printer, White",Southern Asia,798.75,311.49
ID-2017-ER1385597-42804,Elpida Rittenbach,"Brother Fax Machine, Color",Southern Asia,799.95,-608.1
TU-2015-KD6270134-42288,Karen Daniels,"Hamilton Beach Refrigerator, Red",Western Asia,800.208,-1020.312
IN-2015-HH1501058-42306,Hilary Holden,"Enermax Memory Card, USB",Southern Asia,802.2,128.31
IN-2016-SR2074059-42528,Steven Roelle,"HP Fax and Copier, Digital",Southeastern Asia,802.2645,344.9145
IN-2014-SC2002066-41691,Sam Craven,"StarTech Card Printer, Red",Eastern Asia,803.25,224.85
IN-2016-KB1624058-42491,Karen Bern,"Office Star Steel Folding Chair, Black",Southern Asia,803.52,48.06
IN-2016-VM2168527-42643,Valerie Mitchum,"Konica Printer, Wireless",Eastern Asia,803.52,369.54
IR-2016-SC1077060-42535,Stewart Carmichael,"Novimex Rocking Chair, Adjustable",Southern Asia,803.52,313.2
IN-2016-SH2063527-42610,Stefanie Holloman,"Okidata Printer, Wireless",Eastern Asia,805.5,32.22
ID-2014-PS18970118-41698,Paul Stevenson,"Hamilton Beach Stove, White",Eastern Asia,810.72,-599.94
IN-2016-SC2002058-42582,Sam Craven,"Belkin Memory Card, Programmable",Southern Asia,814.17,170.94
IN-2015-MY1829527-42030,Muhammed Yedwab,"Tenex Lockers, Single Width",Eastern Asia,816.72,114.24
SA-2017-FH4365110-42934,Fred Hopkins,"Tenex Lockers, Single Width",Western Asia,816.72,48.96
IN-2017-MM1726027-43022,Magdelene Morse,"Hon Swivel Stool, Red",Eastern Asia,818.25,376.35
IR-2015-AH69060-42096,Anna Häberlin,"Fellowes File Cart, Wire Frame",Southern Asia,818.28,171.72
IN-2017-LT1711058-42857,Liz Thompson,"Nokia Signal Booster, VoIP",Southern Asia,819.54,139.32
SA-2017-DB3555110-43059,Dorothy Badders,"Dania Classic Bookcase, Metal",Western Asia,820.44,270.72
IN-2017-SC2077088-42741,Stewart Carmichael,"Barricks Training Table, with Bottom Storage",Southeastern Asia,821.214,-592.146
IN-2017-NH1861058-42990,Nicole Hansen,"Novimex Swivel Stool, Red",Southern Asia,822.3,205.5
IN-2017-MG1768027-43012,Maureen Gastineau,"SAFCO Rocking Chair, Set of Two",Eastern Asia,822.96,189.18
ID-2015-DM1301559-42314,Darrin Martin,"Bush Corner Shelving, Mobile",Southeastern Asia,823.5801,-44.3499
IN-2014-MC1784559-41846,Michael Chen,"Sharp Fax Machine, Digital",Southeastern Asia,823.8591,97.3791
IN-2017-HK1489059-42975,Heather Kirkland,"Sharp Fax Machine, Digital",Southeastern Asia,823.8591,97.3791
IR-2015-EM414060-42236,Eugene Moren,"Fellowes File Cart, Single Width",Southern Asia,824.04,0
IN-2016-TZ2144527-42658,Tom Zandusky,"Bush Classic Bookcase, Traditional",Eastern Asia,825.36,49.5
IN-2015-CC1214558-42159,Charles Crestani,"Dania Classic Bookcase, Mobile",Southern Asia,826.56,41.28
IN-2016-AW1084027-42416,Anthony Witt,"SAFCO Swivel Stool, Black",Eastern Asia,827.55,397.2
IR-2016-AY55560-42435,Andy Yotov,"Fellowes Lockers, Blue",Southern Asia,829.32,215.52
IN-2015-EL1373527-42090,Ed Ludwig,"Fellowes Lockers, Single Width",Eastern Asia,829.44,16.56
IN-2015-EP1391597-42110,Emily Phan,"Ikea Floating Shelf Set, Mobile",Southern Asia,829.728,134.748
IN-2015-AG1076559-42345,Anthony Garverick,"Hamilton Beach Refrigerator, Red",Southeastern Asia,830.2158,190.0158
IN-2014-LB1679558-41949,Laurel Beltran,"Sauder 3-Shelf Cabinet, Metal",Southern Asia,830.7,373.8
IN-2016-VP2176059-42434,Victoria Pisteka,"Apple Audio Dock, with Caller ID",Southeastern Asia,831.1122,59.9922
ID-2017-LS1720059-43085,Luke Schmidt,"Hamilton Beach Refrigerator, Silver",Southeastern Asia,831.4608,230.3808
IN-2017-CC1210058-42968,Chad Cunningham,"Nokia Audio Dock, with Caller ID",Southern Asia,833.7,316.8
IN-2016-FP1432027-42425,Frank Preis,"Novimex Swivel Stool, Adjustable",Eastern Asia,834.75,208.65
IN-2016-CC1214559-42603,Charles Crestani,"Samsung Audio Dock, Full Size",Southeastern Asia,837.2376,211.7376
IN-2015-CA12265113-42133,Christina Anderson,"Cuisinart Microwave, Silver",Southeastern Asia,837.63,376.92
IN-2017-DJ1363058-42884,Doug Jacobs,"Cisco Speaker Phone, Full Size",Southern Asia,838.62,176.04
IN-2016-AB1060058-42589,Ann Blume,"Sauder 3-Shelf Cabinet, Pine",Southern Asia,840.15,100.8
IN-2016-JE1561058-42626,Jim Epp,"Nokia Audio Dock, Full Size",Southern Asia,840.15,260.4
IN-2014-DM1352558-41853,Don Miller,"Samsung Audio Dock, Full Size",Southern Asia,840.6,319.35
IN-2017-RD1972027-42875,Roger Demir,"Samsung Audio Dock, Full Size",Eastern Asia,840.6,319.35
IZ-2017-DB306061-42820,Dave Brooks,"Rogers Lockers, Wire Frame",Western Asia,842.76,210.6
IN-2015-DJ1342027-42366,Denny Joy,"Safco 3-Shelf Cabinet, Traditional",Eastern Asia,844.2,160.35
IN-2014-MG1820527-41925,Mitch Gastineau,"Office Star Rocking Chair, Red",Eastern Asia,845.46,92.88
IN-2017-GH1442578-43000,Gary Hwang,"Dania 3-Shelf Cabinet, Metal",Southeastern Asia,845.46,295.74
IN-2015-MF1825027-42237,Monica Federle,"Hamilton Beach Microwave, Red",Eastern Asia,847.53,194.85
IN-2015-DW131951-42160,David Wiener,"Samsung Audio Dock, Cordless",Southern Asia,848.4,364.8
IN-2017-SR2042566-42975,Sharelle Roach,"Epson Card Printer, Wireless",Eastern Asia,849.75,203.85
IN-2014-EP1391527-41916,Emily Phan,"SAFCO Swivel Stool, Set of Two",Eastern Asia,850.95,93.6
IN-2016-HA1490511-42715,Helen Abelman,"Safco 3-Shelf Cabinet, Pine",Southern Asia,850.95,93.6
IN-2015-CM1271527-42350,Craig Molinari,"Rogers File Cart, Single Width",Eastern Asia,852.48,68.04
ID-2014-PM19135102-41980,Peter McVee,"Sauder Classic Bookcase, Pine",Southeastern Asia,852.813,-170.577
IN-2017-JF1519027-42860,Jamie Frazer,"Bush Floating Shelf Set, Metal",Eastern Asia,853.65,221.85
IN-2015-ML1826558-42233,Muhammed Lee,"HP Fax and Copier, High-Speed",Southern Asia,855.45,205.2
IN-2016-SM2095027-42659,Suzanne McNair,"Konica Receipt Printer, Wireless",Eastern Asia,855.75,68.46
IN-2016-JS1588027-42547,John Stevenson,"Dania 3-Shelf Cabinet, Pine",Eastern Asia,856.8,291.24
IN-2017-RB1936027-42847,Raymond Buch,"Ikea Stackable Bookrack, Traditional",Eastern Asia,858.06,248.64
ID-2015-BD11605102-42113,Brian Dahlen,"Safco Classic Bookcase, Mobile",Southeastern Asia,859.3065,-317.3535
IN-2017-Dp1324058-42849,Dean percer,"Bush Stackable Bookrack, Traditional",Southern Asia,860.79,68.67
IN-2017-CP1234058-42970,Christine Phan,"Okidata Receipt Printer, Durable",Southern Asia,861.21,60.27
IN-2015-JE1571527-42243,Joe Elijah,"Konica Phone, Wireless",Eastern Asia,861.9,405
IN-2014-TB2152059-41937,Tracy Blumstein,"Breville Refrigerator, Red",Southeastern Asia,862.0878,114.2478
IN-2016-DW1348058-42583,Dianna Wilson,"Samsung Speaker Phone, VoIP",Southern Asia,863.31,301.98
ID-2014-RO1978059-41966,Rose O'Brian,"Novimex Rocking Chair, Red",Southeastern Asia,863.4951,-224.8749
IN-2017-DS1303058-42904,Darrin Sayre,"Dania 3-Shelf Cabinet, Mobile",Southern Asia,863.82,0
IN-2017-MG1765027-43081,Matthew Grinstein,"Hewlett Personal Copier, Laser",Eastern Asia,865.62,34.56
IN-2016-JO1528058-42606,Jas O'Carroll,"Bush Floating Shelf Set, Mobile",Southern Asia,868.95,43.35
IN-2014-DM1352558-41987,Don Miller,"Office Star Swivel Stool, Red",Southern Asia,869.7,191.25
IN-2017-CM1183027-43043,Cari MacIntyre,"Panasonic Card Printer, Durable",Eastern Asia,869.7,408.75
IZ-2015-JW522061-42257,Jane Waco,"Chromcraft Conference Table, Rectangular",Western Asia,870.24,304.56
IN-2016-NB1858021-42553,Nicole Brennan,"Nokia Speaker Phone, Full Size",Southeastern Asia,871.08,165.48
ID-2014-AG10330102-41970,Alex Grayson,"Chromcraft Wood Table, Fully Assembled",Southeastern Asia,871.182,-387.258
IN-2016-VW2177527-42567,Victoria Wilson,"Samsung Speaker Phone, Full Size",Eastern Asia,871.71,43.47
IN-2017-AJ1078058-42976,Anthony Jacobs,"Sauder Classic Bookcase, Traditional",Southern Asia,871.98,322.62
ID-2014-VM21685118-41936,Valerie Mitchum,"Bush Library with Doors, Metal",Eastern Asia,873.072,-130.968
IN-2015-AR1034559-42328,Alex Russell,"KitchenAid Refrigerator, White",Southeastern Asia,873.2928,168.2928
IN-2017-LP1709558-43023,Liz Preis,"Sauder Classic Bookcase, Pine",Southern Asia,874.68,192.42
ID-2017-DM13015102-42905,Darrin Martin,"Smead Lockers, Industrial",Southeastern Asia,875.16,-493.32
IN-2016-EB13750113-42604,Edward Becker,"Safco Classic Bookcase, Metal",Southeastern Asia,875.22,166.26
TU-2016-ER3855134-42714,Elpida Rittenbach,"Ikea Library with Doors, Pine",Western Asia,875.376,-590.904
TU-2016-CS2130134-42574,Chad Sievert,"Harbour Creations Swivel Stool, Adjustable",Western Asia,876.528,-701.352
IN-2017-GM1445558-43004,Gary Mitchum,"Bush Corner Shelving, Pine",Southern Asia,877.38,394.8
IR-2017-DM301560-42750,Darrin Martin,"Advantus Frame, Erganomic",Southern Asia,877.92,280.8
ID-2014-TT2107059-41993,Ted Trevino,"Rogers Lockers, Blue",Southeastern Asia,878.223,-127.077
SA-2017-JS5940110-42811,Joni Sundaresam,"Safco Classic Bookcase, Pine",Western Asia,879,35.16
IN-2015-MC1727558-42341,Marc Crier,"Okidata Card Printer, Wireless",Southern Asia,879.15,35.1
IR-2016-CC243060-42629,Chuck Clark,"Rubbermaid Frame, Duo Pack",Southern Asia,879.6,96.72
IN-2016-EH1412578-42667,Eugene Hildebrand,"Motorola Audio Dock, Cordless",Southeastern Asia,881.1,184.95
IN-2016-JH15985102-42477,Joseph Holt,"Hon Rocking Chair, Red",Southeastern Asia,881.685,164.565
ID-2014-KN1639059-41937,Katherine Nockton,"Canon Fax Machine, High-Speed",Southeastern Asia,883.2861,132.9561
IN-2015-PC1874527-42264,Pamela Coakley,"Brother Ink, Laser",Eastern Asia,883.8,114.84
IN-2015-BD1150059-42282,Bradley Drucker,"Konica Printer, White",Southeastern Asia,883.95,234.27
IN-2016-EH1399027-42525,Erica Hackney,"Sharp Fax Machine, Digital",Eastern Asia,885.87,159.39
ID-2017-KD1627059-43037,Karen Daniels,"Okidata Printer, White",Southeastern Asia,886.1412,106.7412
IN-2016-DL1349558-42592,Dionis Lloyd,"Office Star Chairmat, Black",Southern Asia,887.46,319.2
IN-2015-SS2041059-42251,Shahid Shariari,"Hewlett Fax and Copier, High-Speed",Southeastern Asia,888.4755,296.1255
IN-2016-KN1645027-42727,Kean Nguyen,"Canon Ink, Color",Eastern Asia,891.54,169.38
IN-2017-CD1192021-43043,Carlos Daly,"Epson Phone, Durable",Southeastern Asia,891.99,445.83
ID-2016-EB1384059-42659,Ellis Ballard,"Cuisinart Stove, Red",Southeastern Asia,893.5614,247.6014
IN-2016-JM1619527-42682,Justin MacKendrick,"HP Fax Machine, High-Speed",Eastern Asia,894.42,62.55
IN-2015-SL2015527-42155,Sara Luxemburg,"StarTech Inkjet, White",Eastern Asia,896.76,403.47
IN-2016-BE1141027-42575,Bobby Elias,"Barricks Training Table, Adjustable Height",Eastern Asia,897.372,-205.188
IN-2016-JK1562527-42583,Jim Karlsson,"Eldon File Cart, Single Width",Eastern Asia,898.59,89.67
IN-2017-CJ1187527-42820,Carl Jackson,"HP Fax Machine, Digital",Eastern Asia,898.74,134.73
IN-2016-NF1847527-42472,Neil Französisch,"Breville Microwave, White",Eastern Asia,899.55,323.82
IN-2016-TB2119058-42673,Thomas Brumley,"Breville Microwave, White",Southern Asia,899.55,323.82
IN-2017-MC1757527-42797,Matt Collins,"Hewlett Ink, Color",Eastern Asia,900.72,45
IN-2015-RB1936058-42135,Raymond Buch,"HP Ink, Laser",Southern Asia,900.9,63
IR-2014-JC610560-41947,Julie Creighton,"Safco Stackable Bookrack, Pine",Southern Asia,909,372.6
IN-2016-MM1726027-42664,Magdelene Morse,"Cisco Audio Dock, with Caller ID",Eastern Asia,910.35,391.35
IN-2017-JF1556566-43095,Jill Fjeld,"Cisco Audio Dock, with Caller ID",Eastern Asia,910.35,391.35
TU-2014-JF5190134-41925,Jamie Frazer,"Hoover Stove, Silver",Western Asia,910.752,-637.608
IN-2014-VG2180558-41852,Vivek Grady,"Novimex Executive Leather Armchair, Adjustable",Southern Asia,911.04,282.42
IN-2015-AR1057058-42362,Anemone Ratner,"Cisco Signal Booster, VoIP",Southern Asia,911.52,309.78
TU-2016-JH5910134-42537,Jonathan Howell,"Brother Wireless Fax, Color",Western Asia,912.6,-889.92
IN-2016-FA1423027-42608,Frank Atkinson,"Harbour Creations Swivel Stool, Adjustable",Eastern Asia,913.05,54.75
IN-2015-TB2159527-42309,Troy Blackwell,"Hon Executive Leather Armchair, Black",Eastern Asia,914.28,91.38
IN-2017-VB217451-43080,Victoria Brennan,"Hon Rocking Chair, Red",Southern Asia,914.34,356.58
IN-2016-TT2126527-42465,Tim Taslimi,"Enermax Memory Card, Bluetooth",Eastern Asia,915.12,137.04
IN-2015-ML1741027-42005,Maris LaWare,"Epson Inkjet, White",Eastern Asia,916.11,36.63
IN-2014-LA1678058-41977,Laura Armstrong,"Enermax Memory Card, USB",Southern Asia,916.8,146.64
IR-2017-JC538560-42997,Jenna Caffey,"Hon Executive Leather Armchair, Red",Southern Asia,918.78,0
ID-2016-JM1558058-42458,Jill Matthias,"Hon Conference Table, Rectangular",Southern Asia,919.05,-128.67
ID-2014-CM12385102-41685,Christopher Martinez,"Nokia Signal Booster, with Caller ID",Southeastern Asia,921.375,-172.125
IN-2016-SM20905102-42598,Susan MacKendrick,"Hamilton Beach Stove, Red",Southeastern Asia,921.978,216.918
IN-2014-TW2102527-41868,Tamara Willingham,"Hoover Microwave, Black",Eastern Asia,924.21,397.35
IN-2016-HD1478527-42654,Harold Dahlen,"Epson Inkjet, Wireless",Eastern Asia,924.66,397.53
IN-2014-KT1646527-41971,Kean Takahito,"Hoover Microwave, Red",Eastern Asia,925.92,101.79
IN-2017-RS1942027-43001,Ricardo Sperren,"SAFCO Executive Leather Armchair, Adjustable",Eastern Asia,927.84,64.92
IZ-2015-DL333061-42244,Denise Leinenbach,"Chromcraft Round Table, Rectangular",Western Asia,929.34,65.04
IN-2015-ME1801027-42052,Michelle Ellison,"Office Star Executive Leather Armchair, Adjustable",Eastern Asia,930,158.1
IN-2016-BT1168078-42548,Brian Thompson,"Office Star Executive Leather Armchair, Adjustable",Southeastern Asia,930,158.1
IN-2017-AP1091558-42989,Arthur Prichep,"Office Star Executive Leather Armchair, Adjustable",Southern Asia,930,158.1
IN-2014-VT2170027-41960,Valerie Takahito,"Hon Rocking Chair, Adjustable",Eastern Asia,931.77,242.13
IN-2016-AS1013558-42548,Adrian Shami,"Konica Inkjet, White",Southern Asia,931.77,214.29
IN-2017-ME1732027-43095,Maria Etezadi,"Konica Inkjet, White",Eastern Asia,931.77,214.29
ID-2017-NR18550144-42862,Nick Radford,"Breville Stove, Silver",Southeastern Asia,933.4014,-78.7386
TU-2015-SF10200134-42147,Sarah Foster,"Samsung Audio Dock, with Caller ID",Western Asia,934.248,-1331.652
IN-2016-EG1390058-42634,Emily Grady,"Office Star Executive Leather Armchair, Black",Southern Asia,934.86,439.38
ID-2014-CM1219097-41795,Charlotte Melton,"Brother Personal Copier, Color",Southern Asia,938.145,-0.195
IN-2017-CC1267058-43073,Craig Carreira,"Konica Inkjet, Wireless",Southern Asia,940.32,141.03
IN-2017-VB2174527-43088,Victoria Brennan,"Konica Inkjet, Wireless",Eastern Asia,940.32,141.03
ID-2015-CB12025102-42285,Cassandra Brandow,"Bush Library with Doors, Metal",Southeastern Asia,945.828,-392.892
IN-2015-BD1172511-42271,Bruce Degenhardt,"Hon Coffee Table, with Bottom Storage",Southern Asia,947.7,28.35
ID-2016-CM11830144-42497,Cari MacIntyre,"Canon Wireless Fax, High-Speed",Southeastern Asia,949.6872,-437.2728
IN-2015-LD1700511-42104,Lisa DeCherney,"Sharp Copy Machine, Color",Southern Asia,950.4,171
SA-2016-RF9345110-42557,Randy Ferguson,"Sharp Copy Machine, Color",Western Asia,950.4,132.96
ID-2017-LS1694559-42880,Linda Southworth,"Barricks Coffee Table, Rectangular",Southeastern Asia,951.0426,-646.0974
IN-2015-SW2024558-42155,Scot Wooten,"Samsung Headset, with Caller ID",Southern Asia,951.6,66.3
ID-2015-MC1810058-42321,Mick Crebagga,"Harbour Creations Executive Leather Armchair, Red",Southern Asia,951.72,-495
IN-2016-Dp1324066-42529,Dean percer,"Harbour Creations Executive Leather Armchair, Red",Eastern Asia,951.72,228.36
ID-2017-CR1262559-42784,Corey Roper,"SanDisk Router, USB",Southeastern Asia,951.8376,35.8176
IN-2016-LS17245102-42630,Lynn Smith,"Sauder Corner Shelving, Metal",Southeastern Asia,953.94,131.94
IN-2015-SF2006527-42224,Sandra Flanagan,"Hewlett Fax Machine, High-Speed",Eastern Asia,954.36,343.53
IN-2014-DO1364566-41782,Doug O'Connell,"Canon Fax Machine, Laser",Eastern Asia,955.17,429.75
IN-2015-LB1673558-42334,Larry Blacks,"Canon Fax Machine, Laser",Southern Asia,955.17,429.75
IN-2015-BF11005102-42089,Barry Franz,"Cisco Audio Dock, with Caller ID",Southeastern Asia,955.8675,229.2675
IN-2014-JS1588058-41788,John Stevenson,"Nokia Signal Booster, VoIP",Southern Asia,956.13,162.54
IN-2014-KH1633027-41859,Katharine Harms,"Sharp Copy Machine, Laser",Eastern Asia,956.16,468.48
IN-2017-AS1028527-42962,Alejandro Savely,"Apple Signal Booster, VoIP",Eastern Asia,957.18,191.31
IN-2016-NM1844527-42531,Nathan Mautz,"Sharp Copy Machine, High-Speed",Eastern Asia,957.6,0
IN-2014-FW1439511-41926,Fred Wasserman,"Hewlett Fax Machine, Digital",Southern Asia,958.68,373.86
IN-2016-EM1382566-42581,Elizabeth Moffitt,"Hewlett Fax Machine, Laser",Eastern Asia,959.76,460.62
IN-2017-CY1274558-43031,Craig Yedwab,"Hewlett Fax Machine, Laser",Southern Asia,959.76,460.62
IR-2017-JF529560-42991,Jason Fortune-,"Sharp Personal Copier, Laser",Southern Asia,960,57.6
IN-2014-NC1862558-41929,Noah Childs,"SAFCO Rocking Chair, Adjustable",Southern Asia,961.8,163.38
IN-2016-LT1676558-42685,Larry Tron,"SAFCO Rocking Chair, Adjustable",Southern Asia,961.8,163.38
IN-2017-CS1250558-42904,Cindy Stewart,"Sharp Copy Machine, Color",Southern Asia,963.36,154.08
IN-2017-ME1732027-43071,Maria Etezadi,"StarTech Card Printer, Red",Eastern Asia,963.9,269.82
ID-2017-CC12370118-42956,Christopher Conant,"Motorola Smart Phone, Cordless",Eastern Asia,964.17,-887.04
IN-2014-EH1399058-41917,Erica Hackney,"Apple Signal Booster, Full Size",Southern Asia,965.58,376.53
IN-2014-EM1414059-41931,Eugene Moren,"Safco Stackable Bookrack, Traditional",Southeastern Asia,966.3444,51.7944
ID-2016-CG1252059-42533,Claire Gute,"Brother Copy Machine, Color",Southeastern Asia,969.0228,302.0628
IN-2014-AS1028558-41951,Alejandro Savely,"Office Star Rocking Chair, Black",Southern Asia,969.36,348.81
IN-2017-FO1430527-42807,Frank Olsen,"Office Star Rocking Chair, Black",Eastern Asia,969.36,348.81
IN-2015-FG1426058-42108,Frank Gastineau,"Sauder Floating Shelf Set, Metal",Southern Asia,970.2,145.5
IN-2016-KH1633058-42559,Katharine Harms,"Dania Corner Shelving, Metal",Southern Asia,972.24,408.24
IN-2016-SL2015566-42534,Sara Luxemburg,"Cuisinart Microwave, Black",Eastern Asia,972.615,-486.465
IN-2017-PB1921027-43068,Phillip Breyer,"HP Copy Machine, Laser",Eastern Asia,973.32,9.72
IN-2014-JG1580558-41791,John Grady,"Memorex Router, Erganomic",Southern Asia,976.08,361.08
IN-2016-LC1714027-42731,Logan Currie,"Dania Corner Shelving, Traditional",Eastern Asia,976.56,97.44
IN-2016-HD1478559-42371,Harold Dahlen,"Samsung Audio Dock, Full Size",Southeastern Asia,976.7772,247.0272
IN-2017-SC2005027-43001,Sample Company A,"Chromcraft Round Table, with Bottom Storage",Eastern Asia,980.91,210.15
ID-2016-TN2104097-42469,Tanja Norvell,"Cisco Smart Phone, with Caller ID",Southern Asia,981.36,-176.67
AJ-2017-DR28809-43096,Dan Reichenbach,"Memorex Router, Bluetooth",Western Asia,984.84,374.16
IN-2015-FH1427558-42296,Frank Hawley,"Eldon Lockers, Wire Frame",Southern Asia,984.9,423.45
IN-2017-PT1909027-42976,Pete Takahito,"Office Star Rocking Chair, Red",Eastern Asia,986.37,108.36
IN-2016-DG1330011-42548,Deirdre Greer,"Apple Speaker Phone, VoIP",Southern Asia,987.12,335.52
TU-2015-TA11385134-42056,Tom Ashbrook,"Office Star Swivel Stool, Adjustable",Western Asia,988.008,-1235.052
IN-2017-MT1781511-42953,Meg Tillman,"Bush Stackable Bookrack, Mobile",Southern Asia,988.08,276.48
ID-2016-RF1973559-42506,Roland Fjeld,"Lesro Training Table, Rectangular",Southeastern Asia,988.2327,-708.5673
IN-2016-SC2069558-42594,Steve Chapman,"Bevis Computer Table, Fully Assembled",Southern Asia,989.04,88.98
IN-2017-BM1178527-43060,Bryan Mills,"Logitech Router, USB",Eastern Asia,990.12,356.4
ID-2015-KB16315118-42152,Karl Braun,"Bush Classic Bookcase, Traditional",Eastern Asia,990.432,-173.358
ID-2016-JH1543059-42727,Jennifer Halladay,"Lesro Wood Table, with Bottom Storage",Southeastern Asia,990.9516,-878.7684
IN-2015-JK1612027-42244,Julie Kriz,"Bush Corner Shelving, Traditional",Eastern Asia,991.92,456.24
IN-2017-CC1261027-42790,Corey Catlett,"Hewlett Personal Copier, High-Speed",Eastern Asia,997.29,9.87
IN-2016-TC2129558-42406,Toby Carlisle,"Hon Training Table, with Bottom Storage",Southern Asia,998.1,419.13
IN-2017-AT1043559-42974,Alyssa Tate,"HP Wireless Fax, High-Speed",Southeastern Asia,999.9639,268.8039
IN-2016-RH19555102-42589,Ritsa Hightower,"Okidata Printer, White",Southeastern Asia,1000.9125,26.6625
ID-2015-LP1708059-42226,Liz Pelletier,"Hon Executive Leather Armchair, Black",Southeastern Asia,1001.1366,-233.2134
IN-2014-PS1904527-41744,Penelope Sewall,"Novimex Swivel Stool, Adjustable",Eastern Asia,1001.7,250.38
IN-2017-HG1496566-42886,Henry Goldwyn,"Novimex Swivel Stool, Adjustable",Eastern Asia,1001.7,250.38
IN-2017-BS1159066-42870,Brendan Sweed,"Apple Audio Dock, VoIP",Eastern Asia,1001.88,230.4
ID-2017-MP17965144-42739,Michael Paige,"Novimex Executive Leather Armchair, Black",Southeastern Asia,1002.9105,-329.8095
IR-2017-SR1074060-42997,Steven Roelle,"Barricks Round Table, with Bottom Storage",Southern Asia,1003.02,30.06
ID-2016-BW1111059-42534,Bart Watters,"Breville Microwave, Silver",Southeastern Asia,1004.1672,-96.8328
ID-2016-TT2122088-42730,Thomas Thornton,"Hon Executive Leather Armchair, Red",Southeastern Asia,1006.0641,-165.4659
IN-2017-NP1868588-42973,Nora Pelletier,"Hon Executive Leather Armchair, Adjustable",Southeastern Asia,1006.5897,-110.4003
IN-2017-DK1337527-42752,Dennis Kane,"Barricks Computer Table, with Bottom Storage",Eastern Asia,1008.063,28.773
SA-2014-MG7695110-41704,Maureen Gnade,"Logitech Memory Card, Erganomic",Western Asia,1011.9,20.1
IN-2017-CS1217511-42969,Charles Sheldon,"Harbour Creations Rocking Chair, Black",Southern Asia,1012.62,171.99
IN-2015-TG2164078-42029,Trudy Glocke,"Ikea 3-Shelf Cabinet, Mobile",Southeastern Asia,1014.72,141.96
ID-2014-JL15175130-41767,James Lanier,"SAFCO Executive Leather Armchair, Adjustable",Southeastern Asia,1015.9848,-278.3952
TU-2014-DM3345134-41918,Denise Monton,"Apple Smart Phone, Full Size",Western Asia,1017.936,-814.464
IN-2016-BP1118527-42447,Ben Peterman,"SAFCO Swivel Stool, Set of Two",Eastern Asia,1021.14,112.32
IN-2016-NB1865527-42589,Nona Balk,"SAFCO Swivel Stool, Set of Two",Eastern Asia,1021.14,112.32
ID-2015-NM18445130-42234,Nathan Mautz,"Epson Inkjet, Wireless",Southeastern Asia,1023.2904,320.4504
ID-2015-AB1001527-42169,Aaron Bergman,"StarTech Printer, Wireless",Eastern Asia,1024.68,-286.92
IN-2016-GM1450027-42486,Gene McClure,"Belkin Router, Erganomic",Eastern Asia,1026.24,174.36
IN-2016-RP1939058-42724,Resi Pölking,"Smead File Cart, Industrial",Southern Asia,1027.2,287.52
IN-2014-JK1532527-41946,Jason Klamczynski,"Hewlett Ink, High-Speed",Eastern Asia,1028.16,20.37
ID-2016-KN16390102-42456,Katherine Nockton,"Canon Fax Machine, High-Speed",Southeastern Asia,1028.9175,-221.6325
IN-2017-PS1876059-43019,Pamela Stobb,"Bush Stackable Bookrack, Traditional",Southeastern Asia,1029.2589,10.8189
IN-2017-MC1763566-42995,Matthew Clasen,"Brother Ink, Laser",Eastern Asia,1031.1,133.98
IN-2015-PC1900078-42146,Pauline Chand,"SanDisk Router, Programmable",Southeastern Asia,1031.4,185.64
ID-2017-BT11305102-42744,Beth Thompson,"SAFCO Executive Leather Armchair, Black",Southeastern Asia,1032.75,-165.24
ID-2015-HA1492059-42209,Helen Andreada,"Fellowes Lockers, Industrial",Southeastern Asia,1034.8938,-62.3862
IN-2015-MV1819027-42180,Mike Vittorini,"Belkin Router, USB",Eastern Asia,1035.84,455.76
IN-2014-JH1591027-41992,Jonathan Howell,"Fellowes Lockers, Single Width",Eastern Asia,1036.8,20.7
IN-2014-AB1006059-41790,Adam Bellavance,"Harbour Creations Swivel Stool, Black",Southeastern Asia,1037.7096,298.5096
IN-2014-DG1330027-41863,Deirdre Greer,"Bevis Computer Table, Fully Assembled",Eastern Asia,1038.492,-311.598
IN-2017-AO1081058-42955,Anthony O'Donnell,"Epson Printer, Red",Southern Asia,1039.08,93.48
IN-2015-AB1001558-42014,Aaron Bergman,"Enermax Router, Programmable",Southern Asia,1039.32,301.32
IN-2017-IM1507059-42888,Irene Maddox,"Memorex Router, Bluetooth",Southeastern Asia,1043.9304,-295.5096
ID-2014-JD16015102-41946,Joy Daniels,"Lesro Wood Table, Rectangular",Southeastern Asia,1046.25,-976.5
ID-2017-KH16510102-42783,Keith Herrera,"Office Star Executive Leather Armchair, Adjustable",Southeastern Asia,1046.25,-111.6
ID-2017-AS1028527-42821,Alejandro Savely,"Lesro Coffee Table, Rectangular",Eastern Asia,1048.194,-284.526
IN-2014-AH1021027-41978,Alan Hwang,"Canon Copy Machine, Laser",Eastern Asia,1048.56,262.08
IN-2017-JD16150130-43100,Justin Deggeller,"Lesro Training Table, Adjustable Height",Southeastern Asia,1048.7313,-1195.2387
IN-2014-GH1448558-41921,Gene Hale,"Epson Printer, Wireless",Southern Asia,1050.48,94.44
IN-2017-TB21400102-42780,Tom Boeckenhauer,"Office Star Executive Leather Armchair, Black",Southeastern Asia,1051.7175,308.4975
IN-2014-ES1408027-41672,Erin Smith,"Safco Stackable Bookrack, Pine",Eastern Asia,1052.31,105.21
ID-2015-CB1202559-42345,Cassandra Brandow,"Rogers Lockers, Blue",Southeastern Asia,1053.8676,-152.4924
ID-2017-BG1169588-42743,Brooke Gillingham,"Apple Smart Phone, Full Size",Southeastern Asia,1056.1086,-127.2714
IN-2016-JW1595527-42720,Joni Wasserman,"Office Star Swivel Stool, Set of Two",Eastern Asia,1057.14,0
IR-2016-BN151560-42526,Bradley Nguyen,"Motorola Audio Dock, Cordless",Southern Asia,1057.32,274.86
IN-2014-NM1852058-41831,Neoma Murray,"Hon Wood Table, Rectangular",Southern Asia,1057.8,338.46
ID-2016-CS1213059-42606,Chad Sievert,"Apple Smart Phone, Full Size",Southeastern Asia,1058.25,-76.53
IN-2016-CJ1201027-42541,Caroline Jumper,"Cisco Signal Booster, VoIP",Eastern Asia,1063.44,361.41
IN-2014-AB1010558-42000,Adrian Barton,"Sharp Wireless Fax, Digital",Southern Asia,1066.68,394.65
ID-2014-TB2117559-41862,Thomas Boland,"Canon Fax and Copier, Laser",Southeastern Asia,1067.6772,91.7172
ID-2017-PC18745102-43018,Pamela Coakley,"Harbour Creations Executive Leather Armchair, Red",Southeastern Asia,1070.685,-14.355
IN-2017-ED1388558-42899,Emily Ducich,"Cisco Signal Booster, Full Size",Southern Asia,1071.84,107.1
IZ-2016-TH1123561-42469,Tiffany House,"Konica Printer, Durable",Western Asia,1071.84,310.8
IN-2016-RA1928558-42594,Ralph Arnett,"HP Wireless Fax, High-Speed",Southern Asia,1075.23,344.07
ID-2016-SC20770130-42685,Stewart Carmichael,"Tenex Lockers, Wire Frame",Southeastern Asia,1077.066,-61.134
IN-2016-KD1627021-42618,Karen Daniels,"Cuisinart Stove, Silver",Southeastern Asia,1078.08,366.54
IN-2014-NM1844527-41919,Nathan Mautz,"HP Wireless Fax, Laser",Eastern Asia,1080.63,302.49
ID-2015-KH1669027-42184,Kristen Hastings,"Barricks Wood Table, with Bottom Storage",Eastern Asia,1085.553,-155.097
IN-2014-FM1429027-41919,Frank Merwin,"Konica Receipt Printer, White",Eastern Asia,1085.94,369.09
ID-2015-GT1463597-42294,Grant Thornton,"Hamilton Beach Stove, Silver",Southern Asia,1086.18,-369.42
IZ-2015-CS249061-42025,Cindy Schnelling,"Hamilton Beach Stove, Silver",Western Asia,1086.18,412.74
IN-2016-SW20350102-42500,Sean Wendt,"Hon Swivel Stool, Black",Southeastern Asia,1088.235,333.585
IN-2016-DJ1342058-42376,Denny Joy,"Dania Library with Doors, Pine",Southern Asia,1091.25,196.38
IN-2016-NM1852056-42412,Neoma Murray,"Dania Library with Doors, Pine",Eastern Asia,1091.25,196.38
IN-2017-ML1739559-43100,Marina Lichtenstein,"Safco Library with Doors, Pine",Southeastern Asia,1091.2806,46.9206
ID-2015-SC2080059-42110,Stuart Calhoun,"Bevis Round Table, Rectangular",Southeastern Asia,1093.4112,-20.6688
IN-2017-DL1333066-42989,Denise Leinenbach,"Ikea Library with Doors, Pine",Eastern Asia,1094.22,328.23
IN-2017-DV1346558-42906,Dianna Vittorini,"Ikea Library with Doors, Pine",Southern Asia,1094.22,328.23
IN-2017-MH1811558-42888,Mick Hernandez,"Ikea Library with Doors, Pine",Southern Asia,1094.22,328.23
SA-2017-IG5085110-42864,Ivan Gibson,"Harbour Creations Swivel Stool, Set of Two",Western Asia,1094.22,317.16
IN-2016-TM2149059-42517,Tony Molinari,"Safco Library with Doors, Mobile",Southeastern Asia,1094.5449,270.6849
IN-2014-MV1819011-41700,Mike Vittorini,"Harbour Creations Swivel Stool, Adjustable",Southern Asia,1095.66,65.7
IN-2014-JS1603027-41707,Joy Smith,"SAFCO Rocking Chair, Set of Two",Eastern Asia,1097.28,252.24
IN-2014-WB2185058-41908,William Brown,"Bush Library with Doors, Mobile",Southern Asia,1100.52,473.22
IN-2015-NP18685144-42187,Nora Pelletier,"Hewlett Personal Copier, Color",Southeastern Asia,1101.5676,139.6476
TU-2017-BD1770134-42862,Bryan Davis,"Novimex Executive Leather Armchair, Red",Western Asia,1104.48,-690.3
ID-2017-DS1318059-42890,David Smith,"Sauder Corner Shelving, Pine",Southeastern Asia,1105.956,130.596
IN-2015-TH2111558-42218,Thea Hudgings,"Dania Stackable Bookrack, Pine",Southern Asia,1106.46,187.92
IN-2016-JE1571559-42515,Joe Elijah,"Safco 3-Shelf Cabinet, Pine",Southeastern Asia,1107.9369,47.6469
IN-2015-SV2036527-42036,Seth Vernon,"Samsung Speaker Phone, with Caller ID",Eastern Asia,1109.16,498.96
TU-2014-JF5355134-41665,Jay Fein,"SAFCO Executive Leather Armchair, Adjustable",Western Asia,1113.408,-1475.352
IN-2015-AB10165113-42301,Alan Barnes,"Nokia Signal Booster, Cordless",Southeastern Asia,1114.8,211.68
IN-2016-SS2014027-42660,Saphhira Shifley,"Ikea Stackable Bookrack, Pine",Eastern Asia,1115.37,267.57
ID-2016-CV1280559-42536,Cynthia Voltz,"HP Fax Machine, Laser",Southeastern Asia,1115.7768,311.8968
UZ-2017-NM8520142-42942,Neoma Murray,"Motorola Headset, with Caller ID",Central Asia,1116.36,368.34
IN-2014-SF2020027-41960,Sarah Foster,"Barricks Training Table, Fully Assembled",Eastern Asia,1119.195,255.795
IN-2014-KM1672078-41781,Kunst Miller,"Samsung Speaker Phone, Full Size",Southeastern Asia,1120.77,55.89
SA-2016-SJ10125110-42675,Sanjit Jacobs,"Hamilton Beach Microwave, White",Western Asia,1122.6,67.32
ID-2017-JA15970130-43026,Joseph Airdo,"Safco Floating Shelf Set, Pine",Southeastern Asia,1123.1703,-196.3197
UZ-2016-JF5415142-42531,Jennifer Ferguson,"SanDisk Memory Card, Bluetooth",Central Asia,1124.1,146.1
MG-2015-SS1014084-42233,Saphhira Shifley,"Breville Stove, Silver",Eastern Asia,1124.58,281.1
IN-2014-TC2098027-41764,Tamara Chand,"Brother Wireless Fax, High-Speed",Eastern Asia,1131.03,327.96
IN-2015-CL1270027-42285,Craig Leslie,"Hoover Stove, White",Eastern Asia,1133.22,305.94
IN-2017-JO1514566-42903,Jack O'Briant,"Novimex Swivel Stool, Black",Eastern Asia,1134.21,249.48
IN-2015-CV1280566-42112,Cynthia Voltz,"Samsung Speaker Phone, Cordless",Eastern Asia,1134.81,453.87
TU-2017-EH4125134-42799,Eugene Hildebrand,"Harbour Creations Executive Leather Armchair, Black",Western Asia,1136.664,-880.956
IN-2014-DA1345058-41994,Dianna Arnett,"Hoover Stove, Red",Southern Asia,1136.94,45.42
IN-2014-RR1931558-41924,Ralph Ritter,"KitchenAid Stove, Black",Southern Asia,1139.16,284.76
ID-2015-CC1267097-42347,Craig Carreira,"KitchenAid Stove, Red",Southern Asia,1140.3,-638.58
IN-2015-RE1940527-42218,Ricardo Emerson,"Canon Wireless Fax, Color",Eastern Asia,1140.3,433.26
IN-2016-BO1135058-42514,Bill Overfelt,"Brother Wireless Fax, Color",Southern Asia,1140.75,0
IN-2017-GM1469527-42894,Greg Maxwell,"KitchenAid Stove, Silver",Eastern Asia,1141.8,479.52
IR-2016-MZ751560-42584,Mary Zewe,"Epson Receipt Printer, Red",Southern Asia,1141.8,570.9
TU-2014-CV2805134-41889,Cynthia Voltz,"Harbour Creations Executive Leather Armchair, Adjustable",Western Asia,1142.64,-571.32
IN-2016-SC2069578-42619,Steve Chapman,"Hewlett Wireless Fax, Color",Southeastern Asia,1144.89,549.54
IN-2016-JL1517559-42665,James Lanier,"Ikea Classic Bookcase, Traditional",Southeastern Asia,1148.7825,172.9125
IN-2017-JA1597021-42977,Joseph Airdo,"Novimex Swivel Stool, Red",Southeastern Asia,1151.22,287.7
IN-2017-JG1531059-42865,Jason Gross,"Eldon Lockers, Industrial",Southeastern Asia,1152.6459,347.0859
IN-2016-RM1975059-42493,Roland Murray,"Panasonic Card Printer, Durable",Southeastern Asia,1154.9616,417.4416
IN-2014-MT1781527-41851,Meg Tillman,"Brother Fax and Copier, Color",Eastern Asia,1157.58,254.52
ID-2014-CR12580144-41862,Clay Rozendal,"Hewlett Copy Machine, Laser",Southeastern Asia,1161.1971,-147.5229
IN-2017-MK1816058-43061,Mike Kennedy,"Sauder Library with Doors, Traditional",Southern Asia,1162.89,81.36
IN-2017-RP19390102-42923,Resi Pölking,"Panasonic Inkjet, White",Southeastern Asia,1164.375,-201.825
ID-2015-BB10990130-42251,Barry Blumstein,"Hamilton Beach Microwave, White",Southeastern Asia,1164.6975,-238.5525
IN-2016-LO171701-42637,Lori Olson,"Samsung Audio Dock, VoIP",Southern Asia,1168.44,443.94
IN-2017-KE1642066-42905,Katrina Edelman,"Novimex Swivel Stool, Adjustable",Eastern Asia,1168.65,292.11
IN-2017-MA1799527-42981,Michelle Arnett,"Safco Library with Doors, Pine",Eastern Asia,1173.42,129.06
IN-2016-PL1892527-42700,Paul Lucas,"Sharp Fax Machine, High-Speed",Eastern Asia,1175.4,493.56
IN-2015-MG1769558-42350,Maureen Gnade,"Sauder Floating Shelf Set, Pine",Southern Asia,1175.58,117.54
ID-2016-HA14905102-42433,Helen Abelman,"Ikea Library with Doors, Metal",Southeastern Asia,1179.2625,-471.7875
ID-2015-RS19765102-42013,Roland Schwarz,"Cuisinart Microwave, Black",Southeastern Asia,1181.0325,138.8325
IN-2016-EH1376527-42586,Edward Hooks,"Dania Floating Shelf Set, Metal",Eastern Asia,1181.67,236.25
IN-2014-RB1964559-42001,Robert Barroso,"Brother Fax Machine, Digital",Southeastern Asia,1183.6296,445.3896
IN-2017-RB1957058-42937,Rob Beeghly,"Eldon Lockers, Single Width",Southern Asia,1187.64,213.66
ID-2017-TC21145102-43089,Theresa Coyne,"Office Star Swivel Stool, Set of Two",Southeastern Asia,1189.2825,-396.4275
ID-2015-MP17470102-42266,Mark Packer,"Canon Copy Machine, Laser",Southeastern Asia,1192.737,-183.603
IN-2016-MS1798058-42598,Michael Stewart,"Sharp Copy Machine, Laser",Southern Asia,1195.2,585.6
IN-2016-PO1918027-42442,Philisse Overcash,"HP Fax Machine, Digital",Eastern Asia,1198.32,179.64
IS-2017-PB921063-42793,Phillip Breyer,"HP Fax Machine, Digital",Western Asia,1198.32,0
IR-2017-CH207060-42779,Cathy Hwang,"Sauder Corner Shelving, Mobile",Southern Asia,1198.56,359.52
IN-2014-DL1349558-41945,Dionis Lloyd,"HP Fax Machine, Laser",Southern Asia,1199.76,395.88
IN-2014-BF1121558-41686,Benjamin Farhat,"Okidata Card Printer, Red",Southern Asia,1210.86,423.78
IN-2016-MO17800113-42505,Meg O'Connel,"Cisco Signal Booster, VoIP",Southeastern Asia,1215.36,413.04
IN-2017-BD1177027-42896,Bryan Davis,"Cisco Signal Booster, VoIP",Eastern Asia,1215.36,413.04
IN-2017-SC2038027-42960,Shahid Collister,"HP Copy Machine, High-Speed",Eastern Asia,1218.45,268.05
IN-2015-RL1961558-42280,Rob Lucas,"HP Fax and Copier, Color",Southern Asia,1220.31,512.4
ID-2015-AB10255144-42252,Alejandro Ballentine,"Belkin Router, Erganomic",Southeastern Asia,1223.7912,-692.9388
IN-2015-KB1631578-42225,Karl Braun,"Konica Card Printer, Wireless",Southeastern Asia,1226.19,612.99
IN-2016-CK1259559-42408,Clytie Kelty,"Brother Copy Machine, Color",Southeastern Asia,1226.3445,118.5945
IZ-2017-SS1014061-42759,Saphhira Shifley,"Epson Inkjet, Durable",Western Asia,1226.52,404.64
IN-2017-MC1759027-42898,Matt Collister,"Konica Card Printer, Durable",Eastern Asia,1227.03,73.5
IN-2017-CB1202558-42804,Cassandra Brandow,"Dania Classic Bookcase, Metal",Southern Asia,1230.66,24.57
IN-2016-NG1843058-42727,Nathan Gelder,"Memorex Router, USB",Southern Asia,1232.1,431.1
IN-2016-QJ1925566-42374,Quincy Jones,"Hon Round Table, Rectangular",Eastern Asia,1232.352,107.802
IN-2015-SC2080058-42040,Stuart Calhoun,"Dania Classic Bookcase, Pine",Southern Asia,1236.33,519.21
IN-2016-GH1442527-42576,Gary Hwang,"Dania Classic Bookcase, Pine",Eastern Asia,1236.33,519.21
IN-2016-KB1658558-42725,Ken Black,"Ikea Classic Bookcase, Pine",Southern Asia,1239.3,24.75
IN-2016-MG1765027-42609,Matthew Grinstein,"KitchenAid Microwave, Red",Eastern Asia,1241.28,434.4
IN-2017-NF1838527-43060,Natalie Fritzler,"KitchenAid Microwave, Red",Eastern Asia,1241.28,434.4
ID-2016-JS1603059-42491,Joy Smith,"Lesro Wood Table, Fully Assembled",Southeastern Asia,1242.585,-140.715
ID-2014-GT1463559-41750,Grant Thornton,"Hamilton Beach Refrigerator, Black",Southeastern Asia,1243.9044,-134.8956
ID-2016-DR1294059-42660,Daniel Raglin,"Hamilton Beach Refrigerator, Black",Southeastern Asia,1243.9044,-134.8956
IN-2017-BT1139527-42808,Bill Tyler,"Fellowes Lockers, Blue",Eastern Asia,1243.98,534.78
MG-2014-SH997584-41660,Sally Hughsby,"Fellowes Lockers, Single Width",Eastern Asia,1244.16,211.5
SA-2017-RB9330110-42884,Randy Bradley,"Fellowes Lockers, Single Width",Western Asia,1244.16,211.5
SA-2017-NM8445110-43067,Nathan Mautz,"Okidata Inkjet, Durable",Western Asia,1250.04,12.48
ID-2017-BP1129059-42945,Beth Paige,"StarTech Inkjet, Wireless",Southeastern Asia,1252.3455,437.5455
IR-2016-TS1161060-42720,Troy Staebel,"Okidata Inkjet, Wireless",Southern Asia,1256.88,12.48
IN-2016-RW1969027-42494,Robert Waldorf,"Canon Fax Machine, High-Speed",Eastern Asia,1266.36,265.92
IN-2017-ED1388527-42938,Emily Ducich,"Rogers Lockers, Single Width",Eastern Asia,1269.9,558.72
ID-2016-JJ1576027-42611,Joel Jenkins,"Barricks Conference Table, with Bottom Storage",Eastern Asia,1269.912,-36.288
IN-2017-DW1358566-43095,Dorothy Wardle,"Cisco Speaker Phone, Cordless",Eastern Asia,1271.97,368.82
IS-2017-JS568563-42825,Jim Sink,"Canon Fax Machine, Digital",Western Asia,1272.12,292.56
SA-2014-RL9615110-41918,Rob Lucas,"Samsung Smart Phone, with Caller ID",Western Asia,1272.3,623.4
IN-2017-MP18175118-42967,Mike Pelletier,"Apple Smart Phone, Full Size",Eastern Asia,1272.42,-1094.34
IN-2014-LC1696058-41971,Lindsay Castell,"Hewlett Fax Machine, High-Speed",Southern Asia,1272.48,458.04
IN-2015-KW1657027-42182,Kelly Williams,"Samsung Smart Phone, VoIP",Eastern Asia,1272.48,534.42
IN-2017-KW1657058-42814,Kelly Williams,"Hewlett Fax Machine, High-Speed",Southern Asia,1272.48,458.04
IR-2017-SC1026060-42785,Scott Cohen,"Apple Smart Phone, Cordless",Southern Asia,1272.6,279.96
IN-2017-CC1247558-42860,Cindy Chapman,"Brother Fax Machine, Digital",Southern Asia,1272.72,534.48
IN-2014-BF1097527-41858,Barbara Fisher,"Canon Fax Machine, Laser",Eastern Asia,1273.56,573
IN-2014-BM1178527-41707,Bryan Mills,"Brother Fax Machine, Laser",Eastern Asia,1274.16,382.2
ID-2017-FH14365102-42976,Fred Hopkins,"Breville Microwave, White",Southeastern Asia,1274.3625,314.8125
IN-2015-DV1346527-42356,Dianna Vittorini,"Nokia Smart Phone, Full Size",Eastern Asia,1274.7,165.66
IN-2014-DB1306027-41949,Dave Brooks,"Samsung Smart Phone, Full Size",Eastern Asia,1274.88,216.72
IN-2017-HA1492027-42842,Helen Andreada,"Apple Smart Phone, Full Size",Eastern Asia,1275,140.22
IN-2017-JM1526511-43020,Janet Molinari,"Apple Smart Phone, Full Size",Southern Asia,1275,140.22
IN-2014-HL1504011-41730,Hunter Lopez,"Samsung Smart Phone, Cordless",Southern Asia,1278,460.08
IN-2015-SC2084527-42175,Sung Chung,"Samsung Smart Phone, Cordless",Eastern Asia,1278,460.08
IN-2017-BP11290113-43000,Beth Paige,"Hewlett Personal Copier, High-Speed",Southeastern Asia,1282.23,12.69
IN-2014-BE1133578-41818,Bill Eplett,"SanDisk Router, USB",Southeastern Asia,1282.8,628.5
IN-2016-MG1820558-42584,Mitch Gastineau,"Belkin Router, Erganomic",Southern Asia,1282.8,217.95
IN-2016-TM2101058-42626,Tamara Manning,"Cisco Audio Dock, Full Size",Southern Asia,1283.52,205.17
IN-2015-RD1958527-42224,Rob Dowd,"KitchenAid Blender, Silver",Eastern Asia,1285.05,552.24
IN-2015-CD1228058-42041,Christina DeMoss,"Hewlett Fax Machine, Color",Southern Asia,1285.44,89.88
IR-2017-TC1114560-43088,Theresa Coyne,"Hewlett Fax Machine, Color",Southern Asia,1285.44,449.88
IN-2014-SG2008058-41938,Sandra Glassco,"Bush 3-Shelf Cabinet, Metal",Southern Asia,1285.47,565.38
IN-2015-CS1184527-42247,Cari Sayre,"Motorola Smart Phone, Cordless",Eastern Asia,1285.56,51.42
IN-2017-MC1784527-42980,Michael Chen,"Motorola Smart Phone, Cordless",Eastern Asia,1285.56,51.42
ID-2017-NC1834097-42878,Nat Carroll,"Hon Conference Table, Rectangular",Southern Asia,1286.67,-2380.35
IR-2017-SF1096560-42897,Sylvia Foulston,"Motorola Smart Phone, Full Size",Southern Asia,1287.96,386.34
ID-2016-CC1237059-42643,Christopher Conant,"Safco Floating Shelf Set, Pine",Southeastern Asia,1289.5659,263.2959
IN-2016-AW1093027-42566,Arthur Wiediger,"Hon Swivel Stool, Black",Eastern Asia,1289.76,618.96
IN-2017-CA1196527-42746,Carol Adams,"Office Star Rocking Chair, Adjustable",Eastern Asia,1290.6,25.65
IR-2015-BM165060-42166,Brian Moss,"Motorola Smart Phone, with Caller ID",Southern Asia,1291.08,296.94
IN-2017-JR1570058-43021,Jocasta Rupert,"Enermax Router, Bluetooth",Southern Asia,1291.65,413.25
IN-2015-RW1963058-42135,Rob Williams,"StarTech Card Printer, White",Southern Asia,1295.28,504.96
IN-2014-GH1466527-41804,Greg Hansen,"Novimex Swivel Stool, Black",Eastern Asia,1296.24,285.12
IN-2016-CP12085130-42666,Cathy Prescott,"Bush Classic Bookcase, Metal",Southeastern Asia,1298.241,123.591
IN-2016-RL1961527-42638,Rob Lucas,"Cisco Smart Phone, Full Size",Eastern Asia,1302.78,208.44
SA-2017-MW8220110-42836,Mitch Webber,"Cisco Smart Phone, Full Size",Western Asia,1302.78,286.56
IN-2015-CC1268558-42349,Craig Carroll,"Cisco Smart Phone, Cordless",Southern Asia,1302.96,182.4
IN-2017-RB1979527-42987,Ross Baird,"Canon Copy Machine, Laser",Eastern Asia,1310.7,327.6
IN-2015-CS1249027-42090,Cindy Schnelling,"Safco Classic Bookcase, Traditional",Eastern Asia,1314.45,39.42
IN-2016-PG1882021-42486,Patrick Gardner,"Safco Classic Bookcase, Traditional",Southeastern Asia,1314.45,39.42
IN-2017-SP2065059-43021,Stephanie Phelps,"Eldon Lockers, Industrial",Southeastern Asia,1317.3096,396.6696
ID-2015-RH1955559-42255,Ritsa Hightower,"Sharp Wireless Fax, High-Speed",Southeastern Asia,1317.3264,297.4464
IN-2015-JR1567027-42327,Jim Radford,"Canon Copy Machine, Color",Eastern Asia,1317.9,0
ID-2015-PS1904559-42180,Penelope Sewall,"Konica Printer, Red",Southeastern Asia,1319.6502,-222.7698
IN-2017-CC1237058-42891,Christopher Conant,"Sharp Personal Copier, Laser",Southern Asia,1320,488.4
IN-2016-VT2170058-42535,Valerie Takahito,"Safco Classic Bookcase, Mobile",Southern Asia,1322.01,145.35
IN-2016-RB1936027-42493,Raymond Buch,"Canon Ink, Laser",Eastern Asia,1324.35,609.12
IN-2014-SC2068021-41705,Steve Carroll,"Chromcraft Computer Table, with Bottom Storage",Southeastern Asia,1330.29,292.59
IN-2015-KH1651011-42233,Keith Herrera,"Sauder 3-Shelf Cabinet, Traditional",Southern Asia,1333.44,146.64
IN-2015-BF1102058-42286,Barry Französisch,"Okidata Printer, White",Southern Asia,1334.55,360.3
IN-2014-HJ1487559-41849,Heather Jas,"Cuisinart Stove, Red",Southeastern Asia,1340.3421,371.4021
ID-2014-RF1934527-41792,Randy Ferguson,"Sauder 3-Shelf Cabinet, Mobile",Eastern Asia,1353.6,541.44
IN-2017-KN1645058-42840,Kean Nguyen,"Lesro Training Table, Adjustable Height",Southern Asia,1354.95,108.3
IN-2017-KD1649578-42890,Keith Dawkins,"Nokia Audio Dock, Cordless",Southeastern Asia,1356.72,433.92
IN-2016-JE1571527-42370,Joe Elijah,"Sauder Floating Shelf Set, Metal",Eastern Asia,1358.28,203.7
TU-2014-MT8070134-41796,Michelle Tran,"Hoover Stove, White",Western Asia,1359.864,-1869.876
IN-2016-CR12580144-42602,Clay Rozendal,"Apple Signal Booster, VoIP",Southeastern Asia,1361.9304,49.0104
IN-2016-YS2188027-42469,Yana Sorensen,"Hon Executive Leather Armchair, Black",Eastern Asia,1371.42,-1097.28
IN-2016-TB2105527-42603,Ted Butterfield,"Ikea Floating Shelf Set, Pine",Eastern Asia,1373.52,54.72
IN-2016-SS2051559-42386,Shirley Schmidt,"Harbour Creations Executive Leather Armchair, Adjustable",Southeastern Asia,1375.8456,94.1256
IN-2017-JJ1544558-42751,Jennifer Jackson,"SAFCO Executive Leather Armchair, Black",Southern Asia,1377,179.01
IN-2016-JG1580527-42598,John Grady,"Hon Executive Leather Armchair, Red",Eastern Asia,1378.17,206.64
IN-2017-AW1084027-42982,Anthony Witt,"Konica Card Printer, Red",Eastern Asia,1378.56,441.12
IN-2017-MO1780027-43042,Meg O'Connel,"Novimex Executive Leather Armchair, Red",Eastern Asia,1380.6,55.17
IN-2014-DP1300078-41953,Darren Powers,"HP Fax and Copier, Laser",Southeastern Asia,1383.12,331.92
IN-2016-HG1496558-42556,Henry Goldwyn,"Safco Floating Shelf Set, Pine",Southern Asia,1386.63,360.36
ID-2015-PS18970113-42253,Paul Stevenson,"Smead Lockers, Blue",Southeastern Asia,1388.94,208.32
IN-2016-AP1072027-42630,Anne Pryor,"SAFCO Executive Leather Armchair, Set of Two",Eastern Asia,1391.04,556.38
IN-2016-TC2098058-42702,Tamara Chand,"SAFCO Executive Leather Armchair, Adjustable",Southern Asia,1391.76,97.38
IN-2016-HH1501058-42504,Hilary Holden,"Office Star Executive Leather Armchair, Adjustable",Southern Asia,1395,237.15
IN-2017-DR1294058-42883,Daniel Raglin,"Office Star Executive Leather Armchair, Adjustable",Southern Asia,1395,237.15
ID-2014-TS21160102-41937,Theresa Swint,"Office Star Executive Leather Armchair, Black",Southeastern Asia,1402.29,411.33
IN-2015-LR1691558-42010,Lena Radford,"Lesro Wood Table, with Bottom Storage",Southern Asia,1402.29,0
ID-2014-RD1966066-41988,Robert Dilbeck,"Office Star Executive Leather Armchair, Red",Eastern Asia,1409.04,436.77
IN-2015-SM2090558-42341,Susan MacKendrick,"Office Star Executive Leather Armchair, Red",Southern Asia,1409.04,436.77
IN-2017-DB1361558-43064,Doug Bickford,"Office Star Executive Leather Armchair, Red",Southern Asia,1409.04,436.77
IN-2016-SN2056058-42605,Skye Norling,"Office Star Executive Leather Armchair, Adjustable",Southern Asia,1409.76,169.11
ID-2017-HL1504059-43070,Hunter Lopez,"Brother Wireless Fax, Color",Southeastern Asia,1414.53,-106.47
ID-2015-HM1498059-42301,Henry MacAllister,"Hoover Stove, Silver",Southeastern Asia,1417.3578,-290.3022
ID-2015-KA1652559-42166,Kelly Andreada,"Hewlett Wireless Fax, Color",Southeastern Asia,1419.6636,625.8636
IN-2017-AP1091559-42820,Arthur Prichep,"KitchenAid Stove, Silver",Southeastern Asia,1421.541,428.121
IN-2014-PP1895527-41935,Paul Prost,"Sharp Wireless Fax, Digital",Eastern Asia,1422.24,526.2
IN-2016-VT2170027-42608,Valerie Takahito,"Sharp Wireless Fax, Digital",Eastern Asia,1422.24,526.2
ID-2017-DK13090102-42757,Dave Kipp,"Harbour Creations Executive Leather Armchair, Adjustable",Southeastern Asia,1428.3,-57.18
IN-2016-TB2140066-42604,Tom Boeckenhauer,"Harbour Creations Executive Leather Armchair, Adjustable",Eastern Asia,1428.3,314.19
IN-2014-MN1793527-41882,Michael Nguyen,"Tenex Lockers, Blue",Eastern Asia,1429.05,371.49
IN-2017-DV1304558-43060,Darrin Van Huff,"Tenex Lockers, Single Width",Southern Asia,1429.26,199.92
IN-2015-RP19390102-42365,Resi Pölking,"Samsung Smart Phone, with Caller ID",Southeastern Asia,1431.3375,171.6975
ID-2017-JK15730102-42841,Joe Kamberova,"Apple Smart Phone, Full Size",Southeastern Asia,1431.4725,-343.5975
ID-2017-SC20380102-42896,Shahid Collister,"Breville Stove, Silver",Southeastern Asia,1433.8395,-84.3705
IZ-2016-CK232561-42727,Christine Kargatis,"HP Wireless Fax, Laser",Western Asia,1440.84,86.4
IN-2017-SJ2021527-42913,Sarah Jordon,"HP Wireless Fax, Color",Eastern Asia,1446.6,665.4
IN-2017-LA1678027-42879,Laura Armstrong,"Dania Library with Doors, Metal",Eastern Asia,1447.44,43.32
ID-2015-SS201401-42354,Saphhira Shifley,"Chromcraft Wood Table, with Bottom Storage",Southern Asia,1447.56,564.48
IN-2014-CH1207027-41740,Cathy Hwang,"Ikea Library with Doors, Metal",Eastern Asia,1451.4,130.56
ID-2017-HZ14950102-42843,Henia Zydlo,"Hoover Stove, Silver",Southeastern Asia,1451.511,-256.149
IN-2014-BM1178558-41854,Bryan Mills,"Bush Library with Doors, Metal",Southern Asia,1455.12,116.4
IN-2016-VS2182027-42521,Vivek Sundaresam,"Bush Library with Doors, Metal",Eastern Asia,1455.12,116.4
ID-2016-CA1196559-42400,Carol Adams,"Hon Conference Table, Rectangular",Southeastern Asia,1461.2895,-110.2905
IN-2016-KT16465113-42689,Kean Takahito,"HP Copy Machine, High-Speed",Southeastern Asia,1462.14,321.66
IN-2017-PP1895566-43046,Paul Prost,"Memorex Router, Erganomic",Eastern Asia,1464.12,541.62
IZ-2017-EH418561-42904,Evan Henry,"Bush Library with Doors, Mobile",Western Asia,1467.36,469.44
IN-2015-DP1316558-42353,David Philippe,"Sharp Fax Machine, High-Speed",Southern Asia,1469.25,616.95
IN-2016-VW217751-42632,Victoria Wilson,"Logitech Router, Erganomic",Southern Asia,1470.78,514.62
ID-2015-AH1007559-42324,Adam Hart,"Bevis Conference Table, Fully Assembled",Southeastern Asia,1471.1157,-916.0443
ID-2016-AM1070559-42534,Anne McFarland,"Hewlett Copy Machine, Color",Southeastern Asia,1479.3138,-63.6462
IN-2017-GH1448566-42811,Gene Hale,"Sauder Stackable Bookrack, Pine",Eastern Asia,1481.7,711
IN-2016-AM10705102-42622,Anne McFarland,"Canon Wireless Fax, Color",Southeastern Asia,1482.39,68.31
IZ-2015-TB1105561-42171,Ted Butterfield,"Memorex Router, Programmable",Western Asia,1486.26,698.4
IN-2015-ST2053059-42160,Shui Tom,"Hewlett Fax Machine, Laser",Southeastern Asia,1487.628,655.728
IN-2017-BD1132027-42812,Bill Donatelli,"Hon Wood Table, with Bottom Storage",Eastern Asia,1487.724,-488.916
IN-2016-BN1147027-42627,Brad Norvell,"HP Fax Machine, High-Speed",Eastern Asia,1490.7,104.25
IN-2015-SW20755113-42342,Steven Ward,"Barricks Coffee Table, Rectangular",Southeastern Asia,1495.35,164.4
IN-2015-TH2111578-42177,Thea Hudgings,"HP Fax Machine, Laser",Southeastern Asia,1499.7,494.85
IN-2016-PG1882027-42379,Patrick Gardner,"Sharp Fax and Copier, High-Speed",Eastern Asia,1501.2,89.91
TU-2014-JF5190134-41851,Jamie Frazer,"Office Star Executive Leather Armchair, Adjustable",Western Asia,1503.744,-1842.096
IZ-2015-DV346561-42161,Dianna Vittorini,"Canon Wireless Fax, Digital",Western Asia,1513.2,665.76
IZ-2015-JO555061-42026,Jesus Ocampo,"Hewlett Wireless Fax, Digital",Western Asia,1519.32,182.28
IN-2015-KB1658527-42218,Ken Black,"Brother Wireless Fax, Color",Eastern Asia,1521,0
ID-2016-JE1574559-42542,Joel Eaton,"Barricks Computer Table, Fully Assembled",Southeastern Asia,1524.2058,-575.3142
IN-2014-MG1820558-41693,Mitch Gastineau,"Hewlett Wireless Fax, Color",Southern Asia,1526.52,732.72
IN-2015-SG2047058-42154,Sheri Gordon,"Hewlett Wireless Fax, Color",Southern Asia,1526.52,732.72
ID-2014-FM1438027-41695,Fred McMath,"Samsung Audio Dock, Cordless",Eastern Asia,1527.12,656.64
IR-2016-AS28560-42703,Alejandro Savely,"Cisco Signal Booster, Full Size",Southern Asia,1531.2,45.9
IN-2017-JM15265102-43047,Janet Molinari,"Breville Microwave, Red",Southeastern Asia,1538.721,325.701
IN-2016-NB1865527-42524,Nona Balk,"Sauder Library with Doors, Metal",Eastern Asia,1548.36,650.28
IN-2016-PL1892588-42602,Paul Lucas,"KitchenAid Microwave, Silver",Southeastern Asia,1549.1286,-56.1114
SA-2014-HR4770110-41943,Hallie Redmond,"Enermax Router, Bluetooth",Western Asia,1549.98,139.32
TU-2017-SC10680134-42911,Steve Carroll,"Cisco Smart Phone, Cordless",Western Asia,1563.552,-781.848
IN-2016-CR1262558-42670,Corey Roper,"Safco Library with Doors, Pine",Southern Asia,1564.56,172.08
SA-2017-MY7380110-42778,Maribeth Yedwab,"Safco Library with Doors, Pine",Western Asia,1564.56,782.28
SY-2015-SV10815126-42271,Stuart Van,"Cisco Smart Phone, with Caller ID",Western Asia,1570.176,104.616
ID-2016-BG1103527-42512,Barry Gonzalez,"Hoover Refrigerator, Silver",Eastern Asia,1581.03,790.47
IN-2016-JM1525027-42716,Janet Martin,"Canon Copy Machine, Color",Eastern Asia,1581.48,0
ID-2017-HG1496597-42961,Henry Goldwyn,"KitchenAid Refrigerator, Black",Southern Asia,1582.11,-886.05
IN-2017-RE19450113-42807,Richard Eichhorn,"Canon Fax Machine, High-Speed",Southeastern Asia,1582.95,332.4
IN-2015-LH1702027-42302,Lisa Hazard,"Brother Fax Machine, High-Speed",Eastern Asia,1583.7,174.15
ID-2016-CL1189059-42613,Carl Ludwig,"HP Copy Machine, Laser",Southeastern Asia,1584.0783,-102.2217
IN-2017-LS1694559-42776,Linda Southworth,"Apple Smart Phone, Cordless",Southeastern Asia,1584.387,381.717
ID-2015-EB1387059-42181,Emily Burns,"Nokia Smart Phone, Full Size",Southeastern Asia,1587.0015,-76.5585
ID-2017-RP19855130-43079,Roy Phan,"Nokia Smart Phone, Full Size",Southeastern Asia,1587.0015,-76.5585
IN-2016-SV2081558-42699,Stuart Van,"Hewlett Fax Machine, High-Speed",Southern Asia,1590.6,572.55
IN-2016-AM1036058-42394,Alice McCarthy,"Hewlett Copy Machine, Color",Southern Asia,1590.66,47.7
IN-2014-AA1048059-41813,Andrew Allen,"Samsung Smart Phone, Cordless",Southeastern Asia,1591.11,364.23
IN-2015-CC1237011-42192,Christopher Conant,"Motorola Speaker Phone, Cordless",Southern Asia,1591.56,79.56
IN-2015-BW1111058-42134,Bart Watters,"Konica Printer, Durable",Southern Asia,1607.76,482.22
IN-2014-ML1741027-41985,Maris LaWare,"Cuisinart Stove, White",Eastern Asia,1609.29,241.38
IN-2015-JK1609078-42176,Juliana Krohn,"Cuisinart Stove, White",Southeastern Asia,1609.29,241.38
IN-2017-LB1679558-42764,Laurel Beltran,"Okidata Printer, Wireless",Southern Asia,1611,64.44
IN-2015-PO1918011-42300,Philisse Overcash,"Novimex Swivel Stool, Black",Southern Asia,1620.3,356.4
IN-2015-KD1649558-42217,Keith Dawkins,"Hamilton Beach Stove, White",Southern Asia,1621.44,210.78
IS-2016-AS13563-42654,Adrian Shami,"Tenex Lockers, Wire Frame",Western Asia,1625.76,503.76
ID-2014-EH14125102-41827,Eugene Hildebrand,"Panasonic Inkjet, White",Southeastern Asia,1630.125,-282.555
IR-2015-KM672060-42119,Kunst Miller,"Ikea Classic Bookcase, Traditional",Southern Asia,1647,625.8
ID-2017-MG17680144-42809,Maureen Gastineau,"Novimex Executive Leather Armchair, Adjustable",Southeastern Asia,1680.606,368.256
IN-2017-CM1193527-42975,Carlos Meador,"Breville Stove, Black",Eastern Asia,1682.91,487.98
ID-2015-BE1141059-42226,Bobby Elias,"Dania Library with Doors, Traditional",Southeastern Asia,1685.16,706.56
ID-2016-JR1567059-42519,Jim Radford,"Office Star Executive Leather Armchair, Adjustable",Southeastern Asia,1697.25,-232.5
IZ-2017-JL550561-42759,Jeremy Lonsdale,"Rogers File Cart, Single Width",Western Asia,1699.56,441.72
ID-2015-JM1586597-42358,John Murray,"KitchenAid Stove, White",Southern Asia,1704.87,-1023.03
IN-2014-PB19210127-41989,Phillip Breyer,"Lesro Conference Table, with Bottom Storage",Eastern Asia,1715.16,720.36
IN-2017-BE1145559-43036,Brad Eason,"Breville Refrigerator, White",Southeastern Asia,1718.0004,372.5604
IN-2017-VP2173058-42816,Victor Preis,"Lesro Conference Table, Fully Assembled",Southern Asia,1718.1,618.48
IR-2015-CP208560-42251,Cathy Prescott,"Lesro Conference Table, Fully Assembled",Southern Asia,1718.1,68.7
IN-2015-ED13885144-42279,Emily Ducich,"Harbour Creations Executive Leather Armchair, Adjustable",Southeastern Asia,1719.807,117.657
IN-2017-AG1033059-42928,Alex Grayson,"Breville Refrigerator, Black",Southeastern Asia,1722.2832,539.4432
TU-2016-RA9285134-42664,Ralph Arnett,"Cuisinart Stove, Silver",Western Asia,1724.928,-1293.792
ID-2017-VF21715102-43052,Vicky Freymann,"Novimex Executive Leather Armchair, Red",Southeastern Asia,1725.75,-483.3
IN-2017-KB16405102-42779,Katrina Bavinger,"Novimex Executive Leather Armchair, Adjustable",Southeastern Asia,1726.65,414.3
IN-2014-CC1261027-41835,Corey Catlett,"Bush Stackable Bookrack, Mobile",Eastern Asia,1729.14,483.84
IN-2014-JE1547566-41685,Jeremy Ellison,"Sauder Classic Bookcase, Traditional",Eastern Asia,1743.96,645.24
IN-2015-GP1474058-42149,Guy Phonely,"Chromcraft Conference Table, with Bottom Storage",Southern Asia,1745.34,226.86
IR-2017-TB1125060-43092,Tim Brockman,"Safco Classic Bookcase, Pine",Southern Asia,1758,70.32
SA-2014-RH9555110-41854,Ritsa Hightower,"Ikea Corner Shelving, Mobile",Western Asia,1758.12,228.48
IN-2017-OT1873059-43028,Olvera Toch,"Hewlett Wireless Fax, High-Speed",Southeastern Asia,1759.5135,624.3135
ID-2015-TP2113027-42119,Theone Pippenger,"Barricks Round Table, Fully Assembled",Eastern Asia,1760.43,-326.97
IR-2017-CC237060-43094,Christopher Conant,"Safco Classic Bookcase, Mobile",Southern Asia,1762.68,669.72
IN-2016-JD1579059-42518,John Dryer,"StarTech Card Printer, Wireless",Southeastern Asia,1764.165,127.335
IN-2017-EM1414011-42752,Eugene Moren,"Sharp Wireless Fax, High-Speed",Southern Asia,1770.6,495.75
IN-2015-CC1247566-42302,Cindy Chapman,"Chromcraft Computer Table, with Bottom Storage",Eastern Asia,1773.72,44.22
IN-2014-NG1843027-41981,Nathan Gelder,"Sharp Fax Machine, Laser",Eastern Asia,1773.9,124.02
IN-2015-JG1531027-42294,Jason Gross,"Sharp Wireless Fax, Digital",Eastern Asia,1777.8,657.75
IN-2016-DK1289559-42427,Dana Kaydos,"Sharp Copy Machine, High-Speed",Southeastern Asia,1781.136,-134.064
IN-2017-AF1087027-42878,Art Ferguson,"Eldon Lockers, Blue",Eastern Asia,1781.19,35.37
IN-2017-SV2081527-42989,Stuart Van,"Eldon Lockers, Blue",Eastern Asia,1781.19,35.37
IN-2015-EC1405058-42335,Erin Creighton,"Enermax Router, Erganomic",Southern Asia,1792.98,394.38
IN-2014-SB20290144-41817,Sean Braxton,"Hamilton Beach Stove, Black",Southeastern Asia,1798.6764,86.6364
IN-2016-TC21295130-42693,Toby Carlisle,"Hamilton Beach Stove, Black",Southeastern Asia,1798.6764,86.6364
SA-2017-BT1485110-42944,Brad Thomas,"HP Fax Machine, Laser",Western Asia,1799.64,719.82
IN-2017-SV2078559-42841,Stewart Visinsky,"Smead Lockers, Wire Frame",Southeastern Asia,1803.0837,-130.3863
IN-2017-MC1763559-43040,Matthew Clasen,"Sauder Library with Doors, Pine",Southeastern Asia,1808.757,155.457
IN-2017-RB1946558-43086,Rick Bensley,"Apple Signal Booster, Cordless",Southern Asia,1813.5,145.08
IN-2016-FH1435027-42702,Fred Harton,"Hon Executive Leather Armchair, Adjustable",Eastern Asia,1818.84,654.72
IN-2015-CJ1187527-42316,Carl Jackson,"Bush Library with Doors, Traditional",Eastern Asia,1821.6,655.65
IN-2015-KC1654059-42282,Kelly Collister,"Okidata Inkjet, Wireless",Southeastern Asia,1825.6182,593.7582
IN-2017-MG1789027-43010,Michael Granlund,"Bush Library with Doors, Pine",Eastern Asia,1828.35,438.75
IN-2015-RD1990011-42332,Ruben Dartt,"Brother Copy Machine, High-Speed",Southern Asia,1836.03,752.64
IN-2016-JL1517527-42693,James Lanier,"Chromcraft Conference Table, Adjustable Height",Eastern Asia,1837.206,183.636
ID-2017-GT14710118-43060,Greg Tran,"Hon Executive Leather Armchair, Red",Eastern Asia,1837.56,-114.99
IN-2016-AG1090058-42391,Arthur Gainer,"Hon Executive Leather Armchair, Adjustable",Southern Asia,1838.52,349.2
IN-2016-MF1766527-42678,Maureen Fritzler,"Epson Printer, Durable",Eastern Asia,1839.18,238.98
IN-2017-PG1882027-43065,Patrick Gardner,"Epson Printer, Durable",Eastern Asia,1839.18,238.98
IN-2016-LC1687058-42433,Lena Cacioppo,"SAFCO Executive Leather Armchair, Red",Southern Asia,1845.72,535.2
IN-2016-MC1784558-42702,Michael Chen,"Bevis Conference Table, Fully Assembled",Southern Asia,1850.46,259.02
ID-2015-TH21550130-42364,Tracy Hopkins,"Barricks Computer Table, Fully Assembled",Southeastern Asia,1854.9297,-1294.3503
IN-2015-PN1877527-42257,Parhena Norris,"Office Star Executive Leather Armchair, Adjustable",Eastern Asia,1860,316.2
IN-2016-Dl1360078-42629,Dorris liebe,"Office Star Executive Leather Armchair, Adjustable",Southeastern Asia,1860,316.2
IN-2017-DM1334558-42877,Denise Monton,"Fellowes Lockers, Blue",Southern Asia,1865.97,802.17
IN-2015-CR1262558-42343,Corey Roper,"Office Star Executive Leather Armchair, Black",Southern Asia,1869.72,878.76
IN-2015-BP1123058-42059,Benjamin Patterson,"Office Star Executive Leather Armchair, Red",Southern Asia,1878.72,582.36
IN-2014-SC2069559-41978,Steve Chapman,"Hoover Stove, Black",Southeastern Asia,1885.428,658.668
ID-2014-MP1817527-41820,Mike Pelletier,"Lesro Round Table, Rectangular",Eastern Asia,1888.236,-161.964
IN-2016-FW1439559-42567,Fred Wasserman,"KitchenAid Stove, Silver",Southeastern Asia,1895.388,570.828
GG-2015-SG1047047-42135,Sheri Gordon,"Brother Fax Machine, High-Speed",Western Asia,1900.44,417.96
ID-2017-BV1124527-42963,Benjamin Venier,"Harbour Creations Executive Leather Armchair, Adjustable",Eastern Asia,1904.4,418.92
IN-2016-LR1691558-42630,Lena Radford,"Nokia Smart Phone, Cordless",Southern Asia,1908.45,534.33
ID-2016-CS11950102-42661,Carlos Soltero,"Samsung Smart Phone, Full Size",Southeastern Asia,1912.32,-204
IN-2016-AS1028558-42608,Alejandro Savely,"Apple Smart Phone, Full Size",Southern Asia,1912.5,210.33
IR-2016-AB15060-42702,Aimee Bixby,"Samsung Signal Booster, VoIP",Southern Asia,1913.52,650.58
IN-2014-DP1316558-41903,David Philippe,"Samsung Smart Phone, Cordless",Southern Asia,1917,690.12
IN-2017-CS1184558-43085,Cari Sayre,"Chromcraft Wood Table, Rectangular",Southern Asia,1920.36,652.92
IN-2017-MD1786059-42945,Michael Dominguez,"Sharp Fax Machine, Digital",Southeastern Asia,1922.3379,227.2179
IN-2016-CP1208527-42373,Cathy Prescott,"Sharp Copy Machine, Color",Eastern Asia,1926.72,308.16
IN-2014-DM1295558-41872,Dario Medina,"Motorola Smart Phone, Cordless",Southern Asia,1928.34,77.13
IN-2016-AH1003066-42437,Aaron Hawkins,"Motorola Smart Phone, Full Size",Eastern Asia,1931.94,734.13
IN-2017-JW1595527-42921,Joni Wasserman,"Sauder Library with Doors, Pine",Eastern Asia,1944.9,291.6
IN-2014-DH1367558-41963,Duane Huffman,"Cisco Smart Phone, Full Size",Southern Asia,1954.17,312.66
IN-2017-DW1354078-43088,Don Weiss,"Cisco Smart Phone, Full Size",Southeastern Asia,1954.17,312.66
ID-2016-CS11860102-42589,Cari Schnelling,"Cisco Smart Phone, Cordless",Southeastern Asia,1954.44,-286.68
ID-2017-TT2146059-42916,Tonja Turnell,"Canon Copy Machine, Color",Southeastern Asia,1961.0352,-147.6048
IN-2016-KD1627027-42666,Karen Daniels,"Chromcraft Round Table, with Bottom Storage",Eastern Asia,1961.82,420.3
IN-2015-AG1027027-42015,Alejandro Grove,"Safco Floating Shelf Set, Metal",Eastern Asia,1962,392.4
IN-2017-MC17575130-43009,Matt Collins,"Safco Library with Doors, Pine",Southeastern Asia,1971.3456,-813.6144
ID-2016-JP1546059-42534,Jennifer Patt,"Smead Lockers, Industrial",Southeastern Asia,1981.044,-71.676
IN-2015-RW1969058-42353,Robert Waldorf,"Cuisinart Refrigerator, Silver",Southern Asia,1987.32,298.08
SA-2015-JP6135110-42169,Julie Prescott,"Barricks Round Table, Fully Assembled",Western Asia,2011.92,925.44
IN-2014-PO1919527-41930,Phillina Ober,"Bevis Coffee Table, Adjustable Height",Eastern Asia,2018.331,-576.909
IN-2016-TW2102527-42511,Tamara Willingham,"Sharp Fax and Copier, Digital",Eastern Asia,2018.88,928.44
IR-2016-AG52560-42371,Andy Gerbode,"Motorola Signal Booster, Full Size",Southern Asia,2021.88,323.4
ID-2016-FM1421559-42381,Filia McAdams,"Chromcraft Wood Table, Rectangular",Southeastern Asia,2035.5816,-499.2984
IN-2017-KM1666059-42938,Khloe Miller,"Sauder Classic Bookcase, Mobile",Southeastern Asia,2039.0715,109.6215
IN-2017-AB1060097-42786,Ann Blume,"Ikea Library with Doors, Pine",Southern Asia,2042.544,255.234
IN-2017-DB1306027-43084,Dave Brooks,"Motorola Signal Booster, Cordless",Eastern Asia,2043.72,756
IN-2016-TS2150559-42434,Tony Sayre,"Cuisinart Refrigerator, White",Southeastern Asia,2051.013,667.113
IN-2015-EJ13720113-42338,Ed Jacobs,"Dania Classic Bookcase, Metal",Southeastern Asia,2051.1,40.95
AJ-2016-JL58359-42392,John Lee,"Barricks Wood Table, Rectangular",Western Asia,2058,946.68
IN-2017-HD1478527-43058,Harold Dahlen,"Bush Classic Bookcase, Metal",Eastern Asia,2060.7,886.05
IN-2014-PL1892527-41958,Paul Lucas,"Bush Classic Bookcase, Traditional",Eastern Asia,2063.4,123.75
IN-2017-KD1649527-42906,Keith Dawkins,"Bush Classic Bookcase, Traditional",Eastern Asia,2063.4,123.75
ID-2017-EB1393059-42937,Eric Barreto,"Harbour Creations Executive Leather Armchair, Adjustable",Southeastern Asia,2063.7684,141.1884
IN-2017-MH1744027-43065,Mark Haberlin,"Dania Classic Bookcase, Mobile",Eastern Asia,2066.4,103.2
IN-2017-GM144551-42948,Gary Mitchum,"Bush Classic Bookcase, Pine",Southern Asia,2070.15,848.7
IN-2014-BM1157527-41883,Brendan Murry,"Hon Computer Table, with Bottom Storage",Eastern Asia,2076.606,59.166
IN-2014-TS2137058-41917,Todd Sumrall,"Breville Refrigerator, Red",Southern Asia,2077.32,581.64
IN-2017-PB1880558-43045,Patrick Bzostek,"Breville Refrigerator, Silver",Southern Asia,2080.32,603.24
IN-2017-LM1706527-42996,Liz MacKendrick,"HP Fax Machine, High-Speed",Eastern Asia,2086.98,145.95
ID-2017-DH1307559-42811,Dave Hallsten,"Hamilton Beach Microwave, White",Southeastern Asia,2096.4555,-429.3945
IN-2017-DM1334558-42913,Denise Monton,"Brother Copy Machine, High-Speed",Southern Asia,2098.32,860.16
IN-2017-MG1789056-43074,Michael Granlund,"Hoover Refrigerator, Red",Eastern Asia,2105.04,715.68
IR-2017-TG1164060-42996,Trudy Glocke,"Canon Copy Machine, Color",Southern Asia,2108.64,527.04
IN-2017-MG1789097-42753,Michael Granlund,"Breville Microwave, Silver",Southern Asia,2117.22,-1736.28
IN-2016-KH1651058-42588,Keith Herrera,"Barricks Coffee Table, Fully Assembled",Southern Asia,2120.79,169.47
ID-2014-AH10195102-41967,Alan Haines,"Hamilton Beach Refrigerator, Black",Southeastern Asia,2123.13,-174.87
IN-2017-CD1192059-43057,Carlos Daly,"Hewlett Wireless Fax, Color",Southeastern Asia,2129.4954,938.7954
ID-2017-KM16720102-42986,Kunst Miller,"Bush Classic Bookcase, Pine",Southeastern Asia,2152.956,198.636
IN-2014-SW2035059-41797,Sean Wendt,"Cisco Smart Phone, Full Size",Southeastern Asia,2166.8976,391.4976
ID-2017-SG2089059-42948,Susan Gilcrest,"Cisco Smart Phone, with Caller ID",Southeastern Asia,2172.0768,628.0368
IN-2014-LR1703558-41925,Lisa Ryan,"Panasonic Inkjet, White",Southern Asia,2173.5,260.82
IN-2014-NF1859527-41647,Nicole Fjeld,"Panasonic Inkjet, White",Eastern Asia,2173.5,260.82
IN-2017-SW2027558-42856,Scott Williamson,"Konica Inkjet, White",Southern Asia,2174.13,500.01
IN-2015-MW1822027-42363,Mitch Webber,"Bush Library with Doors, Metal",Eastern Asia,2182.68,174.6
IN-2017-CV1229588-43061,Christina VanderZanden,"Hoover Refrigerator, Red",Southeastern Asia,2183.979,447.279
IN-2015-DW1319558-42302,David Wiener,"Sauder Classic Bookcase, Pine",Southern Asia,2186.7,481.05
ID-2017-DV1304559-43035,Darrin Van Huff,"Safco Library with Doors, Mobile",Southeastern Asia,2189.0898,541.3698
IN-2017-CD1228058-42928,Christina DeMoss,"Safco Classic Bookcase, Traditional",Southern Asia,2190.75,65.7
IN-2017-MP18175144-43059,Mike Pelletier,"KitchenAid Refrigerator, Red",Southeastern Asia,2190.951,316.701
IN-2017-EM1414058-42925,Eugene Moren,"Dania Floating Shelf Set, Metal",Southern Asia,2194.53,438.75
IN-2017-JL1523527-43053,Janet Lee,"Konica Inkjet, Wireless",Eastern Asia,2194.92,1031.52
ID-2016-HJ1487527-42606,Heather Jas,"Lesro Round Table, with Bottom Storage",Eastern Asia,2214.849,-221.571
IN-2016-GZ1447058-42452,Gary Zandusky,"Memorex Router, USB",Southern Asia,2217.78,775.98
ID-2016-EM1396058-42632,Eric Murdock,"Breville Stove, Silver",Southern Asia,2249.16,224.88
ID-2015-KD1627059-42165,Karen Daniels,"Lesro Conference Table, Rectangular",Southeastern Asia,2266.1475,-0.0525
IN-2014-JS1603059-41814,Joy Smith,"Lesro Conference Table, Rectangular",Southeastern Asia,2266.1475,-0.0525
IN-2017-DK1309027-43039,Dave Kipp,"Brother Wireless Fax, Laser",Eastern Asia,2272.86,977.22
IN-2014-SP2062011-41992,Stefania Perrino,"Novimex Executive Leather Armchair, Adjustable",Southern Asia,2277.6,706.05
IN-2017-AF1087058-42821,Art Ferguson,"Novimex Executive Leather Armchair, Black",Southern Asia,2289.75,68.55
IN-2014-RM1937558-41939,Raymond Messe,"Novimex Executive Leather Armchair, Red",Southern Asia,2301,91.95
IN-2017-RA1988527-42765,Ruben Ausman,"Novimex Executive Leather Armchair, Red",Eastern Asia,2301,91.95
IN-2014-DJ13420144-41718,Denny Joy,"KitchenAid Microwave, Black",Southeastern Asia,2313.8325,836.1225
IN-2016-MM1792027-42681,Michael Moore,"Belkin Router, USB",Eastern Asia,2330.64,1025.46
IN-2014-CS1184527-41869,Cari Sayre,"Office Star Executive Leather Armchair, Black",Eastern Asia,2337.15,1098.45
IN-2016-HG1496527-42716,Henry Goldwyn,"Safco Library with Doors, Pine",Eastern Asia,2346.84,258.12
IN-2016-JB1604527-42651,Julia Barnett,"Office Star Executive Leather Armchair, Red",Eastern Asia,2348.4,727.95
IN-2014-Dl13600130-41889,Dorris liebe,"KitchenAid Stove, Black",Southeastern Asia,2363.757,227.757
IN-2015-NZ1856558-42128,Nick Zandusky,"Canon Copy Machine, Color",Southern Asia,2372.22,0
IN-2017-JC15775102-43093,John Castell,"Apple Smart Phone, Cordless",Southeastern Asia,2386.125,381.675
ID-2017-BT11440102-43049,Bobby Trafton,"Hoover Stove, White",Southeastern Asia,2408.0925,339.8925
IN-2017-BE1133527-43007,Bill Eplett,"HP Fax and Copier, Digital",Eastern Asia,2415.42,1134.84
ID-2016-VG2180527-42521,Vivek Grady,"Chromcraft Conference Table, Rectangular",Eastern Asia,2436.672,-487.368
ID-2015-NG18430102-42253,Nathan Gelder,"Cisco Smart Phone, Full Size",Southeastern Asia,2447.55,228.3
ID-2016-SC20695102-42397,Steve Chapman,"Office Star Executive Leather Armchair, Red",Southeastern Asia,2465.82,197.19
IN-2014-SB2017027-41938,Sarah Bern,"Ikea Classic Bookcase, Traditional",Eastern Asia,2470.5,518.76
IN-2017-AC1042027-42881,Alyssa Crouse,"Ikea Classic Bookcase, Traditional",Eastern Asia,2470.5,518.76
IN-2014-MC1757527-41887,Matt Collins,"Dania Classic Bookcase, Pine",Eastern Asia,2472.66,1038.42
IN-2017-SP2065059-43073,Stephanie Phelps,"Hewlett Wireless Fax, Digital",Southeastern Asia,2472.6933,903.9933
IN-2017-KD1634558-42760,Katherine Ducich,"Ikea Classic Bookcase, Mobile",Southern Asia,2485.62,795.24
ID-2015-AM1070559-42265,Anne McFarland,"Hamilton Beach Refrigerator, Black",Southeastern Asia,2487.8088,-269.7912
IN-2017-JK1609058-43019,Juliana Krohn,"KitchenAid Microwave, Silver",Southern Asia,2488.56,348.24
IN-2016-YC2189527-42627,Yoseph Carroll,"Bush Classic Bookcase, Mobile",Eastern Asia,2491.2,1046.16
IN-2014-AG1049527-41978,Andrew Gjertsen,"HP Wireless Fax, Digital",Eastern Asia,2518.95,553.98
IN-2017-SV2093559-43084,Susan Vittorini,"Safco Library with Doors, Metal",Southeastern Asia,2534.0175,136.2375
IN-2014-EP1391559-41779,Emily Phan,"Sauder Library with Doors, Mobile",Southeastern Asia,2539.8765,709.9365
IN-2015-TB2119058-42282,Thomas Brumley,"Samsung Smart Phone, with Caller ID",Southern Asia,2544.6,865.08
IN-2014-MS1736527-41792,Maribeth Schnelling,"Samsung Smart Phone, VoIP",Eastern Asia,2544.96,1068.84
IN-2017-RB1970527-42967,Roger Barcio,"Samsung Smart Phone, VoIP",Eastern Asia,2544.96,1068.84
IN-2017-AF1088558-42953,Art Foster,"Apple Smart Phone, Full Size",Southern Asia,2550,280.44
IN-2014-BG1174078-41838,Bruce Geld,"Nokia Smart Phone, with Caller ID",Southeastern Asia,2555.64,664.44
SA-2015-MS7830110-42180,Melanie Seite,"Barricks Training Table, Adjustable Height",Western Asia,2563.92,820.32
IN-2015-NL1831027-42316,Nancy Lomonaco,"Motorola Smart Phone, Cordless",Eastern Asia,2571.12,102.84
SA-2017-RE9450110-42899,Richard Eichhorn,"Motorola Smart Phone, Cordless",Western Asia,2571.12,179.88
IN-2017-MG1814558-42818,Mike Gockenbach,"Lesro Conference Table, with Bottom Storage",Southern Asia,2572.74,1080.54
IN-2017-NF1838511-43010,Natalie Fritzler,"Motorola Smart Phone, Full Size",Southern Asia,2575.92,978.84
QA-2017-LM7065105-43093,Liz MacKendrick,"Motorola Smart Phone, Full Size",Western Asia,2575.92,772.68
IN-2016-MS1798058-42532,Michael Stewart,"Motorola Smart Phone, with Caller ID",Southern Asia,2582.16,361.44
IN-2017-AP1072058-43015,Anne Pryor,"Motorola Smart Phone, with Caller ID",Southern Asia,2582.16,361.44
IN-2017-JS1603097-42954,Joy Smith,"SAFCO Executive Leather Armchair, Red",Southern Asia,2584.008,290.598
ID-2014-LH17155118-41853,Logan Haushalter,"Dania Library with Doors, Metal",Eastern Asia,2605.392,-553.878
IN-2015-GA1472527-42020,Guy Armstrong,"Cisco Smart Phone, Cordless",Eastern Asia,2605.92,364.8
IN-2017-JF1541527-42826,Jennifer Ferguson,"Bevis Wood Table, with Bottom Storage",Eastern Asia,2614.689,-821.961
SA-2014-MM7260110-41999,Magdelene Morse,"Cisco Smart Phone, with Caller ID",Western Asia,2616.96,1151.4
IN-2015-RO1978058-42026,Rose O'Brian,"KitchenAid Refrigerator, Black",Southern Asia,2636.85,580.05
IN-2014-SC2023058-41811,Scot Coram,"Safco Classic Bookcase, Pine",Southern Asia,2637,184.5
ID-2015-SW2024559-42287,Scot Wooten,"Samsung Smart Phone, Full Size",Southeastern Asia,2645.376,-0.024
ID-2017-AA10480130-42811,Andrew Allen,"Samsung Smart Phone, Full Size",Southeastern Asia,2645.376,-0.024
IN-2017-AC1045058-43042,Amy Cox,"Hon Wood Table, Fully Assembled",Southern Asia,2664,905.7
ID-2015-BN11470130-42363,Brad Norvell,"Motorola Smart Phone, Cordless",Southeastern Asia,2667.537,-417.813
IN-2016-DO13435144-42461,Denny Ordway,"Motorola Smart Phone, Full Size",Southeastern Asia,2672.517,676.167
IN-2017-JF1519021-43072,Jamie Frazer,"Hon Training Table, Fully Assembled",Southeastern Asia,2673.36,1069.2
IN-2015-CS1246058-42339,Chuck Sachs,"Sharp Fax Machine, Color",Southern Asia,2673.81,26.73
IN-2017-RB1943558-42821,Richard Bierner,"Sauder Library with Doors, Pine",Southern Asia,2722.86,408.24
ID-2017-MM1726078-42912,Magdelene Morse,"Novimex Executive Leather Armchair, Black",Southeastern Asia,2747.7,82.26
IN-2014-JK1532527-41760,Jason Klamczynski,"SAFCO Executive Leather Armchair, Black",Eastern Asia,2754,358.02
IN-2015-TT2107058-42281,Ted Trevino,"Hon Executive Leather Armchair, Red",Southern Asia,2756.34,413.28
IN-2016-CM1211578-42514,Chad McGuire,"Novimex Executive Leather Armchair, Red",Southeastern Asia,2761.2,110.34
IN-2017-AP1091527-42975,Arthur Prichep,"Novimex Executive Leather Armchair, Red",Eastern Asia,2761.2,110.34
IN-2015-JR1570058-42171,Jocasta Rupert,"KitchenAid Microwave, Silver",Southern Asia,2799.63,391.77
IN-2017-EM14200102-42981,Evan Minnotte,"Office Star Executive Leather Armchair, Black",Southeastern Asia,2804.58,822.66
IN-2016-PF1912027-42647,Peter Fuller,"Office Star Executive Leather Armchair, Adjustable",Eastern Asia,2819.52,338.22
ID-2015-JS1559559-42005,Jill Stevenson,"Hoover Stove, White",Southeastern Asia,2821.7178,339.8778
IN-2017-HR14770102-43001,Hallie Redmond,"Harbour Creations Executive Leather Armchair, Black",Southeastern Asia,2841.66,189.42
IN-2016-CM1181597-42601,Candace McMahon,"Samsung Smart Phone, VoIP",Southern Asia,2863.08,-458.19
IN-2015-BF1117027-42083,Ben Ferrer,"Ikea Classic Bookcase, Metal",Eastern Asia,2878.47,431.76
IN-2016-JH1591066-42562,Jonathan Howell,"Bush Classic Bookcase, Traditional",Eastern Asia,2888.76,173.25
IN-2017-TS2150527-43017,Tony Sayre,"Bush Classic Bookcase, Mobile",Eastern Asia,2906.4,1220.52
ID-2017-HG1502559-42925,Hunter Glantz,"Safco Library with Doors, Pine",Southeastern Asia,2910.0816,125.1216
ID-2017-PO19180102-42798,Philisse Overcash,"Hewlett Wireless Fax, High-Speed",Southeastern Asia,2951.442,226.962
IR-2016-BS166560-42538,Brian Stugart,"Rogers Lockers, Blue",Southern Asia,2962.68,207.06
IN-2015-AF1088558-42357,Art Foster,"Cuisinart Refrigerator, Black",Southern Asia,2973.06,445.86
ID-2015-BS1138059-42307,Bill Stewart,"Sharp Wireless Fax, Color",Southeastern Asia,2991.1032,-128.7468
IN-2016-SO2033527-42645,Sean O'Donnell,"Hamilton Beach Refrigerator, Red",Eastern Asia,3000.78,1080.18
IR-2016-RD993060-42675,Russell D'Ascenzo,"Canon Wireless Fax, Laser",Southern Asia,3029.28,1484.16
IN-2015-CT1199566-42226,Carol Triggs,"Hewlett Wireless Fax, Digital",Eastern Asia,3038.64,1245.84
IN-2016-ZC2191058-42491,Zuschuss Carroll,"Canon Wireless Fax, Color",Southern Asia,3040.8,1155.36
IN-2017-MG1769527-43025,Maureen Gnade,"Sauder Classic Bookcase, Metal",Eastern Asia,3048.15,1463.07
IN-2017-CS1246011-42805,Chuck Sachs,"Safco Classic Bookcase, Metal",Southern Asia,3063.27,581.91
IN-2015-EM1381058-42038,Eleni McCrary,"Safco Classic Bookcase, Pine",Southern Asia,3076.5,215.25
IN-2014-NC1862511-41771,Noah Childs,"Belkin Router, Erganomic",Southern Asia,3078.72,523.08
TU-2016-DM3345134-42639,Denise Monton,"Motorola Smart Phone, Cordless",Western Asia,3085.344,-4088.376
IN-2017-DO1343558-42872,Denny Ordway,"Bevis Round Table, Rectangular",Southern Asia,3094.56,1423.44
ID-2016-AD1018059-42532,Alan Dominguez,"Harbour Creations Executive Leather Armchair, Red",Southeastern Asia,3126.4002,-128.7198
IZ-2016-JH618061-42472,Justin Hirsh,"KitchenAid Refrigerator, Silver",Western Asia,3172.14,1236.96
IN-2016-DK1298558-42594,Darren Koutras,"Nokia Smart Phone, Full Size",Southern Asia,3180.3,381.6
IN-2016-GM1444027-42526,Gary McGarr,"Samsung Smart Phone, with Caller ID",Eastern Asia,3180.75,1081.35
IN-2016-CS12175130-42519,Charles Sheldon,"Nokia Smart Phone, with Caller ID",Southeastern Asia,3181.7718,344.9718
IN-2015-DL1333058-42058,Denise Leinenbach,"Samsung Smart Phone, Full Size",Southern Asia,3187.2,541.8
IN-2015-MD1786058-42274,Michael Dominguez,"Apple Smart Phone, Full Size",Southern Asia,3187.5,350.55
IN-2017-CR1282058-43025,Cyra Reiten,"Nokia Smart Phone, with Caller ID",Southern Asia,3194.55,830.55
IN-2014-SZ2003527-41951,Sam Zeldin,"Sharp Wireless Fax, Digital",Eastern Asia,3200.04,1183.95
ID-2016-JB1600059-42604,Joy Bell-,"Motorola Smart Phone, Full Size",Southeastern Asia,3200.5962,-77.2038
IN-2017-GW1460527-42820,Giulietta Weimer,"Sharp Wireless Fax, Color",Eastern Asia,3216.24,96.39
IN-2016-BS1138027-42490,Bill Stewart,"Hon Executive Leather Armchair, Adjustable",Eastern Asia,3217.41,611.1
IN-2014-BW1111027-41806,Bart Watters,"Bevis Conference Table, Fully Assembled",Eastern Asia,3238.305,-740.295
IN-2017-BT1168066-43082,Brian Thompson,"Hamilton Beach Stove, White",Eastern Asia,3242.88,421.56
IN-2014-AR1051027-41996,Andrew Roberts,"Cisco Smart Phone, with Caller ID",Eastern Asia,3271.2,1341.15
IN-2017-JW1522058-42832,Jane Waco,"Cisco Smart Phone, with Caller ID",Southern Asia,3271.2,1341.15
IN-2014-CD1192027-41709,Carlos Daly,"Office Star Executive Leather Armchair, Black",Eastern Asia,3272.01,1537.83
IN-2014-KB1660058-41866,Ken Brennan,"Bush Library with Doors, Metal",Southern Asia,3274.02,261.9
IN-2017-JK1612059-42935,Julie Kriz,"Safco Classic Bookcase, Mobile",Southeastern Asia,3278.5848,140.8248
IN-2016-AS1022527-42528,Alan Schoenberger,"Harbour Creations Executive Leather Armchair, Adjustable",Eastern Asia,3298.26,1055.25
ID-2017-DK1289559-43046,Dana Kaydos,"KitchenAid Stove, Black",Southeastern Asia,3309.2598,318.8598
IR-2015-KN670560-42238,Kristina Nunn,"Breville Stove, Red",Southern Asia,3369.24,606.42
ID-2016-TA21385102-42384,Tom Ashbrook,"Hoover Stove, Silver",Southeastern Asia,3386.859,-597.681
IN-2017-QJ1925527-43014,Quincy Jones,"Canon Wireless Fax, High-Speed",Eastern Asia,3391.74,271.08
IN-2016-LB1679558-42624,Laurel Beltran,"Canon Wireless Fax, Laser",Southern Asia,3407.94,613.17
IN-2017-BN1147027-42920,Brad Norvell,"KitchenAid Stove, Black",Eastern Asia,3417.48,854.28
IZ-2017-BD163561-42776,Brian Derr,"KitchenAid Stove, Silver",Western Asia,3425.4,1233
IN-2017-LA1678059-42973,Laura Armstrong,"Bevis Conference Table, with Bottom Storage",Southeastern Asia,3427.1496,-452.8104
ID-2016-SN2056097-42627,Skye Norling,"Apple Smart Phone, Full Size",Southern Asia,3499.155,-3009.435
IN-2015-KH1633059-42219,Katharine Harms,"KitchenAid Refrigerator, Black",Southeastern Asia,3501.7368,210.8568
IN-2015-CA1277558-42278,Cynthia Arntzen,"Chromcraft Computer Table, with Bottom Storage",Southern Asia,3547.44,780.24
IN-2016-CL1189066-42730,Carl Ludwig,"Chromcraft Computer Table, with Bottom Storage",Eastern Asia,3547.44,88.44
IN-2016-AS1022511-42603,Alan Schoenberger,"Ikea Library with Doors, Traditional",Southern Asia,3633.9,108.9
IN-2015-PM1894059-42014,Paul MacIntyre,"Safco Library with Doors, Pine",Southeastern Asia,3637.602,156.402
IN-2014-RO1978027-41782,Rose O'Brian,"Hoover Refrigerator, White",Eastern Asia,3670.8,367.08
IN-2017-MC1742559-43077,Mark Cousins,"Samsung Smart Phone, with Caller ID",Southeastern Asia,3696.0315,756.8715
IN-2016-PF1912027-42527,Peter Fuller,"KitchenAid Microwave, White",Eastern Asia,3701.52,1036.08
IN-2016-FH1427559-42722,Frank Hawley,"Dania Library with Doors, Traditional",Southeastern Asia,3707.352,1554.432
IN-2016-CS1184511-42394,Cari Sayre,"Bush Classic Bookcase, Metal",Southern Asia,3709.26,1594.89
IN-2016-SP20920130-42539,Susan Pistek,"Samsung Smart Phone, Cordless",Southeastern Asia,3712.59,849.87
IN-2016-BK1126011-42671,Berenike Kampe,"Ikea Classic Bookcase, Mobile",Southern Asia,3728.43,1192.86
ID-2015-EM14200130-42232,Evan Minnotte,"Motorola Smart Phone, Full Size",Southeastern Asia,3741.5238,946.6338
IN-2016-AC1045058-42545,Amy Cox,"Cisco Smart Phone, Full Size",Southern Asia,3916.08,1252.98
IN-2017-CP1234058-42933,Christine Phan,"Hamilton Beach Refrigerator, Red",Southern Asia,4001.04,1440.24
IN-2017-BS1180059-42855,Bryan Spruell,"Hamilton Beach Refrigerator, White",Southeastern Asia,4135.641,847.041
IN-2015-JK1573059-42304,Joe Kamberova,"Nokia Smart Phone, with Caller ID",Southeastern Asia,4242.3624,459.9624
IN-2017-LT1676558-42864,Larry Tron,"Lesro Conference Table, Adjustable Height",Southern Asia,4298.85,300.9
IN-2017-MO1780066-43039,Meg O'Connel,"Cuisinart Stove, Red",Eastern Asia,4306.32,1722.48
IN-2014-CL1270058-41956,Craig Leslie,"Motorola Smart Phone, Full Size",Southern Asia,4498.83,674.73
IN-2017-BF1100558-43050,Barry Franz,"Motorola Smart Phone, with Caller ID",Southern Asia,4518.78,632.52
ID-2015-AJ107801-42113,Anthony Jacobs,"Bevis Conference Table, Fully Assembled",Southern Asia,4626.15,647.55
IN-2017-DB1340527-42753,Denny Blanton,"SAFCO Executive Leather Armchair, Black",Eastern Asia,5049,656.37
IN-2016-JL1583527-42576,John Lee,"Cisco Smart Phone, Full Size",Eastern Asia,5211.12,833.76
SA-2017-LC7050110-42967,Liz Carlisle,"Cisco Smart Phone, Full Size",Western Asia,5211.12,1146.24
IN-2015-BT1153058-42061,Bradley Talbott,"Barricks Conference Table, Fully Assembled",Southern Asia,5451.3,327.06
IN-2017-VG2180558-43004,Vivek Grady,"Sauder Classic Bookcase, Traditional",Southern Asia,5667.87,2097.03
IN-2014-Dp1324027-41953,Dean percer,"Nokia Smart Phone, Cordless",Eastern Asia,5725.35,1602.99
IN-2015-CM1216027-42236,Charles McCrossin,"Apple Smart Phone, Full Size",Eastern Asia,5737.5,630.99
IN-2016-CA1277558-42533,Cynthia Arntzen,"Apple Smart Phone, with Caller ID",Southern Asia,5751.54,2817.99
ID-2014-CA1196566-41680,Carol Adams,"Samsung Smart Phone, VoIP",Eastern Asia,6998.64,2939.31
